# This file uses centimeters as units for non-parametric coordinates.

mtllib RoomModel.mtl
g default
v -12.000000 0.000000 12.000000
v 12.000000 0.000000 12.000000
v -12.000000 1.231452 12.000000
v 12.000000 1.231452 12.000000
v -12.000000 1.231452 11.500000
v 12.000000 1.231452 11.500000
v -12.000000 0.000000 11.500000
v 12.000000 0.000000 11.500000
v -12.000000 1.450321 12.000000
v 12.000000 1.450321 12.000000
v 12.000000 1.450321 11.665068
v -12.000000 1.450321 11.665068
v -12.000000 16.602163 12.000000
v 12.000000 16.602163 12.000000
v 12.000000 16.602163 11.665068
v -12.000000 16.602163 11.665068
vt 0.968439 0.766429
vt 0.971798 0.766429
vt 0.971798 0.777586
vt 0.968439 0.777586
vt 0.970689 0.779569
vt 0.968439 0.779569
vt 0.970689 0.916848
vt 0.968439 0.916848
vt 0.973825 0.766429
vt 0.977184 0.766429
vt 0.977184 0.777586
vt 0.973825 0.777586
vt 0.977184 0.779569
vt 0.974934 0.779569
vt 0.977184 0.916848
vt 0.974934 0.916848
vt 0.850345 0.989179
vt 0.850345 0.827955
vt 0.852014 0.827955
vt 0.852014 0.989179
vt 0.963053 0.983874
vt 0.963053 0.766429
vt 0.966412 0.766429
vt 0.966412 0.983874
vt 0.766453 0.989179
vt 0.766453 0.827955
vt 0.772587 0.827955
vt 0.772587 0.989179
vt 0.773677 0.827955
vt 0.773677 0.989179
vt 0.849145 0.827955
vt 0.849145 0.989179
vt 0.929807 0.989179
vt 0.929807 0.827955
vt 0.935941 0.827955
vt 0.935941 0.989179
vt 0.928717 0.989179
vt 0.928717 0.827955
vt 0.853250 0.989179
vt 0.853250 0.827955
vn 0.000000 0.000000 1.000000
vn 0.000000 0.000000 1.000000
vn 0.000000 0.000000 1.000000
vn 0.000000 0.000000 1.000000
vn 0.000000 1.000000 0.000000
vn 0.000000 1.000000 0.000000
vn 0.000000 1.000000 0.000000
vn 0.000000 1.000000 0.000000
vn 0.000000 0.113085 -0.993585
vn 0.000000 0.113085 -0.993585
vn 0.000000 0.000000 -1.000000
vn 0.000000 0.000000 -1.000000
vn 0.000000 -1.000000 0.000000
vn 0.000000 -1.000000 0.000000
vn 0.000000 -1.000000 0.000000
vn 0.000000 -1.000000 0.000000
vn 1.000000 0.000000 0.000000
vn 1.000000 0.000000 0.000000
vn 1.000000 0.000000 0.000000
vn 1.000000 0.000000 0.000000
vn -1.000000 0.000000 0.000000
vn -1.000000 0.000000 0.000000
vn -1.000000 0.000000 0.000000
vn -1.000000 0.000000 0.000000
vn 0.000000 0.000000 1.000000
vn 0.000000 0.000000 1.000000
vn 1.000000 0.000000 0.000000
vn 1.000000 0.000000 0.000000
vn 0.000000 0.602137 -0.798393
vn 0.000000 0.602137 -0.798393
vn -1.000000 0.000000 0.000000
vn -1.000000 0.000000 0.000000
vn 0.000000 0.000000 1.000000
vn 0.000000 0.000000 1.000000
vn 1.000000 0.000000 0.000000
vn 1.000000 0.000000 0.000000
vn 0.000000 0.000000 -1.000000
vn 0.000000 0.000000 -1.000000
vn 0.000000 0.000000 -1.000000
vn 0.000000 0.000000 -1.000000
vn -1.000000 0.000000 0.000000
vn -1.000000 0.000000 0.000000
s 1
g Wall_1
usemtl initialShadingGroup
f 1/25/1 2/26/2 4/27/3 3/28/4
s off
f 13/17/5 14/18/6 15/19/7 16/20/8
s 2
f 5/33/9 6/34/10 8/35/11 7/36/12
s off
f 7/21/13 8/22/14 2/23/15 1/24/16
s 3
f 2/1/17 8/2/18 6/3/19 4/4/20
s 4
f 7/9/21 1/10/22 3/11/23 5/12/24
s 1
f 3/28/4 4/27/3 10/29/25 9/30/26
s 3
f 4/4/20 6/3/19 11/5/27 10/6/28
s 2
f 6/34/10 5/33/9 12/37/29 11/38/30
s 4
f 5/12/24 3/11/23 9/13/31 12/14/32
s 1
f 9/30/26 10/29/25 14/31/33 13/32/34
s 3
f 10/6/28 11/5/27 15/7/35 14/8/36
s off
f 11/38/37 12/37/38 16/39/39 15/40/40
s 4
f 12/14/32 9/13/31 13/15/41 16/16/42
g default
v -10.999998 0.000000 11.000000
v 1.000002 0.000000 11.000000
v -11.000000 0.390242 11.000000
v 1.000002 0.390242 11.000000
v -11.000000 0.390242 7.000000
v 1.000000 0.390242 7.000000
v -11.000000 0.000000 7.000000
v 1.000000 0.000000 7.000000
v 1.437980 0.000000 7.000000
v 1.437980 0.000000 11.000000
v 1.437980 0.390242 7.000000
v 1.437980 0.390242 11.000000
v -11.437981 0.000000 7.000000
v -11.437979 0.000000 11.000000
v -11.437979 0.390242 11.000000
v -11.437981 0.390242 7.000000
v 1.000000 5.288215 11.000000
v 1.000000 5.288215 7.000000
v 1.437980 5.288215 11.000000
v 1.437980 5.288215 7.000000
v -11.000000 5.288215 11.000000
v -11.000000 5.288215 7.000000
v -11.437981 5.288215 7.000000
v -11.437981 5.288215 11.000000
v 1.000000 0.390242 11.000000
v 1.437980 0.390242 11.000000
v 1.437980 5.288215 11.000000
v 1.000000 5.288215 11.000000
v -11.000000 0.390242 11.000000
v -11.437981 0.390242 11.000000
v -11.000000 5.288215 11.000000
v -11.437981 5.288215 11.000000
v -10.999998 0.000000 11.304453
v 1.000002 0.000000 11.304453
v 1.000002 0.390242 11.304453
v -10.999998 0.390242 11.304453
v -11.437979 0.390242 11.304453
v -11.437979 0.000000 11.304453
v 1.000000 0.390242 11.304453
v 1.437980 0.390242 11.304453
v 1.437980 5.288215 11.304453
v 1.000000 5.288215 11.304453
v -11.000000 0.390242 11.304453
v -11.437981 0.390242 11.304453
v -11.000000 5.288215 11.304453
v -11.437981 5.288215 11.304453
v -10.999998 5.288216 11.000000
v 1.000002 5.288216 11.000000
v -10.999998 5.288216 11.304453
v 1.000002 5.288216 11.304453
v -10.999998 5.288215 11.000000
v 1.000002 5.288215 11.000000
v -11.000000 5.678456 11.000000
v 1.000002 5.678456 11.000000
v 1.437980 5.288215 7.000000
v 1.437980 5.288215 11.000000
v 1.437980 5.678456 7.000000
v 1.437980 5.678456 11.000000
v -11.437981 5.288215 7.000000
v -11.437979 5.288215 11.000000
v -11.437979 5.678456 11.000000
v -11.437981 5.678456 7.000000
v 1.000000 10.576429 11.000000
v 1.000000 10.576429 7.000000
v 1.437980 10.576429 11.000000
v 1.437979 10.576429 7.000000
v -11.000000 10.576429 11.000000
v -11.000000 10.576429 7.000000
v -11.437981 10.576429 7.000000
v -11.437981 10.576429 11.000000
v 1.000000 5.678456 11.000000
v 1.437980 5.678456 11.000000
v 1.437980 10.576429 11.000000
v 1.000000 10.576429 11.000000
v -11.000000 5.678456 11.000000
v -11.437981 5.678456 11.000000
v -11.000000 10.576429 11.000000
v -11.437981 10.576429 11.000000
v -10.999998 5.288215 11.304453
v 1.000002 5.288215 11.304453
v 1.000002 5.678456 11.304453
v -10.999998 5.678456 11.304453
v -11.437979 5.678456 11.304453
v -11.437979 5.288215 11.304453
v 1.000000 5.678456 11.304453
v 1.437980 5.678456 11.304453
v 1.437980 10.576429 11.304453
v 1.000000 10.576429 11.304453
v -11.000000 5.678456 11.304453
v -11.437981 5.678456 11.304453
v -11.000000 10.576429 11.304453
v -11.437981 10.576429 11.304453
v -10.999998 10.576430 11.000000
v 1.000002 10.576430 11.000000
v -10.999998 10.576430 11.304453
v 1.000002 10.576430 11.304453
v -11.000000 10.966671 11.000000
v 1.000000 10.966671 11.000000
v 1.437980 10.576429 11.000000
v 1.437979 10.966671 7.000000
v 1.437980 10.966671 11.000000
v -11.437981 10.576429 11.000000
v -11.437981 10.966671 11.000000
v -11.437981 10.966671 7.000000
v 1.000000 15.864644 11.000000
v 0.999999 15.864644 7.000000
v 1.437980 15.864644 11.000000
v 1.437979 15.864644 7.000000
v -11.000000 15.864644 11.000000
v -11.000000 15.864644 7.000000
v -11.437981 15.864644 7.000000
v -11.437981 15.864644 11.000000
v 1.000000 10.966671 11.000000
v 1.437980 10.966671 11.000000
v 1.437980 15.864644 11.000000
v 1.000000 15.864644 11.000000
v -11.000000 10.966671 11.000000
v -11.437981 10.966671 11.000000
v -11.000000 15.864644 11.000000
v -11.437981 15.864644 11.000000
v -11.000000 10.576429 11.304453
v 1.000000 10.576429 11.304453
v 1.000000 10.966671 11.304453
v -11.000000 10.966671 11.304453
v -11.437981 10.966671 11.304453
v -11.437981 10.576429 11.304453
v 1.000000 10.966671 11.304453
v 1.437980 10.966671 11.304453
v 1.437980 15.864644 11.304453
v 1.000000 15.864644 11.304453
v -11.000000 10.966671 11.304453
v -11.437981 10.966671 11.304453
v -11.000000 15.864644 11.304453
v -11.437981 15.864644 11.304453
v -11.000000 15.864645 11.000000
v 1.000000 15.864645 11.000000
v -11.000000 15.864645 11.304453
v 1.000000 15.864645 11.304453
v -11.437981 15.864644 11.304453
v 1.437981 15.864644 11.304453
v -11.437981 16.235575 11.304453
v 1.437981 16.235575 11.304453
v -11.000000 5.776804 7.000000
v -11.000000 5.678456 7.092723
v -11.000000 5.585733 7.000000
v -11.098348 5.678456 7.000000
v 1.000000 5.776804 7.000000
v 1.098348 5.678456 7.000000
v 1.000000 5.585733 7.000000
v 1.000000 5.678456 7.092723
v -11.065565 5.288215 7.000000
v -11.000000 5.380938 7.000000
v -11.000000 5.288215 7.092723
v 1.065565 5.288215 7.000000
v 1.000000 5.288215 7.092723
v 1.000000 5.380938 7.000000
v -11.000000 11.065019 7.000000
v -11.000000 10.966671 7.092723
v -11.000000 10.873947 7.000000
v -11.098348 10.966671 7.000000
v 1.000000 11.065019 7.000000
v 1.098348 10.966671 7.000000
v 1.000000 10.873947 7.000000
v 1.000000 10.966671 7.092723
v -11.065565 10.576429 7.000000
v -11.000000 10.669153 7.000000
v -11.000000 10.576429 7.092723
v 1.065565 10.576429 7.000000
v 1.000000 10.576429 7.092723
v 1.000000 10.669153 7.000000
v -11.437981 16.142851 7.000000
v -11.437981 16.235575 7.092723
v 1.437981 16.142851 7.000000
v 1.437981 16.235575 7.092723
v -11.437981 15.864644 7.092723
v -11.437981 15.957368 7.000000
v 1.437981 15.864644 7.092723
v 1.437981 15.957368 7.000000
v 1.232017 10.576429 7.000000
v 1.256422 10.966671 7.000000
v -11.437981 10.789116 7.000000
v -11.437981 10.789116 11.000000
v -11.437981 10.789116 11.304453
v -11.000000 10.789116 11.304453
v 1.000000 10.789116 11.304453
v 1.000000 10.789116 11.000000
v 1.437980 10.789116 11.000000
v 1.437979 10.789116 7.000000
v 1.083432 10.789116 7.000000
v 1.000000 10.780767 7.000000
v -11.000000 10.780767 7.000000
v -11.083431 10.789116 7.000000
v 1.260706 10.789116 7.000000
v -11.437981 4.197052 11.304453
v -11.437981 4.197052 11.000000
v -11.437981 4.197052 11.000000
v -11.437981 4.197052 7.000000
v -11.000000 4.197052 7.000000
v -11.000000 4.197052 11.000000
v -11.000000 4.197052 11.000000
v -11.000000 4.197052 11.304453
vt 0.562413 0.957360
vt 0.560585 0.957360
vt 0.560585 0.957360
vt 0.562413 0.957360
vt 0.560585 0.957360
vt 0.560585 0.957360
vt 0.562413 0.957360
vt 0.562413 0.957360
vt 0.560585 0.957360
vt 0.560585 0.957360
vt 0.560585 0.957360
vt 0.560585 0.957360
vt 0.562413 0.957360
vt 0.562413 0.957360
vt 0.562413 0.957360
vt 0.562413 0.957360
vt 0.566069 0.919449
vt 0.564241 0.919449
vt 0.564241 0.919449
vt 0.566069 0.919449
vt 0.564241 0.919449
vt 0.564241 0.919449
vt 0.566069 0.919449
vt 0.566069 0.919449
vt 0.564241 0.919449
vt 0.564241 0.919449
vt 0.564241 0.919449
vt 0.564241 0.919449
vt 0.566069 0.919449
vt 0.566069 0.919449
vt 0.566069 0.919449
vt 0.566069 0.919449
vt 0.569725 0.939569
vt 0.567897 0.919449
vt 0.567897 0.919449
vt 0.569725 0.939569
vt 0.567897 0.919449
vt 0.567897 0.919449
vt 0.569725 0.939569
vt 0.569725 0.939569
vt 0.567897 0.919449
vt 0.567897 0.919449
vt 0.567897 0.919449
vt 0.567897 0.919449
vt 0.569725 0.939569
vt 0.569725 0.939569
vt 0.569725 0.939569
vt 0.569725 0.939569
vt 0.562413 0.957360
vt 0.562413 0.957360
vt 0.562413 0.957360
vt 0.562413 0.957360
vt 0.027398 0.666350
vt 0.048043 0.666350
vt 0.048043 0.668364
vt 0.027398 0.668364
vt 0.048043 0.693644
vt 0.027398 0.693644
vt 0.061202 0.699164
vt 0.081847 0.699164
vt 0.081847 0.701179
vt 0.061202 0.701179
vt 0.083419 0.699164
vt 0.083419 0.701179
vt 0.081847 0.720827
vt 0.061202 0.720827
vt 0.081847 0.726459
vt 0.061202 0.726459
vt 0.127535 0.696760
vt 0.148181 0.696760
vt 0.148181 0.722040
vt 0.127535 0.722040
vt 0.105575 0.696760
vt 0.126220 0.696760
vt 0.126220 0.716408
vt 0.105575 0.716408
vt 0.126220 0.722040
vt 0.105575 0.722040
vt 0.614407 0.885234
vt 0.614407 0.887438
vt 0.612687 0.887438
vt 0.612687 0.885234
vt 0.614407 0.915103
vt 0.612687 0.915103
vt 0.740065 0.779055
vt 0.740065 0.863190
vt 0.734836 0.863190
vt 0.734836 0.779055
vt 0.725230 0.863190
vt 0.725230 0.779055
vt 0.730460 0.779055
vt 0.730460 0.863190
vt 0.720855 0.779055
vt 0.720855 0.844446
vt 0.715625 0.844446
vt 0.715625 0.779055
vt 0.720855 0.863190
vt 0.715625 0.863190
vt 0.706020 0.844446
vt 0.706020 0.779055
vt 0.711250 0.779055
vt 0.711250 0.844446
vt 0.706020 0.863190
vt 0.711250 0.863190
vt 0.696415 0.779055
vt 0.701644 0.779055
vt 0.701644 0.863190
vt 0.696415 0.863190
vt 0.361058 0.633431
vt 0.386685 0.633431
vt 0.386685 0.635931
vt 0.361058 0.635931
vt 0.386685 0.667311
vt 0.361058 0.667311
vt 0.388534 0.633431
vt 0.414161 0.633431
vt 0.414161 0.635931
vt 0.388534 0.635931
vt 0.416112 0.633431
vt 0.416112 0.635931
vt 0.414161 0.667311
vt 0.388534 0.667311
vt 0.327907 0.642112
vt 0.352940 0.642112
vt 0.353534 0.642742
vt 0.353534 0.673492
vt 0.327907 0.673492
vt 0.353534 0.642112
vt 0.353534 0.641518
vt 0.667880 0.885234
vt 0.667880 0.887438
vt 0.666161 0.887438
vt 0.666161 0.885234
vt 0.667880 0.915103
vt 0.666161 0.915103
vt 0.438628 0.632729
vt 0.438628 0.664109
vt 0.436678 0.664109
vt 0.436678 0.632729
vt 0.677204 0.863190
vt 0.677204 0.779055
vt 0.682434 0.779055
vt 0.682434 0.863190
vt 0.683212 0.827590
vt 0.683212 0.855255
vt 0.681493 0.855255
vt 0.681493 0.827590
vt 0.425930 0.664109
vt 0.425930 0.632729
vt 0.427881 0.632729
vt 0.427881 0.664109
vt 0.648389 0.779055
vt 0.653618 0.779055
vt 0.653618 0.863190
vt 0.648389 0.863190
vt 0.086628 0.795076
vt 0.113552 0.795076
vt 0.113552 0.796271
vt 0.086628 0.796271
vt 0.086628 0.793645
vt 0.113552 0.793645
vt 0.113552 0.829240
vt 0.086628 0.829240
vt 0.115494 0.795076
vt 0.142419 0.795076
vt 0.142419 0.796271
vt 0.115494 0.796271
vt 0.115494 0.793645
vt 0.142419 0.793645
vt 0.144468 0.795076
vt 0.144468 0.796271
vt 0.142419 0.829240
vt 0.115494 0.829240
vt 0.144468 0.793645
vt 0.167795 0.897388
vt 0.194095 0.897388
vt 0.194720 0.898050
vt 0.194720 0.930357
vt 0.167795 0.930357
vt 0.194720 0.897388
vt 0.194720 0.896764
vt 0.721354 0.888909
vt 0.721354 0.889912
vt 0.719634 0.889912
vt 0.719634 0.888909
vt 0.721354 0.917577
vt 0.719634 0.917577
vt 0.721354 0.887708
vt 0.719634 0.887708
vt 0.146431 0.897093
vt 0.146431 0.972244
vt 0.141760 0.972244
vt 0.141760 0.897093
vt 0.629178 0.863190
vt 0.629178 0.779055
vt 0.634408 0.779055
vt 0.634408 0.863190
vt 0.624803 0.779055
vt 0.624803 0.863190
vt 0.619573 0.863190
vt 0.619573 0.779055
vt 0.130492 0.972244
vt 0.130492 0.897093
vt 0.135164 0.897093
vt 0.135164 0.972244
vt 0.600363 0.779055
vt 0.605592 0.779055
vt 0.605592 0.863190
vt 0.600363 0.863190
vt 0.118891 0.963138
vt 0.118891 0.898515
vt 0.120314 0.897093
vt 0.123160 0.897093
vt 0.124582 0.898515
vt 0.124582 0.963138
vt 0.294399 0.643360
vt 0.294993 0.642730
vt 0.320026 0.642730
vt 0.320026 0.674110
vt 0.294399 0.674110
vt 0.294399 0.642730
vt 0.294399 0.642136
vt 0.149985 0.797436
vt 0.150609 0.796774
vt 0.176909 0.796774
vt 0.176909 0.829743
vt 0.149985 0.829743
vt 0.149985 0.796774
vt 0.149985 0.796150
vt 0.110714 0.963138
vt 0.109292 0.961715
vt 0.109292 0.897093
vt 0.114983 0.897093
vt 0.114983 0.961715
vt 0.113560 0.963138
vt 0.556538 0.957360
vt 0.556538 0.957883
vt 0.556014 0.957360
vt 0.558299 0.957360
vt 0.558823 0.957360
vt 0.558299 0.957883
vt 0.107588 0.665494
vt 0.107588 0.603558
vt 0.128234 0.603558
vt 0.128234 0.665494
vt 0.048206 0.603562
vt 0.048206 0.541626
vt 0.068852 0.541626
vt 0.068852 0.603562
vt 0.048206 0.539365
vt 0.068852 0.539365
vt 0.070423 0.541626
vt 0.070423 0.603562
vt 0.068852 0.605823
vt 0.048206 0.605823
vt 0.070423 0.605823
vt 0.566970 0.847765
vt 0.566970 0.779055
vt 0.574493 0.779055
vt 0.574493 0.847765
vt 0.588171 0.916039
vt 0.588171 0.938633
vt 0.585697 0.938633
vt 0.585697 0.916039
vt 0.648730 0.816518
vt 0.648730 0.884298
vt 0.647011 0.884298
vt 0.647011 0.816518
vt 0.564965 0.916039
vt 0.564965 0.918513
vt 0.563245 0.918513
vt 0.563245 0.916039
vt 0.560087 0.956424
vt 0.560087 0.953950
vt 0.561806 0.953950
vt 0.561806 0.956424
vt 0.558648 0.953950
vt 0.558648 0.956424
vt 0.556928 0.956424
vt 0.556928 0.953950
vt 0.553770 0.956424
vt 0.553770 0.953950
vt 0.555489 0.953950
vt 0.555489 0.956424
vt 0.552331 0.953950
vt 0.552331 0.956424
vt 0.550611 0.956424
vt 0.550611 0.953950
vt 0.336091 0.632369
vt 0.336091 0.555489
vt 0.361124 0.555489
vt 0.361124 0.632369
vt 0.361718 0.632369
vt 0.361718 0.555489
vt 0.082587 0.600442
vt 0.082587 0.538506
vt 0.102753 0.538506
vt 0.102753 0.600442
vt 0.082108 0.600442
vt 0.082108 0.538506
vt 0.082108 0.538167
vt 0.082108 0.536245
vt 0.102753 0.536245
vt 0.104325 0.538506
vt 0.104325 0.600442
vt 0.082108 0.600780
vt 0.102753 0.602703
vt 0.082108 0.602703
vt 0.104325 0.602703
vt 0.581784 0.938633
vt 0.581784 0.916039
vt 0.584258 0.916039
vt 0.584258 0.938633
vt 0.580345 0.916039
vt 0.580345 0.938633
vt 0.577872 0.938633
vt 0.577872 0.916039
vt 0.592436 0.816518
vt 0.592436 0.884298
vt 0.590716 0.884298
vt 0.590716 0.816518
vt 0.545529 0.953950
vt 0.545529 0.956424
vt 0.543810 0.956424
vt 0.543810 0.953950
vt 0.540652 0.956424
vt 0.540652 0.953950
vt 0.542371 0.953950
vt 0.542371 0.956424
vt 0.539213 0.953950
vt 0.539213 0.956424
vt 0.537493 0.956424
vt 0.537493 0.953950
vt 0.534335 0.956424
vt 0.534335 0.953950
vt 0.536054 0.953950
vt 0.536054 0.956424
vt 0.534836 0.957360
vt 0.534836 0.959834
vt 0.533117 0.959834
vt 0.533117 0.957360
vt 0.044042 0.880357
vt 0.044042 0.799584
vt 0.070342 0.799584
vt 0.070342 0.880357
vt 0.070966 0.880357
vt 0.070966 0.799584
vt 0.418388 0.616309
vt 0.418388 0.539428
vt 0.443421 0.539428
vt 0.443421 0.616309
vt 0.417794 0.616309
vt 0.417794 0.539428
vt 0.417794 0.539008
vt 0.417794 0.537941
vt 0.417794 0.536622
vt 0.443421 0.536622
vt 0.445371 0.539428
vt 0.445371 0.616309
vt 0.417794 0.616729
vt 0.443421 0.619115
vt 0.417794 0.619115
vt 0.445371 0.619115
vt 0.090355 0.961098
vt 0.090355 0.899724
vt 0.097075 0.899724
vt 0.097075 0.961098
vt 0.572520 0.916039
vt 0.572520 0.938633
vt 0.570046 0.938633
vt 0.570046 0.916039
vt 0.536141 0.816518
vt 0.536141 0.884298
vt 0.534422 0.884298
vt 0.534422 0.816518
vt 0.541737 0.957360
vt 0.541737 0.959834
vt 0.540018 0.959834
vt 0.540018 0.957360
vt 0.543217 0.959834
vt 0.543217 0.957360
vt 0.544937 0.957360
vt 0.544937 0.959834
vt 0.548136 0.957360
vt 0.548136 0.959834
vt 0.546416 0.959834
vt 0.546416 0.957360
vt 0.549616 0.959834
vt 0.549616 0.957360
vt 0.551335 0.957360
vt 0.551335 0.959834
vt 0.554535 0.957360
vt 0.554535 0.959834
vt 0.552815 0.959834
vt 0.552815 0.957360
vt 0.135535 0.881332
vt 0.135535 0.841353
vt 0.148612 0.841353
vt 0.148612 0.881332
vt 0.148900 0.881332
vt 0.148900 0.841353
vt 0.151651 0.881332
vt 0.151651 0.841353
vt 0.164728 0.841353
vt 0.164728 0.881332
vt 0.151363 0.881332
vt 0.151363 0.841353
vt 0.148532 0.626180
vt 0.148532 0.521065
vt 0.151951 0.521065
vt 0.151951 0.626180
vt 0.194855 0.521065
vt 0.194855 0.626180
vt 0.151951 0.630017
vt 0.148532 0.630017
vt 0.136366 0.671385
vt 0.136366 0.598605
vt 0.138733 0.598605
vt 0.138733 0.671385
vt 0.136366 0.595949
vt 0.138733 0.595949
vt 0.138733 0.674042
vt 0.136366 0.674042
vt 0.106660 0.598605
vt 0.106660 0.595949
vt 0.113278 0.674042
vt 0.113278 0.671385
vt 0.106660 0.674042
vt 0.106660 0.671385
vt 0.568608 0.918513
vt 0.566403 0.918513
vt 0.566403 0.916039
vt 0.568608 0.916039
vt 0.103387 0.603558
vt 0.103387 0.665494
vt 0.078107 0.665494
vt 0.078107 0.603558
vt 0.388329 0.918924
vt 0.388329 0.767202
vt 0.393263 0.767202
vt 0.393263 0.918924
vt 0.455191 0.767202
vt 0.455191 0.918924
vt 0.393263 0.924462
vt 0.388329 0.924462
vt 0.400164 0.618949
vt 0.400164 0.542068
vt 0.401476 0.542068
vt 0.401476 0.618949
vt 0.402071 0.541648
vt 0.399570 0.541438
vt 0.399570 0.619579
vt 0.402071 0.619369
vt 0.399570 0.539262
vt 0.402071 0.539262
vt 0.402071 0.618949
vt 0.402071 0.621755
vt 0.399570 0.621755
vt 0.398940 0.542068
vt 0.368190 0.542068
vt 0.368190 0.539262
vt 0.398940 0.618949
vt 0.368190 0.621755
vt 0.368190 0.618949
vt 0.549173 0.956424
vt 0.546968 0.956424
vt 0.546968 0.953950
vt 0.549173 0.953950
vt 0.330876 0.555489
vt 0.330876 0.632369
vt 0.299496 0.632369
vt 0.299496 0.555489
vt 0.291403 0.936658
vt 0.291403 0.769851
vt 0.293870 0.769851
vt 0.293870 0.936658
vt 0.288446 0.936658
vt 0.288446 0.769851
vt 0.361957 0.769851
vt 0.361957 0.936658
vt 0.293870 0.942747
vt 0.291403 0.942747
vt 0.288446 0.942747
vt 0.127681 0.879365
vt 0.127681 0.842106
vt 0.127971 0.842106
vt 0.127971 0.879365
vt 0.127945 0.841847
vt 0.127393 0.841801
vt 0.128317 0.842106
vt 0.128317 0.879365
vt 0.127393 0.879671
vt 0.127945 0.879624
vt 0.128605 0.841902
vt 0.127393 0.841310
vt 0.127945 0.841297
vt 0.128605 0.879569
vt 0.127945 0.880725
vt 0.127393 0.880725
vt 0.127945 0.840746
vt 0.128605 0.840746
vt 0.128605 0.841386
vt 0.127393 0.840746
vt 0.127088 0.842106
vt 0.112186 0.842106
vt 0.112186 0.840746
vt 0.128605 0.880725
vt 0.127088 0.879365
vt 0.112186 0.880725
vt 0.112186 0.879365
vt 0.538566 0.959834
vt 0.537563 0.959834
vt 0.537563 0.957360
vt 0.538566 0.957360
vt 0.536361 0.959834
vt 0.536361 0.957360
vt 0.071691 0.881473
vt 0.071691 0.962247
vt 0.038722 0.962247
vt 0.038722 0.881473
vt 0.133525 0.881332
vt 0.133525 0.841353
vt 0.134677 0.841353
vt 0.134677 0.881332
vt 0.149856 0.881332
vt 0.149856 0.841353
vt 0.150431 0.841353
vt 0.150431 0.881332
vn 0.000000 0.000000 1.000000
vn 0.000000 0.000000 1.000000
vn 0.000000 0.000000 1.000000
vn 0.000000 0.000000 1.000000
vn 0.000000 1.000000 0.000000
vn 0.000000 1.000000 0.000000
vn 0.000000 1.000000 0.000000
vn 0.000000 1.000000 0.000000
vn 0.000000 0.000000 -1.000000
vn 0.000000 0.000000 -1.000000
vn 0.000000 0.000000 -1.000000
vn 0.000000 0.000000 -1.000000
vn 0.000000 -1.000000 0.000000
vn 0.000000 -1.000000 0.000000
vn 0.000000 -1.000000 0.000000
vn 0.000000 -1.000000 0.000000
vn 1.000000 0.000000 0.000000
vn 1.000000 0.000000 0.000000
vn 1.000000 0.000000 0.000000
vn 1.000000 0.000000 0.000000
vn -1.000000 0.000000 0.000000
vn -1.000000 0.000000 0.000000
vn -1.000000 -0.000000 0.000000
vn -1.000000 -0.000000 0.000000
vn 0.000000 -1.000000 0.000000
vn 0.000000 -1.000000 0.000000
vn 0.000000 0.000000 -1.000000
vn 0.000000 0.000000 -1.000000
vn 0.000000 1.000000 0.000000
vn 0.000000 1.000000 0.000000
vn 0.000000 1.000000 0.000000
vn 0.000000 1.000000 0.000000
vn 0.000000 0.000000 1.000000
vn 0.000000 0.000000 1.000000
vn 0.000000 0.000000 1.000000
vn 0.000000 0.000000 1.000000
vn 0.000000 -1.000000 0.000000
vn 0.000000 -1.000000 0.000000
vn 0.000000 0.000000 1.000000
vn 0.000000 0.000000 1.000000
vn 0.000000 1.000000 0.000000
vn 0.000000 1.000000 0.000000
vn 0.000000 1.000000 0.000000
vn 0.000000 1.000000 0.000000
vn 0.000000 0.000000 -1.000000
vn 0.000000 0.000000 -1.000000
vn -1.000000 -0.000000 0.000000
vn -1.000000 -0.000000 0.000000
vn -1.000000 -0.000000 0.000000
vn -1.000000 -0.000000 0.000000
vn 1.000000 0.000000 0.000000
vn 1.000000 0.000000 0.000000
vn 0.000000 0.000000 -1.000000
vn 0.000000 0.000000 -1.000000
vn 1.000000 0.000000 0.000000
vn 1.000000 0.000000 0.000000
vn 1.000000 0.000000 0.000000
vn 1.000000 0.000000 0.000000
vn 0.000000 0.000000 -1.000000
vn 0.000000 0.000000 -1.000000
vn -1.000000 -0.000000 0.000000
vn -1.000000 -0.000000 0.000000
vn 0.000000 0.000000 0.000000
vn 0.000000 0.000000 0.000000
vn 0.000000 0.000000 0.000000
vn 0.000000 0.000000 0.000000
vn 0.000000 0.000000 0.000000
vn 0.000000 0.000000 0.000000
vn 0.000000 0.000000 0.000000
vn 0.000000 0.000000 0.000000
vn 0.000000 0.000000 0.000000
vn 0.000000 0.000000 0.000000
vn 0.000000 0.000000 0.000000
vn 0.000000 0.000000 0.000000
vn 0.000000 0.000000 -0.000000
vn 0.000000 0.000000 -1.000000
vn 0.000000 0.000000 -1.000000
vn 0.000000 0.000000 -0.000000
vn 0.000000 0.000000 0.000000
vn 0.000000 0.000000 0.000000
vn 0.000000 0.000000 0.000000
vn 0.000000 0.000000 0.000000
vn 0.000000 0.000000 0.000000
vn 0.000000 0.000000 0.000000
vn 0.000000 0.000000 0.000000
vn 0.000000 0.000000 0.000000
vn 0.000000 0.000000 0.000000
vn 0.000000 0.000000 0.000000
vn 0.000000 0.000000 0.000000
vn 0.000000 0.000000 0.000000
vn 0.000000 0.000000 -0.000000
vn 0.000000 0.000000 -1.000000
vn 0.000000 0.000000 -1.000000
vn 0.000000 0.000000 -0.000000
vn 0.000000 -1.000000 0.000000
vn 0.000000 -1.000000 0.000000
vn 1.000000 0.000000 0.000000
vn 1.000000 0.000000 0.000000
vn 1.000000 0.000000 0.000000
vn 1.000000 0.000000 0.000000
vn 0.000000 1.000000 0.000000
vn 0.000000 1.000000 0.000000
vn 0.000000 1.000000 0.000000
vn 0.000000 1.000000 0.000000
vn 0.000000 1.000000 -0.000000
vn 0.000000 1.000000 -0.000000
vn 0.000000 1.000000 -0.000000
vn 0.000000 1.000000 -0.000000
vn -1.000000 0.000000 0.000000
vn -1.000000 0.000000 0.000000
vn 0.000000 -1.000000 0.000000
vn 0.000000 -1.000000 0.000000
vn 0.000000 -1.000000 0.000000
vn 0.000000 -1.000000 0.000000
vn 0.000000 -1.000000 0.000000
vn 1.000000 0.000000 0.000000
vn 1.000000 0.000000 0.000000
vn 1.000000 0.000000 0.000000
vn 1.000000 0.000000 0.000000
vn 0.000000 1.000000 0.000000
vn 0.000000 1.000000 0.000000
vn 0.000000 1.000000 0.000000
vn 0.000000 1.000000 0.000000
vn -1.000000 0.000000 0.000000
vn -1.000000 0.000000 0.000000
vn -1.000000 0.000000 0.000000
vn -1.000000 0.000000 0.000000
vn 0.000000 -1.000000 0.000000
vn 0.000000 -1.000000 0.000000
vn 0.000000 -1.000000 0.000000
vn 0.000000 -1.000000 0.000000
vn 1.000000 0.000000 0.000000
vn 1.000000 0.000000 0.000000
vn 1.000000 0.000000 0.000000
vn 1.000000 0.000000 0.000000
vn 0.000000 1.000000 0.000000
vn 0.000000 1.000000 0.000000
vn 0.000000 1.000000 0.000000
vn 0.000000 1.000000 0.000000
vn -1.000000 0.000000 0.000000
vn -1.000000 0.000000 0.000000
vn -1.000000 0.000000 0.000000
vn -1.000000 0.000000 0.000000
vn 0.000000 0.000000 -1.000000
vn 0.000000 0.000000 -1.000000
vn 0.000000 0.000000 -1.000000
vn 0.000000 0.000000 -1.000000
vn -1.000000 0.000000 0.000003
vn -1.000000 0.000000 0.000003
vn -1.000000 0.000000 0.000003
vn -1.000000 0.000000 0.000003
vn 0.000000 0.000000 1.000000
vn 0.000000 0.000000 1.000000
vn 1.000000 0.000000 0.000000
vn 1.000000 0.000000 0.000000
vn 0.000000 0.000000 1.000000
vn 0.000000 0.000000 1.000000
vn 0.000000 0.000000 1.000000
vn 0.000000 0.000000 1.000000
vn 0.000000 1.000000 0.000000
vn 0.000000 1.000000 0.000000
vn 0.000000 1.000000 0.000000
vn 0.000000 1.000000 0.000000
vn 0.000000 0.000000 -1.000000
vn 0.000000 0.000000 -1.000000
vn 0.000000 0.000000 -1.000000
vn 0.000000 0.000000 -1.000000
vn 0.000000 -1.000000 -0.000000
vn 0.000000 -1.000000 -0.000000
vn 0.000000 -1.000000 -0.000000
vn 0.000000 -1.000000 -0.000000
vn 1.000000 0.000000 0.000000
vn 1.000000 0.000000 0.000000
vn 1.000000 0.000000 -0.000000
vn 1.000000 0.000000 -0.000000
vn -1.000000 0.000000 0.000000
vn -1.000000 0.000000 0.000000
vn -1.000000 -0.000000 0.000000
vn -1.000000 -0.000000 0.000000
vn 0.000000 -1.000000 0.000000
vn 0.000000 -1.000000 0.000000
vn 0.000000 -1.000000 0.000000
vn 0.000000 1.000000 0.000000
vn 0.000000 1.000000 0.000000
vn 0.000000 1.000000 0.000000
vn 0.000000 1.000000 0.000000
vn 0.000000 0.000000 1.000000
vn 0.000000 0.000000 1.000000
vn 0.000000 0.000000 1.000000
vn 0.000000 0.000000 1.000000
vn 0.000000 0.000000 1.000000
vn 0.000000 0.000000 1.000000
vn 0.000000 1.000000 0.000000
vn 0.000000 1.000000 0.000000
vn 0.000000 1.000000 0.000000
vn 0.000000 1.000000 0.000000
vn 1.000000 0.000000 -0.000000
vn 1.000000 0.000000 -0.000000
vn 0.000000 0.000000 -1.000000
vn 0.000000 0.000000 -1.000000
vn 0.000000 0.000000 -1.000000
vn 0.000000 0.000000 -1.000000
vn 0.000000 0.000000 -1.000000
vn 1.000000 0.000000 0.000000
vn 1.000000 0.000000 0.000000
vn 1.000000 0.000000 0.000000
vn 1.000000 0.000000 0.000000
vn 1.000000 0.000000 0.000000
vn -1.000000 -0.000000 0.000000
vn -1.000000 -0.000000 0.000000
vn 0.000000 0.000000 1.000000
vn 0.000000 0.000000 0.000000
vn 0.000000 0.000000 0.000000
vn 0.000000 0.000000 0.000000
vn 0.000000 0.000000 0.000000
vn 0.000000 0.000000 0.000000
vn 0.000000 0.000000 0.000000
vn 0.000000 0.000000 0.000000
vn 0.000000 0.000000 0.000000
vn 0.000000 0.000000 0.000000
vn 0.000000 0.000000 0.000000
vn 0.000000 0.000000 0.000000
vn 0.000000 0.000000 -0.000000
vn 0.000000 0.000000 -1.000000
vn 0.000000 0.000000 -1.000000
vn 0.000000 0.000000 -0.000000
vn 0.000000 0.000000 1.000000
vn 0.000000 0.000000 0.000000
vn 0.000000 0.000000 0.000000
vn 0.000000 0.000000 0.000000
vn 0.000000 0.000000 0.000000
vn 0.000000 0.000000 0.000000
vn 0.000000 0.000000 0.000000
vn 0.000000 0.000000 0.000000
vn 0.000000 0.000000 0.000000
vn 0.000000 0.000000 0.000000
vn 0.000000 0.000000 0.000000
vn 0.000000 0.000000 0.000000
vn 0.000000 0.000000 -0.000000
vn 0.000000 0.000000 -1.000000
vn 0.000000 0.000000 -1.000000
vn 0.000000 0.000000 -0.000000
vn 0.000000 -1.000000 0.000000
vn 0.000000 -1.000000 0.000000
vn 1.000000 0.000000 0.000000
vn 1.000000 0.000000 0.000000
vn 1.000000 0.000000 0.000000
vn 1.000000 0.000000 0.000000
vn 0.000000 1.000000 0.000000
vn 0.000000 1.000000 0.000000
vn 0.000000 1.000000 0.000000
vn 0.000000 1.000000 0.000000
vn 0.000000 1.000000 -0.000001
vn 0.000000 1.000000 -0.000001
vn 0.000000 1.000000 -0.000001
vn 0.000000 1.000000 -0.000001
vn -1.000000 0.000000 0.000000
vn -1.000000 0.000000 0.000000
vn 0.000000 -1.000000 0.000000
vn 0.000000 -1.000000 0.000000
vn 0.000000 -1.000000 0.000000
vn 0.000000 -1.000000 0.000000
vn 0.000000 -1.000000 0.000000
vn 0.000000 -1.000000 0.000000
vn 1.000000 0.000000 0.000000
vn 1.000000 0.000000 0.000000
vn 1.000000 0.000000 0.000000
vn 1.000000 0.000000 0.000000
vn 0.000000 1.000000 0.000000
vn 0.000000 1.000000 0.000000
vn 0.000000 1.000000 0.000000
vn 0.000000 1.000000 0.000000
vn -1.000000 0.000000 0.000000
vn -1.000000 0.000000 0.000000
vn -1.000000 0.000000 0.000000
vn -1.000000 0.000000 0.000000
vn 0.000000 -1.000000 0.000000
vn 0.000000 -1.000000 0.000000
vn 0.000000 -1.000000 0.000000
vn 0.000000 -1.000000 0.000000
vn 1.000000 0.000000 0.000000
vn 1.000000 0.000000 0.000000
vn 1.000000 0.000000 0.000000
vn 1.000000 0.000000 0.000000
vn 0.000000 1.000000 0.000000
vn 0.000000 1.000000 0.000000
vn 0.000000 1.000000 0.000000
vn 0.000000 1.000000 0.000000
vn -1.000000 0.000000 0.000000
vn -1.000000 0.000000 0.000000
vn -1.000000 0.000000 0.000000
vn -1.000000 0.000000 0.000000
vn 0.000000 0.000000 -1.000000
vn 0.000000 0.000000 -1.000000
vn 0.000000 0.000000 -1.000000
vn 0.000000 0.000000 -1.000000
vn -1.000000 0.000000 0.000003
vn -1.000000 0.000000 0.000003
vn -1.000000 0.000000 0.000003
vn -1.000000 0.000000 0.000003
vn 0.000000 0.000000 1.000000
vn 0.000000 0.000000 1.000000
vn 1.000000 0.000000 0.000000
vn 1.000000 0.000000 0.000000
vn 0.000000 0.000000 1.000000
vn 0.000000 0.000000 1.000000
vn 0.000000 0.000000 1.000000
vn 0.000000 0.000000 1.000000
vn 0.000000 1.000000 0.000000
vn 0.000000 1.000000 0.000000
vn 0.000000 1.000000 0.000000
vn 0.000000 1.000000 0.000000
vn 0.000000 0.000000 -1.000000
vn 0.000000 0.000000 -1.000000
vn 0.000000 0.000000 -1.000000
vn 0.000000 0.000000 -1.000000
vn 0.000000 -1.000000 -0.000000
vn 0.000000 -1.000000 0.000000
vn 0.000000 -1.000000 0.000000
vn 0.000000 -1.000000 -0.000000
vn 1.000000 0.000000 -0.000000
vn 1.000000 0.000000 -0.000000
vn 1.000000 0.000000 -0.000000
vn 1.000000 0.000000 -0.000000
vn -1.000000 0.000000 0.000000
vn -1.000000 0.000000 0.000000
vn -1.000000 0.000000 0.000000
vn -1.000000 0.000000 0.000000
vn 0.000000 -1.000000 0.000000
vn 0.000000 -1.000000 0.000000
vn 0.000000 -1.000000 0.000000
vn 0.000000 -1.000000 0.000000
vn 0.000000 1.000000 0.000000
vn 0.000000 1.000000 0.000000
vn 0.000000 1.000000 0.000000
vn 0.000000 1.000000 0.000000
vn 0.000000 0.000000 1.000000
vn 0.000000 0.000000 1.000000
vn 0.000000 0.000000 1.000000
vn 0.000000 0.000000 1.000000
vn 0.000000 0.000000 1.000000
vn 0.000000 0.000000 1.000000
vn 0.000000 1.000000 0.000000
vn 0.000000 1.000000 0.000000
vn 0.000000 1.000000 0.000000
vn 0.000000 1.000000 0.000000
vn 1.000000 0.000000 -0.000000
vn 1.000000 0.000000 -0.000000
vn 0.000000 0.000000 -1.000000
vn 0.000000 0.000000 -1.000000
vn 0.000000 0.000000 -1.000000
vn 0.000000 0.000000 -1.000000
vn 0.000000 0.000000 -1.000000
vn 0.000000 0.000000 -1.000000
vn 1.000000 0.000000 0.000000
vn 1.000000 0.000000 0.000000
vn 1.000000 0.000000 0.000000
vn 1.000000 0.000000 0.000000
vn 1.000000 0.000000 0.000000
vn -1.000000 0.000000 0.000000
vn -1.000000 0.000000 0.000000
vn 0.000000 0.000000 0.000000
vn 0.000000 0.000000 0.000000
vn 0.000000 0.000000 0.000000
vn 0.000000 0.000000 0.000000
vn 0.000000 0.000000 0.000000
vn 0.000000 0.000000 0.000000
vn 0.000000 0.000000 0.000000
vn 0.000000 0.000000 0.000000
vn 0.000000 0.000000 0.000000
vn 0.000000 0.000000 0.000000
vn 0.000000 0.000000 0.000000
vn 0.000000 0.000000 0.000000
vn 0.000000 0.000000 0.000000
vn 0.000000 0.000000 0.000000
vn 0.000000 0.000000 0.000000
vn 0.000000 0.000000 0.000000
vn 0.000000 0.000000 0.000000
vn 0.000000 0.000000 0.000000
vn 0.000000 0.000000 0.000000
vn 0.000000 0.000000 0.000000
vn 0.000000 0.000000 0.000000
vn 0.000000 0.000000 0.000000
vn 0.000000 0.000000 0.000000
vn 0.000000 0.000000 0.000000
vn 0.000000 0.000000 0.000000
vn 0.000000 0.000000 0.000000
vn 0.000000 0.000000 0.000000
vn 0.000000 0.000000 0.000000
vn 0.000000 0.000000 0.000000
vn 0.000000 0.000000 0.000000
vn 0.000000 0.000000 0.000000
vn 0.000000 0.000000 0.000000
vn 0.000000 -1.000000 0.000000
vn 0.000000 -1.000000 0.000000
vn 1.000000 0.000000 0.000000
vn 1.000000 0.000000 0.000000
vn 1.000000 0.000000 0.000000
vn 1.000000 0.000000 0.000000
vn 0.000000 1.000000 0.000000
vn 0.000000 1.000000 0.000000
vn 0.000000 1.000000 0.000000
vn 0.000000 1.000000 0.000000
vn 0.000000 1.000000 0.000000
vn 0.000000 1.000000 0.000000
vn 0.000000 1.000000 0.000000
vn 0.000000 1.000000 0.000000
vn -1.000000 0.000000 0.000000
vn -1.000000 0.000000 0.000000
vn 0.000000 -1.000000 -0.000000
vn 0.000000 -1.000000 0.000000
vn 0.000000 -1.000000 0.000000
vn 0.000000 -1.000000 0.000000
vn 0.000000 -1.000000 0.000000
vn 0.000000 -1.000000 0.000000
vn 1.000000 0.000000 0.000000
vn 1.000000 0.000000 0.000000
vn 1.000000 0.000000 0.000000
vn 1.000000 0.000000 0.000000
vn 0.000000 1.000000 0.000000
vn 0.000000 1.000000 0.000000
vn 0.000000 1.000000 0.000000
vn 0.000000 1.000000 0.000000
vn -1.000000 0.000000 0.000000
vn -1.000000 0.000000 0.000000
vn -1.000000 0.000000 0.000000
vn -1.000000 0.000000 0.000000
vn 0.000000 -1.000000 0.000000
vn 0.000000 -1.000000 0.000000
vn 0.000000 -1.000000 0.000000
vn 0.000000 -1.000000 0.000000
vn 1.000000 0.000000 0.000000
vn 1.000000 0.000000 0.000000
vn 1.000000 0.000000 0.000000
vn 1.000000 0.000000 0.000000
vn 0.000000 1.000000 0.000000
vn 0.000000 1.000000 0.000000
vn 0.000000 1.000000 0.000000
vn 0.000000 1.000000 0.000000
vn -1.000000 0.000000 0.000000
vn -1.000000 0.000000 0.000000
vn -1.000000 0.000000 0.000000
vn -1.000000 0.000000 0.000000
vn 0.000000 0.000000 -1.000000
vn 0.000000 0.000000 -1.000000
vn 0.000000 0.000000 -1.000000
vn 0.000000 0.000000 -1.000000
vn -1.000000 0.000000 0.000000
vn -1.000000 0.000000 0.000000
vn -1.000000 0.000000 0.000000
vn -1.000000 0.000000 0.000000
vn 0.000000 0.000000 1.000000
vn 0.000000 0.000000 1.000000
vn 1.000000 0.000000 0.000000
vn 1.000000 0.000000 0.000000
vn 0.000000 0.000000 1.000000
vn 0.000000 0.000000 1.000000
vn 0.000000 0.000000 1.000000
vn 0.000000 0.000000 1.000000
vn 0.000000 1.000000 0.000000
vn 0.000000 1.000000 0.000000
vn 0.000000 1.000000 0.000000
vn 0.000000 1.000000 0.000000
vn 0.000000 0.000000 -1.000000
vn 0.000000 0.000000 -1.000000
vn 0.000000 0.000000 -1.000000
vn 0.000000 0.000000 -1.000000
vn 0.000000 -1.000000 0.000000
vn 0.000000 -1.000000 0.000000
vn 0.000000 -1.000000 0.000000
vn 0.000000 -1.000000 0.000000
vn 1.000000 0.000000 0.000000
vn 1.000000 0.000000 0.000000
vn 1.000000 0.000000 0.000000
vn 1.000000 0.000000 0.000000
vn 1.000000 0.000000 0.000000
vn 1.000000 0.000000 0.000000
vn 0.000000 0.000000 -1.000000
vn 0.000000 0.000000 -1.000000
vn 0.000000 0.000000 -1.000000
vn 0.000000 0.000000 -1.000000
vn 0.000000 0.000000 -1.000000
vn 0.000000 0.000000 -1.000000
vn 0.000000 0.000000 -1.000000
vn -1.000000 -0.000000 0.000000
vn -1.000000 -0.000000 0.000000
vn -1.000000 -0.000000 0.000000
vn -1.000000 -0.000000 0.000000
vn -1.000000 -0.000000 0.000000
vn 0.000000 -1.000000 0.000000
vn 0.000000 -1.000000 0.000000
vn 0.000000 0.000000 -1.000000
vn 0.000000 0.000000 -1.000000
vn 0.000000 0.000000 -1.000000
vn 0.000000 0.000000 -1.000000
vn 0.000000 0.000000 -1.000000
vn 0.000000 0.000000 -1.000000
vn 0.000000 0.000000 -1.000000
vn 0.000000 0.000000 -1.000000
vn -1.000000 -0.000000 0.000000
vn -1.000000 -0.000000 0.000000
vn -1.000000 -0.000000 0.000000
vn -1.000000 -0.000000 0.000000
vn -1.000000 -0.000000 0.000000
vn 0.000000 -1.000000 -0.000000
vn 0.000000 -1.000000 -0.000000
vn 0.000000 0.000000 -1.000000
vn -1.000000 0.000001 0.000000
vn -1.000000 0.000001 0.000000
vn -1.000000 0.000001 0.000000
vn -1.000000 0.000001 0.000000
vn -1.000000 0.000001 0.000000
vn -1.000000 0.000001 0.000000
vn 0.000000 0.707105 -0.707109
vn 0.000000 0.707105 -0.707109
vn 0.000000 0.707105 -0.707109
vn 0.000000 0.707105 -0.707109
vn 0.000000 -0.707106 -0.707107
vn 0.000000 -0.707106 -0.707107
vn 0.000000 -0.707106 -0.707107
vn 0.000000 -0.707106 -0.707107
vn 0.000000 0.707105 -0.707109
vn 0.000000 0.707105 -0.707109
vn 0.000000 0.707105 -0.707109
vn 0.000000 0.707105 -0.707109
vn 0.000000 -0.707102 -0.707111
vn 0.000000 -0.707102 -0.707111
vn 0.000000 -0.707102 -0.707111
vn 0.000000 -0.707102 -0.707111
vn 0.000000 0.707105 -0.707109
vn 0.000000 0.707105 -0.707109
vn 0.000000 0.707105 -0.707109
vn 0.000000 0.707105 -0.707109
vn 0.000000 -0.707105 -0.707109
vn 0.000000 -0.707105 -0.707109
vn 0.000000 -0.707105 -0.707109
vn 0.000000 -0.707105 -0.707109
vn 0.565691 -0.565676 -0.600003
vn 0.685985 -0.005426 -0.727596
vn 0.685983 -0.006042 -0.727593
vn -0.565688 -0.565682 -0.600000
vn -0.685983 -0.006043 -0.727593
vn -0.685985 -0.005426 -0.727595
vn 0.707105 -0.499999 -0.500004
vn 0.707105 -0.499999 -0.500004
vn 0.707105 -0.499999 -0.500004
vn -0.707107 -0.500000 -0.500000
vn -0.707107 -0.500000 -0.500000
vn -0.707107 -0.500000 -0.500000
vn 0.685985 -0.006041 -0.727591
vn 0.685987 -0.005425 -0.727593
vn 0.554705 0.588338 -0.588354
vn -0.565689 -0.565689 -0.599994
vn -0.685985 -0.006041 -0.727591
vn -0.685987 -0.005425 -0.727593
vn 0.707111 -0.499997 -0.499997
vn 0.707111 -0.499997 -0.499997
vn 0.707111 -0.499997 -0.499997
vn -0.707112 -0.499996 -0.499997
vn -0.707112 -0.499996 -0.499997
vn -0.707112 -0.499996 -0.499997
vn 0.000000 0.000000 -1.000000
vn 0.000000 0.000000 -1.000000
vn -0.554703 0.588343 -0.588351
vn 0.000000 0.000000 -1.000000
vn -0.554700 0.588349 -0.588348
vn 0.565691 -0.565684 -0.599996
vn -1.000000 0.000000 0.000000
vn -1.000000 0.000000 0.000000
vn -1.000000 0.000000 0.000000
vn 0.000000 0.000000 1.000000
vn 0.000000 0.000000 1.000000
vn 0.000000 0.000000 1.000000
vn 1.000000 0.000000 0.000000
vn 1.000000 0.000000 0.000000
vn 0.000000 0.000000 1.000000
vn 0.000000 0.000000 1.000000
vn 1.000000 0.000000 -0.000000
vn 1.000000 0.000000 -0.000000
vn 0.000000 0.000000 -1.000000
vn 0.000000 0.000000 -1.000000
vn 0.000000 0.000000 -1.000000
vn 0.000000 0.000000 -1.000000
vn 0.000000 0.000000 -1.000000
vn 0.000000 0.000000 -1.000000
vn 0.000000 0.000000 -1.000000
vn -1.000000 0.000000 0.000000
vn -1.000000 0.000000 0.000000
vn 0.000000 0.000000 0.000000
vn 0.000000 0.000000 0.000000
vn 0.000000 0.000000 0.000000
vn 0.000000 0.000000 0.000000
vn -1.000000 0.000000 0.000000
vn -1.000000 0.000000 0.000000
vn 0.000000 0.000000 -1.000000
vn 0.000000 0.000000 -1.000000
vn 1.000000 0.000000 0.000000
vn 1.000000 0.000000 0.000000
vn 0.000000 0.000000 0.000000
vn 0.000000 0.000000 0.000000
vn 0.000000 0.000000 0.000000
vn 0.000000 0.000000 0.000000
vn 1.000000 0.000000 0.000000
vn 1.000000 0.000000 0.000000
vn 0.554702 0.588344 -0.588351
s 1
g Book_Shelf
usemtl initialShadingGroup
f 49/448/43 50/449/44 51/450/45 52/451/46
s off
f 19/282/47 20/283/48 22/284/49 21/285/50
s 2
f 21/456/51 22/457/52 24/458/53 23/459/54
s 3
f 23/286/55 24/287/56 18/288/57 17/289/58
s 4
f 26/93/59 25/94/60 27/95/61 28/96/62
s 5
f 29/99/63 30/100/64 31/101/65 32/102/66
s 3
f 18/288/57 24/287/56 25/290/67 26/291/68
s 2
f 24/458/53 22/457/52 27/460/69 25/461/70
s off
f 34/297/71 33/298/72 35/299/73 36/300/74
f 20/470/75 18/471/76 26/472/77 28/473/78
s 3
f 23/286/55 17/289/58 30/294/79 29/295/80
s 1
f 49/448/43 52/451/46 53/454/81 54/455/82
s off
f 37/301/83 38/302/84 39/303/85 40/304/86
s 2
f 21/456/51 23/459/54 29/462/87 32/463/88
s off
f 22/109/89 20/110/90 33/111/91 34/112/92
s 4
f 28/96/62 27/95/61 36/97/93 35/98/94
s 2
f 27/460/69 22/457/52 34/464/95 36/465/96
s 6
f 19/113/97 21/114/98 214/115/99 215/116/100
s 2
f 21/456/51 32/463/88 213/466/101 214/467/102
s 5
f 32/102/66 31/101/65 212/105/103 213/106/104
s off
f 20/42/105 28/43/106 42/50/107 41/49/108
f 28/43/109 35/46/110 43/51/111 42/50/112
f 35/46/113 33/45/114 44/52/115 43/51/116
f 33/45/117 20/42/118 41/49/119 44/52/120
f 31/44/121 19/41/122 45/54/123 46/53/124
f 19/41/125 215/91/126 216/92/127 45/54/128
f 37/47/129 40/48/130 48/56/131 47/55/132
f 212/90/133 31/44/134 46/53/135 211/89/136
s 3
f 17/289/58 18/288/57 50/292/137 49/293/138
s 7
f 18/119/139 20/120/140 51/121/141 50/122/142
s off
f 64/305/143 63/306/144 65/307/145 66/308/146
f 19/309/147 31/310/148 53/311/149 52/312/150
s 5
f 31/101/65 30/100/64 54/103/151 53/104/152
s 3
f 30/294/79 17/289/58 49/293/138 54/296/153
s off
f 41/313/154 42/314/155 56/315/156 55/316/157
f 42/125/158 43/126/159 57/127/160 56/128/161
f 43/317/162 44/318/163 58/319/164 57/320/165
f 44/129/166 41/130/167 55/131/168 58/132/169
f 46/321/170 45/322/171 59/323/172 60/324/173
s 8
f 45/133/174 216/134/175 217/135/176 59/136/177
s off
f 47/325/178 48/326/179 62/327/180 61/328/181
s 9
f 211/139/182 46/140/183 60/141/184 210/142/185
s off
f 20/474/186 19/475/187 63/476/188 64/477/189
f 19/145/190 52/146/191 65/147/192 63/148/193
s 1
f 52/451/46 51/450/45 66/452/194 65/453/195
s 7
f 51/121/141 20/120/140 64/123/196 66/124/197
s 10
f 95/478/198 96/479/199 97/480/200 98/481/201
s off
f 69/329/202 70/330/203 166/331/204 160/332/205
s 11
f 161/486/206 165/487/207 172/488/208 168/489/209
s 12
f 169/335/210 171/336/211 68/337/212 67/338/213
s 13
f 72/149/214 71/150/215 73/151/216 74/152/217
s 14
f 75/155/218 76/156/219 77/157/220 78/158/221
s 12
f 68/337/212 171/336/211 170/341/222 71/342/223 72/343/224
s off
f 80/350/225 79/351/226 81/352/227 82/353/228
f 70/505/229 68/506/230 72/507/231 74/508/232
s 10
f 95/478/198 98/481/201 99/484/233 100/485/234
s off
f 83/354/235 84/355/236 85/356/237 86/357/238
s 13
f 74/152/217 73/151/216 82/153/239 81/154/240
s 11
f 73/494/241 164/491/242 163/499/243 80/500/244 82/501/245
s off
f 69/163/246 160/164/247 159/165/248 84/166/249 83/167/250
s 14
f 78/158/221 77/157/220 86/161/251 85/162/252
s off
f 70/58/253 74/59/254 88/65/255 87/66/256
f 74/59/257 81/62/258 89/67/259 88/65/260
f 81/62/261 79/61/262 90/68/263 89/67/264
f 79/61/265 70/58/266 87/66/267 90/68/268
f 77/60/269 69/57/270 91/69/271 92/70/272
f 69/57/273 83/63/274 93/71/275 91/69/276
f 83/63/277 86/64/278 94/72/279 93/71/280
f 86/64/281 77/60/282 92/70/283 94/72/284
s 12
f 67/338/213 68/337/212 96/344/285 95/345/286
s 16
f 68/170/287 70/171/288 97/172/289 96/173/290
s off
f 110/358/291 109/359/292 111/360/293 112/361/294
f 69/362/295 77/363/296 99/364/297 98/365/298
s 14
f 77/157/220 76/156/219 100/159/299 99/160/300
s 12
f 76/347/301 67/338/213 95/345/286 100/349/302
s off
f 87/366/303 88/367/304 102/368/305 101/369/306
f 88/176/307 89/177/308 103/178/309 102/179/310
f 89/370/311 90/371/312 104/372/313 103/373/314
f 90/180/315 87/181/316 101/182/317 104/183/318
f 92/374/319 91/375/320 105/376/321 106/377/322
f 91/184/323 93/185/324 107/186/325 105/187/326
f 93/378/327 94/379/328 108/380/329 107/381/330
f 94/188/331 92/189/332 106/190/333 108/191/334
f 70/509/335 69/510/336 109/511/337 110/512/338
f 69/192/339 98/193/340 111/194/341 109/195/342
s 10
f 98/481/201 97/480/200 112/482/343 111/483/344
s 16
f 97/172/289 70/171/288 110/174/345 112/175/346
s 17
f 200/513/347 201/514/348 139/515/349 140/516/350
s off
f 113/382/351 114/383/352 180/384/353 174/385/354
s 18
f 175/524/355 179/525/356 206/526/357 207/527/358
s 19
f 183/388/359 185/389/360 79/390/361 83/391/362
s 20
f 203/196/363 204/197/364 116/198/365 117/199/366
s 21
f 197/204/367 198/205/368 119/206/369 120/207/370
s 19
f 79/390/361 185/389/360 184/394/371 195/395/372 82/396/373 115/397/374
s off
f 122/404/375 121/405/376 123/406/377 124/407/378
s 22
f 114/551/379 202/552/380 203/553/381 117/554/382
s 17
f 200/513/347 140/516/350 141/521/383 199/522/384
s off
f 125/408/385 126/409/386 127/410/387 128/411/388
s 20
f 117/199/366 116/198/365 124/202/389 123/203/390
s 18
f 116/543/391 196/535/392 178/529/393 177/544/394 122/545/395 124/546/396
s off
f 113/215/397 174/216/398 173/217/399 126/218/400 125/219/401
s 21
f 120/207/370 119/206/369 128/212/402 127/213/403
s off
f 114/74/404 117/75/405 130/81/406 129/82/407
f 117/75/408 123/78/409 131/83/410 130/81/411
f 123/78/412 121/77/413 132/84/414 131/83/415
f 121/77/416 114/74/417 129/82/418 132/84/419
f 119/76/420 113/73/421 133/85/422 134/86/423
f 113/73/424 125/79/425 135/87/426 133/85/427
f 125/79/428 128/80/429 136/88/430 135/87/431
f 128/80/432 119/76/433 134/86/434 136/88/435
s 19
f 83/391/362 79/390/361 138/398/436 137/399/437
s 24
f 202/222/438 114/223/439 139/224/440 201/225/441
s off
f 152/412/442 151/413/443 153/414/444 154/415/445
f 113/416/446 119/417/447 141/418/448 140/419/449
s 21
f 119/206/369 198/205/368 199/210/450 141/211/451
s 19
f 118/401/452 83/391/362 137/399/437 142/403/453
s off
f 129/420/454 130/421/455 144/422/456 143/423/457
f 130/230/458 131/231/459 145/232/460 144/233/461
f 131/424/462 132/425/463 146/426/464 145/427/465
f 132/234/466 129/235/467 143/236/468 146/237/469
f 134/428/470 133/429/471 147/430/472 148/431/473
f 133/238/474 135/239/475 149/240/476 147/241/477
f 135/432/478 136/433/479 150/434/480 149/435/481
f 136/242/482 134/243/483 148/244/484 150/245/485
f 114/557/486 113/558/487 151/559/488 152/560/489
f 113/246/490 140/247/491 153/248/492 151/249/493
s 17
f 140/516/350 139/515/349 154/519/494 153/520/495
s 24
f 139/224/440 114/223/439 152/226/496 154/227/497
s off
f 155/561/498 156/562/499 158/563/500 157/564/501
f 157/436/502 158/437/503 190/438/504 188/439/505
f 187/565/506 189/566/507 194/567/508 192/568/509
f 191/442/510 193/443/511 156/444/512 155/445/513
f 156/250/514 193/251/515 194/252/516 189/253/517 190/254/518 158/255/519
s 11
f 159/502/520 162/492/521 78/498/522 85/503/523 84/504/524
f 162/492/521 167/493/525 75/497/526 78/498/522
s off
f 163/256/527 166/257/528 70/258/529 79/259/530 80/260/531
s 12
f 167/346/532 169/335/210 67/338/213 76/347/301 75/348/533
s 11
f 170/490/534 172/488/208 165/487/207 164/491/242
s 18
f 173/548/535 176/532/536 120/539/537 127/549/538 126/550/539
f 176/532/536 208/533/540 197/538/541 120/539/537
s off
f 177/263/542 180/264/543 114/265/544 121/266/545 122/267/546
s 19
f 181/400/547 183/388/359 83/391/362 118/401/452 85/402/548
s 18
f 205/528/549 206/526/357 179/525/356 178/529/393
s off
f 192/270/550 191/271/551 155/272/552 157/273/553 188/274/554 187/275/555
f 161/333/556 160/332/557 166/331/558 165/334/559
f 169/335/560 168/339/561 172/340/562 171/336/563
f 175/386/564 174/385/565 180/384/566 179/387/567
f 183/388/568 182/392/569 186/393/570 185/389/571
f 187/440/572 188/439/573 190/438/574 189/441/575
f 191/442/576 192/446/577 194/447/578 193/443/579
s 27
f 159/165/580 160/164/581 162/168/582
s 28
f 163/256/583 164/261/584 166/257/585
s off
f 167/493/586 168/489/587 169/496/588
f 170/341/589 171/336/590 172/340/591
s 29
f 176/220/592 174/216/593 175/221/594
s 30
f 177/263/595 178/268/596 180/264/597
s off
f 181/276/598 182/277/599 183/278/600
f 184/279/601 185/280/602 186/281/603
s 18
f 209/536/604 196/535/392 116/543/391 204/540/605
s 30
f 180/264/597 178/268/596 179/269/606
s 11
f 170/490/534 164/491/242 73/494/241 71/495/607
s 28
f 166/257/585 164/261/584 165/262/608
s 18
f 176/532/536 175/524/355 207/527/358 208/533/540
s 29
f 173/217/609 174/216/593 176/220/592
s 21
f 85/208/610 118/209/611 198/205/368 197/204/367
f 199/210/450 198/205/368 118/209/611 142/214/612
s 17
f 137/517/613 200/513/347 199/522/384 142/523/614
f 137/517/613 138/518/615 201/514/348 200/513/347
s 24
f 79/228/616 202/222/438 201/225/441 138/229/617
s 22
f 203/553/381 202/552/380 79/555/618 115/556/619
s 20
f 115/200/620 82/201/621 204/197/364 203/196/363
s 18
f 184/534/622 205/528/549 209/536/604 204/540/605 82/541/623 195/542/624
f 184/534/622 186/530/625 206/526/357 205/528/549
f 207/527/358 206/526/357 186/530/625 182/531/626
f 208/533/540 207/527/358 182/531/626 181/537/627
f 197/538/541 208/533/540 181/537/627 85/547/628
f 205/528/549 178/529/393 196/535/392 209/536/604
s 9
f 48/143/629 211/139/182 210/142/185 62/144/630
s off
f 40/48/631 212/90/632 211/89/633 48/56/634
s 5
f 213/106/104 212/105/103 40/107/635 39/108/636
s 2
f 214/467/102 213/466/101 39/468/637 38/469/638
s 6
f 215/116/100 214/115/99 38/117/639 37/118/640
s off
f 216/92/641 215/91/642 37/47/643 47/55/644
s 8
f 217/135/176 216/134/175 47/137/645 61/138/646
s 11
f 162/492/521 161/486/206 168/489/209 167/493/525
s 27
f 162/168/582 160/164/581 161/169/647
g default
v 9.408349 2.465834 3.035676
v 7.379726 2.421786 5.006898
v 8.365366 3.646624 6.048607
v 10.393987 3.690673 4.077387
v 8.249856 2.264637 3.868903
v 9.500532 3.818833 5.190727
v 8.673209 3.408456 4.330143
v 9.969369 3.079734 3.490260
v 8.940626 2.330017 3.281384
v 9.319127 3.428477 3.695452
v 9.056148 3.101678 3.417514
v 9.706391 2.752935 3.212322
v 8.950881 2.732445 3.300931
v 9.574902 2.589536 3.073352
v 9.188077 2.373179 3.103718
v 9.232106 2.692383 3.156160
v 9.341417 2.993009 3.275373
v 9.192028 3.302224 3.561831
v 9.837880 2.916335 3.351291
v 9.474950 3.180970 3.416994
v 9.604395 3.319808 3.553311
v 8.410230 3.081658 4.052205
v 8.701484 2.297184 3.467834
v 8.823751 3.123183 3.612118
v 8.711979 2.732062 3.488352
v 8.284153 2.699308 3.913912
v 8.471085 2.275213 3.663523
v 8.496152 2.713570 3.699115
v 8.617389 3.101763 3.832557
v 9.086729 3.449981 3.890056
v 8.961844 3.328082 3.758811
v 8.550618 3.285545 4.201236
v 8.757131 3.306527 3.980943
v 8.880368 3.428562 4.110496
v 10.110150 3.783367 4.517441
v 10.232347 3.406533 3.768198
v 9.582104 3.755275 3.973391
v 10.100858 3.243133 3.629229
v 9.425268 3.593515 3.808372
v 9.719239 3.485558 3.675203
v 9.867373 3.646606 3.831249
v 10.363836 3.569932 3.907168
v 9.843730 3.837634 4.244474
v 10.084984 3.749202 4.057490
v 10.303014 3.758694 4.282082
v 8.936187 3.735255 4.608082
v 9.349707 3.776780 4.167995
v 9.189673 3.612704 3.999634
v 8.776519 3.567575 4.440019
v 8.983181 3.588824 4.219883
v 9.143345 3.755360 4.388434
v 9.913962 3.803910 4.749286
v 9.626433 3.863929 4.454726
v 9.209160 3.844887 4.891454
v 9.419457 3.856781 4.674851
v 9.711678 3.816878 4.974690
v 7.804345 3.032724 5.594024
v 7.835475 2.278380 4.309340
v 8.220720 3.431178 4.731562
v 7.957741 3.104379 4.453623
v 7.845969 2.713258 4.329857
v 8.038081 2.265811 4.084276
v 8.063148 2.704168 4.119868
v 8.184385 3.092361 4.253310
v 8.095834 3.309278 4.600317
v 8.324126 3.297125 4.401696
v 8.447362 3.419159 4.531248
v 7.541367 2.705925 5.316086
v 7.641611 2.301811 4.543642
v 7.757134 3.073472 4.679772
v 7.651866 2.704240 4.563189
v 7.409877 2.542526 5.177117
v 7.456058 2.335571 4.786729
v 7.500085 2.654775 4.839171
v 7.609397 2.955401 4.958384
v 8.020112 3.400271 4.957711
v 7.893013 3.274018 4.824089
v 7.672856 2.869325 5.455055
v 7.742930 3.143362 5.100005
v 7.872375 3.282200 5.236323
v 9.047951 3.785105 5.590792
v 8.483697 3.757976 5.009500
v 8.323663 3.593900 4.841139
v 8.550175 3.579422 4.640636
v 8.710341 3.745958 4.809186
v 8.760423 3.845125 5.296232
v 8.986452 3.847378 5.095605
v 9.278674 3.807477 5.395444
v 8.067323 3.359523 5.871963
v 8.283090 3.727070 5.235649
v 8.126253 3.565309 5.070631
v 7.935833 3.196124 5.732994
v 7.987219 3.447950 5.358214
v 8.135355 3.608998 5.514261
v 8.811136 3.755161 5.779698
v 8.544715 3.809428 5.506733
v 8.198812 3.522922 6.010931
v 8.352964 3.711594 5.740501
v 8.570995 3.721086 5.965093
v 9.100505 2.704002 4.754141
v 9.753602 2.712187 4.126574
v 9.490623 2.385389 3.848635
v 9.220436 2.288048 3.568404
v 9.415062 2.390756 3.337704
v 9.638361 2.503460 3.570023
v 9.648425 2.549794 4.014705
v 9.787126 2.666306 3.726760
v 9.901338 2.830259 3.847962
v 8.837527 2.377203 4.476203
v 9.290017 2.354482 4.074785
v 9.003775 2.250998 3.777894
v 8.555344 2.252213 4.183010
v 8.777828 2.249191 3.978616
v 9.063373 2.366500 4.275098
v 9.552995 2.681280 4.352723
v 9.451140 2.521414 4.244328
v 8.998272 2.547528 4.645434
v 9.224634 2.535786 4.444837
v 9.326351 2.693299 4.553036
v 10.016580 3.038986 4.404512
v 9.882665 2.839434 4.262239
v 10.032115 2.969738 3.985664
v 10.164317 3.157057 4.125900
v 10.110282 3.398187 4.508969
v 10.265837 3.451042 4.236947
v 9.363483 3.030801 5.032079
v 9.815973 3.008079 4.630661
v 9.680007 2.804321 4.486183
v 9.225077 2.828069 4.885113
v 9.451644 2.816499 4.684731
v 9.589329 3.020097 4.830975
v 9.915109 3.388010 4.741173
v 9.477644 3.402255 5.157866
v 9.698251 3.397151 4.951494
v 8.686985 2.662477 5.194228
v 8.424007 2.335678 4.916290
v 8.137765 2.232194 4.619401
v 8.344823 2.239789 4.399369
v 8.630369 2.357098 4.695850
v 8.585130 2.502610 5.085835
v 8.791629 2.526384 4.865590
v 8.893346 2.683897 4.973789
v 8.191609 2.357183 5.110893
v 7.921422 2.259842 4.830663
v 7.683042 2.353148 5.020715
v 7.906340 2.465852 5.253035
v 8.454587 2.683981 5.388831
v 8.349410 2.521587 5.276963
v 8.055107 2.628698 5.409771
v 8.169318 2.792651 5.530973
v 8.949963 2.989275 5.472167
v 8.813998 2.785517 5.327688
v 9.018640 2.807098 5.105484
v 9.156324 3.010695 5.251727
v 9.049099 3.369206 5.582680
v 9.265247 3.387749 5.372247
v 8.717565 3.010780 5.666770
v 8.583651 2.811229 5.524497
v 8.300096 2.932131 5.668676
v 8.432296 3.119450 5.808911
v 8.811267 3.369981 5.771228
v 8.533817 3.413434 5.919958
v 9.028193 1.714347 -0.839614
v 9.028193 1.655447 -0.898514
v 9.028193 1.633888 -0.978975
v 9.108653 1.655447 -0.978975
v 9.167553 1.714347 -0.978975
v 9.189112 1.794807 -0.978975
v 9.167553 1.794807 -0.898514
v 9.108653 1.794807 -0.839614
v 9.028193 1.794807 -0.818055
v 9.028193 1.655447 -7.243826
v 9.028193 1.714347 -7.302726
v 9.028193 1.794807 -7.324286
v 9.108653 1.794807 -7.302726
v 9.167553 1.794807 -7.243826
v 9.189112 1.794807 -7.163366
v 9.167553 1.714347 -7.163366
v 9.108653 1.655447 -7.163366
v 9.028193 1.633888 -7.163366
v 9.028193 2.256069 -0.898514
v 9.028193 2.197168 -0.839614
v 9.028193 2.116709 -0.818055
v 9.108653 2.116709 -0.839614
v 9.167553 2.116709 -0.898514
v 9.189112 2.116709 -0.978975
v 9.167553 2.197168 -0.978975
v 9.108653 2.256069 -0.978975
v 9.028193 2.277628 -0.978975
v 9.028193 2.197168 -7.302726
v 9.028193 2.256069 -7.243826
v 9.028193 2.277628 -7.163366
v 9.108653 2.256069 -7.163366
v 9.167553 2.197168 -7.163366
v 9.189112 2.116709 -7.163366
v 9.167553 2.116709 -7.243826
v 9.108653 2.116709 -7.302726
v 9.028193 2.116709 -7.324286
v 5.151596 2.116709 -0.898514
v 5.210496 2.116709 -0.839614
v 5.290956 2.116709 -0.818055
v 5.290956 2.197168 -0.839614
v 5.290956 2.256069 -0.898514
v 5.290956 2.277628 -0.978975
v 5.210496 2.256069 -0.978975
v 5.151596 2.197168 -0.978975
v 5.130037 2.116709 -0.978975
v 5.210496 2.116709 -7.302726
v 5.151596 2.116709 -7.243826
v 5.130037 2.116709 -7.163366
v 5.151596 2.197168 -7.163366
v 5.210496 2.256069 -7.163366
v 5.290956 2.277628 -7.163366
v 5.290956 2.256069 -7.243826
v 5.290956 2.197168 -7.302726
v 5.290956 2.116709 -7.324286
v 5.290956 1.655447 -0.898514
v 5.290956 1.714347 -0.839614
v 5.290956 1.794807 -0.818055
v 5.210496 1.794807 -0.839614
v 5.151596 1.794807 -0.898514
v 5.130037 1.794807 -0.978975
v 5.151596 1.714347 -0.978975
v 5.210496 1.655447 -0.978975
v 5.290956 1.633888 -0.978975
v 5.290956 1.714347 -7.302726
v 5.290956 1.655447 -7.243826
v 5.290956 1.633888 -7.163366
v 5.210496 1.655447 -7.163366
v 5.151596 1.714347 -7.163366
v 5.130037 1.794807 -7.163366
v 5.151596 1.794807 -7.243826
v 5.210496 1.794807 -7.302726
v 5.290956 1.794807 -7.324286
v 9.097724 1.725276 -0.851716
v 9.097724 1.667548 -0.909443
v 9.155452 1.725276 -0.909443
v 9.097724 1.667548 -7.232897
v 9.097724 1.725276 -7.290626
v 9.155452 1.725276 -7.232897
v 9.097724 2.243968 -0.909443
v 9.097724 2.186239 -0.851716
v 9.155452 2.186239 -0.909443
v 9.097724 2.186239 -7.290626
v 9.097724 2.243968 -7.232897
v 9.155452 2.186239 -7.232897
v 5.163697 2.186239 -0.909443
v 5.221425 2.186239 -0.851716
v 5.221425 2.243968 -0.909443
v 5.221425 2.186239 -7.290626
v 5.163697 2.186239 -7.232897
v 5.221425 2.243968 -7.232897
v 5.221425 1.667548 -0.909443
v 5.221425 1.725276 -0.851716
v 5.163697 1.725276 -0.909443
v 5.221425 1.725276 -7.290626
v 5.221425 1.667548 -7.232897
v 5.163697 1.725276 -7.232897
v 10.305315 1.238009 5.943310
v 10.305315 1.238009 -7.579421
v 10.103379 1.238009 -7.381185
v 10.103379 1.238009 5.745075
v 6.405785 1.238009 5.745075
v 6.203849 1.238009 5.943310
v 10.305315 0.817740 5.943310
v 10.305315 0.817740 -7.579421
v 10.761851 0.817740 -7.579421
v 10.761851 0.817740 5.943310
v 10.761851 1.238009 5.943310
v 10.761851 1.238009 -7.579421
v 6.098372 0.010547 -7.948185
v 6.098372 0.010547 -7.690221
v 5.852789 0.010547 -7.690221
v 5.852789 0.010547 -7.948185
v 6.203849 0.817740 -7.579421
v 5.747313 0.817740 -7.579421
v 5.747313 0.817740 -8.058986
v 6.203849 0.817740 -8.058986
v 6.203849 1.238009 -7.579421
v 5.747313 1.238009 -7.579421
v 5.747313 1.238009 -8.058986
v 10.103379 0.817740 -7.381185
v 6.405785 0.817740 -7.381185
v 6.405785 0.817740 5.745075
v 6.203849 0.817740 5.943310
v 6.203849 1.238009 -8.058986
v 6.405785 1.238009 -7.381185
v 10.305315 0.817740 -8.058986
v 10.305315 1.238009 -8.058986
v 10.410792 0.010547 -7.690221
v 10.410792 0.010547 -7.948185
v 10.656374 0.010547 -7.948185
v 10.656374 0.010547 -7.690221
v 10.761851 0.817740 -8.058986
v 10.761851 1.238009 -8.058986
v 5.747313 1.238009 5.943310
v 10.103379 0.817740 5.745075
v 5.747313 0.817740 5.943310
v 10.761851 1.238009 6.422876
v 10.761851 0.817740 6.422876
v 10.305315 1.238009 6.422876
v 10.305315 0.817740 6.422876
v 10.656374 0.010547 6.054111
v 10.410792 0.010547 6.054111
v 10.656374 0.010547 6.312075
v 10.410792 0.010547 6.312075
v 6.203849 1.238009 6.422876
v 6.203849 0.817740 6.422876
v 5.747313 1.238009 6.422876
v 5.747313 0.817740 6.422876
v 6.098372 0.010547 6.054111
v 5.852789 0.010547 6.054111
v 6.098372 0.010547 6.312075
v 5.852789 0.010547 6.312075
v 7.440114 2.442027 -6.660382
v 9.368218 2.442027 -4.590267
v 10.425442 3.654263 -5.574966
v 8.497339 3.654263 -7.645081
v 8.249511 2.264698 -5.481280
v 9.591023 3.802902 -6.730763
v 8.714861 3.403067 -5.914706
v 7.903904 3.048145 -7.222328
v 7.676447 2.315447 -6.185295
v 8.093875 3.409030 -6.574089
v 7.811798 3.085593 -6.311361
v 7.621827 2.724709 -6.959600
v 7.694543 2.717721 -6.202150
v 7.480787 2.562991 -6.828237
v 7.503870 2.353512 -6.437147
v 7.555912 2.672137 -6.485619
v 7.676163 2.971355 -6.597621
v 7.958123 3.284400 -6.447648
v 7.762866 2.886427 -7.090964
v 7.819796 3.157609 -6.731400
v 7.958241 3.294792 -6.860348
v 8.432783 3.079631 -5.651979
v 7.857939 2.287604 -5.941748
v 8.001360 3.112000 -6.075330
v 7.876877 2.722323 -5.959387
v 8.293439 2.698907 -5.522194
v 8.048808 2.270512 -5.706934
v 8.083110 2.708524 -5.738883
v 8.217478 3.095153 -5.864034
v 8.283437 3.435436 -6.338058
v 8.150089 3.315131 -6.213856
v 8.583902 3.281722 -5.792731
v 8.367935 3.298129 -6.004169
v 8.499556 3.418589 -6.126760
v 8.930913 3.753844 -7.353705
v 8.185982 3.371581 -7.485054
v 8.375954 3.732466 -6.836816
v 8.044942 3.209863 -7.353691
v 8.208330 3.572709 -6.680691
v 8.081846 3.459072 -6.975472
v 8.240319 3.618228 -7.123075
v 8.327022 3.533299 -7.616418
v 8.652160 3.811494 -7.094074
v 8.470679 3.718051 -7.337632
v 8.699785 3.724771 -7.551020
v 8.996939 3.726503 -6.177433
v 8.565516 3.758872 -6.600785
v 8.394492 3.596840 -6.441493
v 8.826236 3.560863 -6.018440
v 8.610427 3.577535 -6.230026
v 8.781634 3.742025 -6.389488
v 9.158477 3.778827 -7.153069
v 8.857666 3.842498 -6.872892
v 9.285557 3.832659 -6.446253
v 9.073398 3.839930 -6.661236
v 9.379504 3.796315 -6.946343
v 9.961651 3.048145 -5.013021
v 8.681038 2.287604 -5.058025
v 9.106537 3.435436 -5.454334
v 8.824459 3.112000 -5.191607
v 8.699976 2.722323 -5.075664
v 8.460357 2.270512 -5.265072
v 8.494661 2.708524 -5.297022
v 8.629028 3.095153 -5.422172
v 8.973188 3.315131 -5.330133
v 8.779484 3.298129 -5.562307
v 8.911106 3.418589 -5.684899
v 9.679575 2.724709 -4.750293
v 8.911095 2.315447 -4.859711
v 9.046446 3.085593 -4.985777
v 8.929192 2.717721 -4.876566
v 9.538535 2.562991 -4.618929
v 9.150068 2.353512 -4.669701
v 9.202110 2.672137 -4.718172
v 9.322361 2.971356 -4.830174
v 9.328524 3.409030 -5.248504
v 9.192771 3.284400 -5.122064
v 9.820612 2.886427 -4.881657
v 9.465993 3.157608 -4.963953
v 9.604439 3.294792 -5.092902
v 9.981576 3.778827 -6.269345
v 9.388614 3.758872 -5.717061
v 9.217590 3.596840 -5.557770
v 9.021978 3.577535 -5.788165
v 9.193183 3.742025 -5.947626
v 9.680765 3.842498 -5.989169
v 9.484948 3.839930 -6.219375
v 9.791054 3.796315 -6.504482
v 10.243730 3.371581 -5.275747
v 9.610603 3.732466 -5.511231
v 9.442977 3.572709 -5.355106
v 10.102691 3.209863 -5.144384
v 9.728043 3.459072 -5.208026
v 9.886517 3.618228 -5.355629
v 10.165561 3.753844 -6.028121
v 9.886808 3.811494 -5.768489
v 10.384768 3.533299 -5.407111
v 10.116877 3.718051 -5.570186
v 10.345982 3.724772 -5.783574
v 9.150694 2.693223 -6.320642
v 8.537032 2.687260 -6.986844
v 8.254954 2.363824 -6.724116
v 7.969484 2.269924 -6.458230
v 7.742523 2.368203 -6.659428
v 7.979039 2.478062 -6.879719
v 8.423639 2.526214 -6.881229
v 8.138208 2.639007 -7.027969
v 8.261117 2.801498 -7.142447
v 8.868618 2.369787 -6.057914
v 8.476942 2.337418 -6.518287
v 8.174503 2.237579 -6.236596
v 8.570049 2.248392 -5.779828
v 8.370414 2.240592 -6.006477
v 8.672372 2.354265 -6.287722
v 8.759019 2.660854 -6.781013
v 8.649160 2.502292 -6.678691
v 9.040501 2.538058 -6.218007
v 8.844780 2.521491 -6.448301
v 8.954450 2.677701 -6.550448
v 8.819109 3.010696 -7.249571
v 8.674865 2.812859 -7.115222
v 8.400974 2.939307 -7.272708
v 8.543194 3.124934 -7.405173
v 8.924038 3.368685 -7.347301
v 8.655145 3.417611 -7.509443
v 9.432773 3.016659 -6.583368
v 9.041097 2.984291 -7.043741
v 8.894624 2.782273 -6.907315
v 9.283754 2.815700 -6.444573
v 9.088252 2.799302 -6.675071
v 9.236528 3.001138 -6.813176
v 9.152109 3.362938 -7.147137
v 9.559406 3.386641 -6.701315
v 9.357763 3.376784 -6.926093
v 9.582119 2.660854 -5.897291
v 9.300041 2.337418 -5.634563
v 8.997602 2.237578 -5.352872
v 8.781964 2.240592 -5.564616
v 9.083922 2.354265 -5.845860
v 9.472259 2.502292 -5.794968
v 9.256329 2.521491 -6.006439
v 9.366000 2.677701 -6.108587
v 9.489603 2.363824 -5.398532
v 9.204132 2.269924 -5.132645
v 9.388721 2.368203 -4.891982
v 9.625236 2.478062 -5.112272
v 9.771679 2.687260 -5.661259
v 9.658287 2.526213 -5.555644
v 9.784406 2.639007 -5.260523
v 9.907315 2.801498 -5.374999
v 9.864196 2.984290 -6.160017
v 9.717722 2.782273 -6.023592
v 9.499801 2.799302 -6.233210
v 9.648078 3.001137 -6.371314
v 9.975208 3.362938 -6.263413
v 9.769312 3.376784 -6.484232
v 10.053758 3.010696 -5.923986
v 9.909514 2.812859 -5.789638
v 10.047172 2.939307 -5.505262
v 10.189393 3.124934 -5.637727
v 10.158687 3.368685 -6.021717
v 10.301343 3.417611 -5.741997
v 10.761851 1.238009 -8.058986
v 10.761851 1.238009 6.422876
v 10.053658 1.560925 5.671053
v 10.053658 1.560925 -7.307164
v 10.053658 2.854472 5.671053
v 10.070779 2.918371 5.688175
v 10.117556 2.965148 5.734952
v 10.181455 2.982269 5.798851
v 10.053658 2.854472 -7.307164
v 10.070779 2.918371 -7.324286
v 10.117556 2.965148 -7.371062
v 10.181455 2.982269 -7.434961
v 10.761851 2.854472 -8.058986
v 10.744730 2.918371 -8.041864
v 10.697953 2.965148 -7.995088
v 10.634054 2.982269 -7.931189
v 10.761851 2.854472 6.422876
v 10.744730 2.918371 6.405754
v 10.697953 2.965148 6.358977
v 10.634054 2.982269 6.295079
v 5.787365 2.911732 -7.339757
v 5.811212 2.965148 -7.371062
v 5.875110 2.982269 -7.434961
v 5.875110 2.982269 -7.931189
v 5.811212 2.965148 -7.995088
v 5.787344 2.911761 -8.026361
v 5.875110 2.982269 5.798851
v 5.811212 2.965148 5.734952
v 5.787365 2.911732 5.703647
v 5.875110 2.982269 6.295079
v 5.811212 2.965148 6.358977
v 5.787344 2.911761 6.390251
v 5.747313 1.502949 -7.365140
v 5.755081 1.531937 -7.336152
v 5.776301 1.553157 -7.314931
v 5.805289 1.560925 -7.307164
v 5.805289 1.560925 5.671053
v 5.776301 1.553157 5.678821
v 5.755081 1.531937 5.700041
v 5.747313 1.502949 5.729030
v 5.755081 2.854472 -7.336152
v 5.776301 2.854472 -7.314931
v 5.805289 2.854472 -7.307164
v 5.780515 2.886168 -7.332908
v 5.747313 2.854472 -7.365140
v 5.755081 1.272517 -8.029998
v 5.776301 1.247255 -8.051219
v 5.805289 1.238009 -8.058986
v 5.747313 1.238009 -8.017991
v 5.747313 1.307025 -8.001010
v 5.776301 2.854472 -8.051219
v 5.755081 2.854472 -8.029998
v 5.747313 2.854472 -8.001010
v 5.780495 2.886197 -8.033211
v 5.805289 2.854472 -8.058986
v 5.776301 2.854472 5.678821
v 5.755081 2.854472 5.700041
v 5.747313 2.854472 5.729030
v 5.780515 2.886168 5.696797
v 5.805289 2.854472 5.671053
v 5.776301 1.247255 6.415109
v 5.755081 1.272517 6.393888
v 5.747313 1.307025 6.364900
v 5.747313 1.238009 6.381881
v 5.805289 1.238009 6.422876
v 5.755081 2.854472 6.393888
v 5.776301 2.854472 6.415109
v 5.805289 2.854472 6.422876
v 5.780495 2.886197 6.397101
v 5.747313 2.854472 6.364900
v 5.816484 2.918371 6.405754
v 5.816484 2.918371 -8.041864
v 5.764434 2.918371 6.354661
v 5.764434 2.918371 -7.990771
v 5.764434 2.918371 5.741444
v 5.764434 2.918371 -7.377554
v 5.815626 2.918371 5.688175
v 5.815626 2.918371 -7.324286
v 9.028193 1.714347 5.633361
v 9.028193 1.655447 5.574460
v 9.028193 1.633888 5.494001
v 9.108653 1.655447 5.494001
v 9.167553 1.714347 5.494001
v 9.189112 1.794807 5.494001
v 9.167553 1.794807 5.574460
v 9.108653 1.794807 5.633361
v 9.028193 1.794807 5.654921
v 9.028193 1.655447 -0.770853
v 9.028193 1.714347 -0.829752
v 9.028193 1.794807 -0.851312
v 9.108653 1.794807 -0.829752
v 9.167553 1.794807 -0.770853
v 9.189112 1.794807 -0.690393
v 9.167553 1.714347 -0.690393
v 9.108653 1.655447 -0.690393
v 9.028193 1.633888 -0.690393
v 9.028193 2.256069 5.574460
v 9.028193 2.197168 5.633361
v 9.028193 2.116709 5.654921
v 9.108653 2.116709 5.633361
v 9.167553 2.116709 5.574460
v 9.189112 2.116709 5.494001
v 9.167553 2.197168 5.494001
v 9.108653 2.256069 5.494001
v 9.028193 2.277628 5.494001
v 9.028193 2.197168 -0.829752
v 9.028193 2.256069 -0.770853
v 9.028193 2.277628 -0.690393
v 9.108653 2.256069 -0.690393
v 9.167553 2.197168 -0.690393
v 9.189112 2.116709 -0.690393
v 9.167553 2.116709 -0.770853
v 9.108653 2.116709 -0.829752
v 9.028193 2.116709 -0.851312
v 5.151596 2.116709 5.574460
v 5.210496 2.116709 5.633361
v 5.290956 2.116709 5.654921
v 5.290956 2.197168 5.633361
v 5.290956 2.256069 5.574460
v 5.290956 2.277628 5.494001
v 5.210496 2.256069 5.494001
v 5.151596 2.197168 5.494001
v 5.130037 2.116709 5.494001
v 5.210496 2.116709 -0.829752
v 5.151596 2.116709 -0.770853
v 5.130037 2.116709 -0.690393
v 5.151596 2.197168 -0.690393
v 5.210496 2.256069 -0.690393
v 5.290956 2.277628 -0.690393
v 5.290956 2.256069 -0.770853
v 5.290956 2.197168 -0.829752
v 5.290956 2.116709 -0.851312
v 5.290956 1.655447 5.574460
v 5.290956 1.714347 5.633361
v 5.290956 1.794807 5.654921
v 5.210496 1.794807 5.633361
v 5.151596 1.794807 5.574460
v 5.130037 1.794807 5.494001
v 5.151596 1.714347 5.494001
v 5.210496 1.655447 5.494001
v 5.290956 1.633888 5.494001
v 5.290956 1.714347 -0.829752
v 5.290956 1.655447 -0.770853
v 5.290956 1.633888 -0.690393
v 5.210496 1.655447 -0.690393
v 5.151596 1.714347 -0.690393
v 5.130037 1.794807 -0.690393
v 5.151596 1.794807 -0.770853
v 5.210496 1.794807 -0.829752
v 5.290956 1.794807 -0.851312
v 9.097724 1.725276 5.621258
v 9.097724 1.667548 5.563530
v 9.155452 1.725276 5.563530
v 9.097724 1.667548 -0.759924
v 9.097724 1.725276 -0.817652
v 9.155452 1.725276 -0.759924
v 9.097724 2.243968 5.563530
v 9.097724 2.186239 5.621258
v 9.155452 2.186239 5.563530
v 9.097724 2.186239 -0.817652
v 9.097724 2.243968 -0.759924
v 9.155452 2.186239 -0.759924
v 5.163697 2.186239 5.563530
v 5.221425 2.186239 5.621258
v 5.221425 2.243968 5.563530
v 5.221425 2.186239 -0.817652
v 5.163697 2.186239 -0.759924
v 5.221425 2.243968 -0.759924
v 5.221425 1.667548 5.563530
v 5.221425 1.725276 5.621258
v 5.163697 1.725276 5.563530
v 5.221425 1.725276 -0.817652
v 5.221425 1.667548 -0.759924
v 5.163697 1.725276 -0.759924
vt 0.313642 0.917316
vt 0.316067 0.912905
vt 0.319770 0.924257
vt 0.315308 0.928040
vt 0.318493 0.908495
vt 0.322560 0.919763
vt 0.321523 0.933099
vt 0.316042 0.936799
vt 0.310570 0.929705
vt 0.311850 0.922718
vt 0.320918 0.904085
vt 0.324620 0.915437
vt 0.324499 0.928519
vt 0.321981 0.940276
vt 0.316176 0.944204
vt 0.310069 0.937419
vt 0.323343 0.899674
vt 0.327081 0.911568
vt 0.326373 0.924279
vt 0.325022 0.935621
vt 0.321803 0.946633
vt 0.316041 0.950868
vt 0.309722 0.944855
vt 0.325768 0.895264
vt 0.329471 0.906616
vt 0.328822 0.920695
vt 0.321644 0.953015
vt 0.315969 0.957404
vt 0.309535 0.951998
vt 0.328193 0.890854
vt 0.330994 0.899436
vt 0.331223 0.915458
vt 0.329247 0.927978
vt 0.326832 0.931456
vt 0.321942 0.959986
vt 0.316181 0.964221
vt 0.309518 0.958833
vt 0.324670 0.948286
vt 0.324982 0.955277
vt 0.322260 0.966982
vt 0.316455 0.970910
vt 0.309675 0.965350
vt 0.325301 0.962326
vt 0.321941 0.973158
vt 0.316461 0.976858
vt 0.310001 0.971561
vt 0.310488 0.977478
vt 0.311129 0.983116
vt 0.315866 0.981452
vt 0.419641 0.915437
vt 0.417208 0.911590
vt 0.420919 0.899674
vt 0.423344 0.904085
vt 0.415479 0.920728
vt 0.417889 0.924278
vt 0.414791 0.906616
vt 0.418494 0.895264
vt 0.425769 0.908495
vt 0.421711 0.919807
vt 0.413038 0.915458
vt 0.419777 0.928584
vt 0.417430 0.931455
vt 0.415057 0.928016
vt 0.413118 0.899243
vt 0.416068 0.890854
vt 0.428194 0.912905
vt 0.424492 0.924257
vt 0.422739 0.933099
vt 0.430620 0.917315
vt 0.428855 0.927781
vt 0.428071 0.936414
vt 0.422281 0.940276
vt 0.419256 0.935691
vt 0.433421 0.929214
vt 0.432412 0.922718
vt 0.433787 0.936683
vt 0.427920 0.943783
vt 0.434092 0.944041
vt 0.428055 0.950458
vt 0.422459 0.946633
vt 0.434285 0.951194
vt 0.422618 0.953015
vt 0.428131 0.957007
vt 0.434314 0.958050
vt 0.427916 0.963811
vt 0.422319 0.959986
vt 0.434145 0.964547
vt 0.427640 0.970489
vt 0.422001 0.966982
vt 0.419298 0.955345
vt 0.419609 0.948351
vt 0.433813 0.970746
vt 0.427652 0.976473
vt 0.422321 0.973158
vt 0.418977 0.962397
vt 0.433369 0.976741
vt 0.432863 0.982625
vt 0.428297 0.981193
vt 0.641714 0.838834
vt 0.641460 0.838834
vt 0.641460 0.768934
vt 0.641714 0.768934
vt 0.641714 0.839743
vt 0.641494 0.839620
vt 0.641273 0.838834
vt 0.641273 0.768934
vt 0.641714 0.768025
vt 0.641494 0.768149
vt 0.642733 0.768934
vt 0.642733 0.838834
vt 0.642733 0.839743
vt 0.641714 0.840409
vt 0.641494 0.840272
vt 0.641311 0.839620
vt 0.641311 0.768149
vt 0.642733 0.768025
vt 0.641494 0.767496
vt 0.641714 0.767359
vt 0.642988 0.838834
vt 0.642988 0.768934
vt 0.642953 0.839620
vt 0.642733 0.840409
vt 0.642733 0.767359
vt 0.642953 0.768149
vt 0.643175 0.838834
vt 0.643175 0.768934
vt 0.643136 0.839620
vt 0.642953 0.840272
vt 0.642953 0.767496
vt 0.643136 0.768149
vt 0.627313 0.768025
vt 0.627313 0.768934
vt 0.626294 0.768934
vt 0.626294 0.768025
vt 0.627567 0.768934
vt 0.627533 0.768149
vt 0.627313 0.838834
vt 0.626294 0.838834
vt 0.626039 0.768934
vt 0.626074 0.768149
vt 0.627313 0.767359
vt 0.626294 0.767359
vt 0.627567 0.838834
vt 0.627533 0.767496
vt 0.627716 0.768149
vt 0.627754 0.768934
vt 0.627313 0.839743
vt 0.626294 0.839743
vt 0.626039 0.838834
vt 0.625852 0.768934
vt 0.625891 0.768149
vt 0.626074 0.767496
vt 0.627754 0.838834
vt 0.627533 0.839620
vt 0.627313 0.840409
vt 0.626294 0.840409
vt 0.626074 0.839620
vt 0.625852 0.838834
vt 0.627716 0.839620
vt 0.627533 0.840272
vt 0.626074 0.840272
vt 0.625891 0.839620
vt 0.517901 0.977607
vt 0.517901 0.850873
vt 0.521840 0.850873
vt 0.521840 0.977607
vt 0.517901 0.846379
vt 0.521840 0.846379
vt 0.521840 0.982101
vt 0.517901 0.982101
vt 0.510337 0.849835
vt 0.510337 0.847417
vt 0.510337 0.981063
vt 0.510337 0.978645
vt 0.531197 0.977607
vt 0.531197 0.982101
vt 0.523632 0.981063
vt 0.523632 0.978645
vt 0.535135 0.977607
vt 0.535135 0.982101
vt 0.535135 0.850873
vt 0.531197 0.850873
vt 0.531197 0.846379
vt 0.535135 0.846379
vt 0.523632 0.849835
vt 0.523632 0.847417
vt 0.180426 0.900113
vt 0.165207 0.900113
vt 0.168723 0.874496
vt 0.176910 0.874496
vt 0.223571 0.900113
vt 0.208351 0.900113
vt 0.211868 0.874496
vt 0.220054 0.874496
vt 0.188445 0.967950
vt 0.173997 0.967950
vt 0.177335 0.943632
vt 0.185107 0.943632
vt 0.217391 0.929572
vt 0.202172 0.929572
vt 0.205688 0.903955
vt 0.213875 0.903955
vt 0.732406 0.762034
vt 0.732406 0.995306
vt 0.724937 0.995306
vt 0.724937 0.762034
vt 0.228972 0.777540
vt 0.108284 0.778005
vt 0.108269 0.774141
vt 0.228957 0.773676
vt 0.267113 0.939487
vt 0.272573 0.942953
vt 0.270877 0.952038
vt 0.266436 0.948483
vt 0.267181 0.931783
vt 0.272965 0.935463
vt 0.275524 0.947278
vt 0.273642 0.956283
vt 0.267217 0.963525
vt 0.264816 0.959356
vt 0.261707 0.946945
vt 0.261142 0.938952
vt 0.272715 0.928757
vt 0.266976 0.924785
vt 0.275980 0.939859
vt 0.260729 0.931223
vt 0.277373 0.951291
vt 0.275678 0.960375
vt 0.269617 0.967694
vt 0.263021 0.954030
vt 0.260475 0.923771
vt 0.266834 0.917908
vt 0.272484 0.922027
vt 0.279803 0.954674
vt 0.278116 0.964029
vt 0.272017 0.971863
vt 0.260389 0.916610
vt 0.272715 0.914734
vt 0.266976 0.910762
vt 0.277765 0.943800
vt 0.280161 0.947083
vt 0.282174 0.959629
vt 0.280478 0.968713
vt 0.274417 0.976032
vt 0.260475 0.909748
vt 0.275727 0.919181
vt 0.275484 0.926494
vt 0.267181 0.903737
vt 0.272965 0.907417
vt 0.276818 0.980201
vt 0.260729 0.903178
vt 0.275980 0.911813
vt 0.267113 0.897419
vt 0.272573 0.900885
vt 0.279218 0.984370
vt 0.281960 0.975522
vt 0.261142 0.896884
vt 0.261707 0.890854
vt 0.266436 0.892392
vt 0.302311 0.958892
vt 0.300594 0.948265
vt 0.305153 0.946945
vt 0.304106 0.953565
vt 0.299911 0.963061
vt 0.296250 0.951574
vt 0.299868 0.939387
vt 0.305584 0.939184
vt 0.297510 0.967230
vt 0.293495 0.955777
vt 0.294554 0.942489
vt 0.299782 0.931717
vt 0.305955 0.931529
vt 0.295110 0.971399
vt 0.291449 0.959911
vt 0.291618 0.946753
vt 0.294162 0.934998
vt 0.299988 0.924709
vt 0.306215 0.924067
vt 0.292710 0.975568
vt 0.289038 0.963544
vt 0.289754 0.950827
vt 0.291164 0.939328
vt 0.294412 0.928293
vt 0.300134 0.917820
vt 0.306312 0.916885
vt 0.290310 0.979737
vt 0.286649 0.968249
vt 0.287364 0.954179
vt 0.294643 0.921563
vt 0.299988 0.910686
vt 0.306215 0.910044
vt 0.287909 0.983906
vt 0.285018 0.975240
vt 0.284953 0.959165
vt 0.287009 0.946583
vt 0.289362 0.943336
vt 0.294412 0.914270
vt 0.299782 0.903671
vt 0.305955 0.903483
vt 0.291660 0.925968
vt 0.291417 0.918653
vt 0.294162 0.906953
vt 0.299868 0.897319
vt 0.305584 0.897116
vt 0.291164 0.911282
vt 0.294554 0.900421
vt 0.300594 0.892173
vt 0.305153 0.890854
vt 0.742510 0.774307
vt 0.590059 0.778529
vt 0.589638 0.763334
vt 0.742089 0.759112
vt 0.742732 0.775052
vt 0.589879 0.779285
vt 0.743297 0.775586
vt 0.589345 0.779850
vt 0.536927 0.982101
vt 0.536927 0.846379
vt 0.552076 0.846379
vt 0.552076 0.982101
vt 0.552675 0.846539
vt 0.552675 0.981941
vt 0.553113 0.846978
vt 0.553113 0.981502
vt 0.566121 0.977960
vt 0.565849 0.978232
vt 0.565849 0.855515
vt 0.566121 0.855786
vt 0.578515 0.977960
vt 0.578515 0.978232
vt 0.563366 0.849396
vt 0.564013 0.849555
vt 0.564013 0.984191
vt 0.563366 0.984350
vt 0.578515 0.855515
vt 0.578515 0.855786
vt 0.566320 0.977761
vt 0.566320 0.855985
vt 0.578515 0.977761
vt 0.578812 0.977930
vt 0.578515 0.984191
vt 0.563689 0.849284
vt 0.578515 0.849555
vt 0.563689 0.984463
vt 0.578812 0.855817
vt 0.578515 0.855985
vt 0.579052 0.977994
vt 0.579114 0.978348
vt 0.578515 0.984463
vt 0.579114 0.984095
vt 0.563453 0.849085
vt 0.578515 0.849284
vt 0.579114 0.855398
vt 0.579114 0.849651
vt 0.563453 0.984661
vt 0.579052 0.855753
vt 0.579552 0.978287
vt 0.578813 0.984493
vt 0.578515 0.984661
vt 0.579552 0.984135
vt 0.579052 0.984428
vt 0.578515 0.849085
vt 0.578813 0.849254
vt 0.579052 0.849318
vt 0.579552 0.855459
vt 0.579552 0.849611
vt 0.610873 0.838834
vt 0.610618 0.838834
vt 0.610618 0.768934
vt 0.610873 0.768934
vt 0.610873 0.839743
vt 0.610653 0.839620
vt 0.610432 0.838834
vt 0.610432 0.768934
vt 0.610873 0.768025
vt 0.610653 0.768149
vt 0.611892 0.768934
vt 0.611892 0.838834
vt 0.611892 0.839743
vt 0.610873 0.840409
vt 0.610653 0.840272
vt 0.610470 0.839620
vt 0.610470 0.768149
vt 0.611892 0.768025
vt 0.610653 0.767496
vt 0.610873 0.767359
vt 0.612147 0.838834
vt 0.612147 0.768934
vt 0.612112 0.839620
vt 0.611892 0.840409
vt 0.611892 0.767359
vt 0.612112 0.768149
vt 0.612333 0.838834
vt 0.612333 0.768934
vt 0.612295 0.839620
vt 0.612112 0.840272
vt 0.612112 0.767496
vt 0.612295 0.768149
vt 0.596471 0.768025
vt 0.596471 0.768934
vt 0.595452 0.768934
vt 0.595452 0.768025
vt 0.596726 0.768934
vt 0.596691 0.768149
vt 0.596471 0.838834
vt 0.595452 0.838834
vt 0.595198 0.768934
vt 0.595232 0.768149
vt 0.596471 0.767359
vt 0.595452 0.767359
vt 0.596726 0.838834
vt 0.596691 0.767496
vt 0.596874 0.768149
vt 0.596913 0.768934
vt 0.596471 0.839743
vt 0.595452 0.839743
vt 0.595198 0.838834
vt 0.595011 0.768934
vt 0.595049 0.768149
vt 0.595232 0.767496
vt 0.596913 0.838834
vt 0.596691 0.839620
vt 0.596471 0.840409
vt 0.595452 0.840409
vt 0.595232 0.839620
vt 0.595011 0.838834
vt 0.596874 0.839620
vt 0.596691 0.840272
vt 0.595232 0.840272
vt 0.595049 0.839620
vt 0.442141 0.892049
vt 0.444613 0.890854
vt 0.447665 0.893504
vt 0.444429 0.900632
vt 0.451230 0.899388
vt 0.447275 0.908050
vt 0.454745 0.905383
vt 0.450477 0.914731
vt 0.443392 0.916654
vt 0.441200 0.907812
vt 0.458169 0.911582
vt 0.453832 0.921098
vt 0.446370 0.923831
vt 0.461462 0.918079
vt 0.457137 0.927577
vt 0.449734 0.930188
vt 0.443995 0.929174
vt 0.441065 0.921891
vt 0.464596 0.924935
vt 0.460258 0.934451
vt 0.453086 0.936570
vt 0.447356 0.935537
vt 0.467598 0.932089
vt 0.463330 0.941437
vt 0.456160 0.943541
vt 0.450716 0.941903
vt 0.445831 0.939008
vt 0.442467 0.932651
vt 0.470510 0.939446
vt 0.466556 0.948109
vt 0.459223 0.950536
vt 0.453783 0.948890
vt 0.449183 0.945390
vt 0.440613 0.936816
vt 0.444001 0.943120
vt 0.473372 0.946916
vt 0.470136 0.954043
vt 0.462673 0.956712
vt 0.456848 0.955879
vt 0.452257 0.952361
vt 0.447363 0.949481
vt 0.439489 0.925474
vt 0.437603 0.929715
vt 0.438563 0.941472
vt 0.441927 0.947829
vt 0.474723 0.953412
vt 0.474275 0.958814
vt 0.466907 0.961223
vt 0.460345 0.961949
vt 0.455320 0.959357
vt 0.450428 0.956472
vt 0.445279 0.954211
vt 0.472324 0.963224
vt 0.464708 0.966175
vt 0.458769 0.965533
vt 0.453467 0.963522
vt 0.470372 0.967634
vt 0.463003 0.970044
vt 0.456883 0.969773
vt 0.468420 0.972045
vt 0.461082 0.974370
vt 0.454866 0.974353
vt 0.451417 0.968177
vt 0.466469 0.976455
vt 0.459100 0.978864
vt 0.464517 0.980865
vt 0.417843 0.783579
vt 0.424020 0.776257
vt 0.431106 0.783630
vt 0.426418 0.792472
vt 0.416816 0.768832
vt 0.408963 0.774470
vt 0.410967 0.790227
vt 0.420051 0.799649
vt 0.423807 0.766672
vt 0.429092 0.767868
vt 0.401374 0.780387
vt 0.431426 0.797742
vt 0.425165 0.805030
vt 0.412859 0.806006
vt 0.403797 0.796597
vt 0.394062 0.786597
vt 0.417976 0.811393
vt 0.396736 0.803084
vt 0.405691 0.812388
vt 0.387041 0.793115
vt 0.410793 0.817759
vt 0.421204 0.814827
vt 0.428397 0.808470
vt 0.399117 0.819359
vt 0.390055 0.809950
vt 0.380320 0.799950
vt 0.414037 0.821209
vt 0.404235 0.824746
vt 0.425181 0.819006
vt 0.432428 0.812705
vt 0.383484 0.816933
vt 0.392568 0.826355
vt 0.373890 0.807093
vt 0.417990 0.825365
vt 0.407463 0.828180
vt 0.397681 0.831735
vt 0.438859 0.805598
vt 0.434764 0.801293
vt 0.429550 0.823647
vt 0.436743 0.817290
vt 0.376618 0.823637
vt 0.385193 0.832531
vt 0.367738 0.814529
vt 0.422383 0.830029
vt 0.411439 0.832359
vt 0.400914 0.835175
vt 0.390201 0.837801
vt 0.376139 0.837042
vt 0.369053 0.829669
vt 0.361849 0.822243
vt 0.404945 0.839411
vt 0.393539 0.841351
vt 0.380861 0.842016
vt 0.360384 0.834632
vt 0.364557 0.839043
vt 0.359427 0.829230
vt 0.397634 0.845657
vt 0.384485 0.845862
vt 0.368730 0.843453
vt 0.401884 0.850172
vt 0.409260 0.843996
vt 0.388636 0.850232
vt 0.372903 0.847863
vt 0.392831 0.854683
vt 0.377075 0.852273
vt 0.381248 0.856684
vt 0.655850 0.838834
vt 0.655850 0.839743
vt 0.644018 0.839743
vt 0.644018 0.838834
vt 0.656105 0.838834
vt 0.656070 0.839620
vt 0.655850 0.840409
vt 0.644018 0.840409
vt 0.643764 0.838834
vt 0.643798 0.839620
vt 0.644018 0.768934
vt 0.655850 0.768934
vt 0.656105 0.768934
vt 0.656070 0.840272
vt 0.643798 0.840272
vt 0.643764 0.768934
vt 0.655850 0.768025
vt 0.644018 0.768025
vt 0.656070 0.768149
vt 0.643798 0.768149
vt 0.655850 0.767359
vt 0.644018 0.767359
vt 0.656070 0.767496
vt 0.643798 0.767496
vt 0.640429 0.768025
vt 0.640429 0.768934
vt 0.628598 0.768934
vt 0.628598 0.768025
vt 0.640684 0.768934
vt 0.640649 0.768149
vt 0.640429 0.838834
vt 0.628598 0.838834
vt 0.628343 0.768934
vt 0.628378 0.768149
vt 0.640429 0.767359
vt 0.628598 0.767359
vt 0.640684 0.838834
vt 0.640649 0.767496
vt 0.640429 0.839743
vt 0.628598 0.839743
vt 0.628343 0.838834
vt 0.628378 0.767496
vt 0.640649 0.839620
vt 0.640429 0.840409
vt 0.628598 0.840409
vt 0.628378 0.839620
vt 0.640649 0.840272
vt 0.628378 0.840272
vt 0.158030 0.781893
vt 0.158030 0.919505
vt 0.151621 0.917488
vt 0.151621 0.783911
vt 0.034276 0.783911
vt 0.027867 0.781893
vt 0.172518 0.781893
vt 0.172518 0.919505
vt 0.027867 0.919505
vt 0.034276 0.917488
vt 0.027867 0.777013
vt 0.158030 0.777013
vt 0.172518 0.777013
vt 0.158030 0.924385
vt 0.172518 0.924385
vt 0.027867 0.924385
vt 0.013379 0.919505
vt 0.013379 0.781893
vt 0.013379 0.777013
vt 0.013379 0.924385
vt 0.729635 0.974471
vt 0.729635 0.801695
vt 0.735468 0.801695
vt 0.735468 0.974471
vt 0.677232 0.974471
vt 0.679812 0.971938
vt 0.727055 0.971938
vt 0.727055 0.804228
vt 0.679812 0.804228
vt 0.677232 0.801695
vt 0.729635 0.980598
vt 0.677232 0.980598
vt 0.671399 0.974471
vt 0.671399 0.801695
vt 0.677232 0.795568
vt 0.729635 0.795568
vt 0.382233 0.860526
vt 0.382233 0.868712
vt 0.374439 0.868712
vt 0.374439 0.860526
vt 0.360741 0.868712
vt 0.360741 0.860526
vt 0.368534 0.860526
vt 0.368534 0.868712
vt 0.472166 0.992894
vt 0.472166 0.984707
vt 0.475811 0.984707
vt 0.475811 0.992894
vt 0.469404 0.984707
vt 0.469404 0.992894
vt 0.465759 0.992894
vt 0.465759 0.984707
vt 0.370099 0.911698
vt 0.370702 0.917025
vt 0.369523 0.923646
vt 0.366123 0.916874
vt 0.366845 0.931407
vt 0.362708 0.923167
vt 0.368005 0.907530
vt 0.362703 0.910065
vt 0.364114 0.939062
vt 0.359650 0.930170
vt 0.358608 0.915003
vt 0.365912 0.903361
vt 0.360351 0.905380
vt 0.361287 0.946524
vt 0.356743 0.937476
vt 0.355314 0.921535
vt 0.356120 0.910048
vt 0.363819 0.899192
vt 0.358517 0.901727
vt 0.358318 0.953705
vt 0.353784 0.944676
vt 0.352413 0.928852
vt 0.352775 0.916480
vt 0.354422 0.906665
vt 0.361725 0.895023
vt 0.356462 0.897635
vt 0.355178 0.960547
vt 0.350635 0.951499
vt 0.349500 0.936145
vt 0.349872 0.923791
vt 0.351127 0.913197
vt 0.352407 0.902652
vt 0.359632 0.890854
vt 0.354330 0.893389
vt 0.351898 0.967108
vt 0.347433 0.958216
vt 0.346305 0.942875
vt 0.346967 0.931099
vt 0.348226 0.920514
vt 0.349148 0.909256
vt 0.350235 0.898327
vt 0.348520 0.973475
vt 0.344383 0.965235
vt 0.343097 0.949580
vt 0.343764 0.937814
vt 0.345314 0.927807
vt 0.346273 0.916624
vt 0.346940 0.904859
vt 0.345090 0.979737
vt 0.341689 0.972965
vt 0.340283 0.957071
vt 0.340559 0.944525
vt 0.342118 0.934537
vt 0.343370 0.923936
vt 0.342085 0.982722
vt 0.339557 0.981812
vt 0.338270 0.966156
vt 0.337796 0.952116
vt 0.338910 0.941243
vt 0.340164 0.930646
vt 0.336931 0.937301
vt 0.341127 0.919470
vt 0.337931 0.926199
vt 0.336097 0.948733
vt 0.334082 0.944721
vt 0.334724 0.932905
vt 0.381417 0.923441
vt 0.378049 0.917056
vt 0.381559 0.910065
vt 0.385654 0.915003
vt 0.374506 0.924110
vt 0.377068 0.932103
vt 0.374164 0.911698
vt 0.376257 0.907529
vt 0.383921 0.905360
vt 0.388158 0.910017
vt 0.384460 0.930474
vt 0.388949 0.921535
vt 0.373560 0.917025
vt 0.379762 0.939832
vt 0.378351 0.903360
vt 0.385746 0.901727
vt 0.389841 0.906665
vt 0.391505 0.916444
vt 0.391850 0.928852
vt 0.387368 0.937777
vt 0.382594 0.947284
vt 0.380444 0.899192
vt 0.387821 0.897593
vt 0.391887 0.902591
vt 0.393136 0.913197
vt 0.394408 0.923756
vt 0.390331 0.944970
vt 0.394762 0.936145
vt 0.385573 0.954445
vt 0.382537 0.895023
vt 0.389932 0.893389
vt 0.394027 0.898327
vt 0.395148 0.909189
vt 0.396036 0.920514
vt 0.397313 0.931064
vt 0.397958 0.942875
vt 0.393476 0.951800
vt 0.388703 0.961306
vt 0.384630 0.890854
vt 0.397322 0.904859
vt 0.398022 0.916559
vt 0.398949 0.927807
vt 0.400517 0.937779
vt 0.396677 0.958520
vt 0.401166 0.949580
vt 0.391978 0.967877
vt 0.400924 0.923874
vt 0.402144 0.934537
vt 0.403722 0.944490
vt 0.399742 0.965509
vt 0.403979 0.957071
vt 0.395393 0.974171
vt 0.404130 0.930582
vt 0.405352 0.941243
vt 0.406483 0.952085
vt 0.405992 0.966156
vt 0.402482 0.973147
vt 0.398940 0.980201
vt 0.403136 0.919469
vt 0.406331 0.926199
vt 0.407365 0.937234
vt 0.404705 0.981812
vt 0.402177 0.982722
vt 0.409539 0.932905
vt 0.410211 0.944659
vt 0.408166 0.948733
vt 0.622828 0.854773
vt 0.622229 0.855372
vt 0.581870 0.855372
vt 0.582469 0.854773
vt 0.622828 0.978798
vt 0.622229 0.978199
vt 0.621790 0.855810
vt 0.581912 0.855810
vt 0.581870 0.849523
vt 0.582469 0.850122
vt 0.627069 0.850122
vt 0.627069 0.983449
vt 0.582469 0.978798
vt 0.581870 0.978199
vt 0.581647 0.855665
vt 0.627668 0.849523
vt 0.627668 0.984048
vt 0.582469 0.983449
vt 0.581870 0.984048
vt 0.621790 0.977761
vt 0.581912 0.977761
vt 0.628107 0.849085
vt 0.581920 0.849085
vt 0.581647 0.977906
vt 0.581647 0.849230
vt 0.628107 0.984486
vt 0.581920 0.984486
vt 0.581647 0.984341
vt 0.684454 0.945980
vt 0.684010 0.945666
vt 0.684010 0.835370
vt 0.684454 0.835056
vt 0.722419 0.835056
vt 0.722419 0.945980
vt 0.684232 0.945921
vt 0.684232 0.835116
vt 0.043561 0.972926
vt 0.043142 0.973038
vt 0.043142 0.785371
vt 0.043561 0.785483
vt 0.104919 0.785483
vt 0.104919 0.972926
vt 0.625009 0.838834
vt 0.625009 0.839743
vt 0.613177 0.839743
vt 0.613177 0.838834
vt 0.625263 0.838834
vt 0.625229 0.839620
vt 0.625009 0.840409
vt 0.613177 0.840409
vt 0.612922 0.838834
vt 0.612957 0.839620
vt 0.613177 0.768934
vt 0.625009 0.768934
vt 0.625263 0.768934
vt 0.625229 0.840272
vt 0.612957 0.840272
vt 0.612922 0.768934
vt 0.625009 0.768025
vt 0.613177 0.768025
vt 0.625229 0.768149
vt 0.612957 0.768149
vt 0.625009 0.767359
vt 0.613177 0.767359
vt 0.625229 0.767496
vt 0.612957 0.767496
vt 0.609588 0.768025
vt 0.609588 0.768934
vt 0.597756 0.768934
vt 0.597756 0.768025
vt 0.609843 0.768934
vt 0.609808 0.768149
vt 0.609588 0.838834
vt 0.597756 0.838834
vt 0.597502 0.768934
vt 0.597536 0.768149
vt 0.609588 0.767359
vt 0.597756 0.767359
vt 0.609843 0.838834
vt 0.609808 0.767496
vt 0.609588 0.839743
vt 0.597756 0.839743
vt 0.597502 0.838834
vt 0.597536 0.767496
vt 0.609808 0.839620
vt 0.609588 0.840409
vt 0.597756 0.840409
vt 0.597536 0.839620
vt 0.609808 0.840272
vt 0.597536 0.840272
vt 0.272276 0.869038
vt 0.260558 0.865697
vt 0.264007 0.856644
vt 0.273547 0.860113
vt 0.271626 0.845061
vt 0.276811 0.849234
vt 0.280737 0.854520
vt 0.283678 0.861510
vt 0.432958 0.879962
vt 0.429484 0.869331
vt 0.439247 0.868151
vt 0.436884 0.874677
vt 0.427773 0.884135
vt 0.420154 0.872552
vt 0.416705 0.863499
vt 0.428104 0.860526
vt 0.551412 0.781485
vt 0.552412 0.781485
vt 0.552412 0.827935
vt 0.551412 0.827935
vt 0.552412 0.780485
vt 0.551548 0.780621
vt 0.556413 0.781485
vt 0.556413 0.827935
vt 0.552412 0.828935
vt 0.551548 0.828799
vt 0.556413 0.780485
vt 0.557413 0.781485
vt 0.557413 0.827935
vt 0.556413 0.828935
vt 0.557277 0.780621
vt 0.557277 0.828799
vt 0.565229 0.781485
vt 0.566229 0.781485
vt 0.566229 0.827935
vt 0.565229 0.827935
vt 0.565229 0.780485
vt 0.566093 0.780621
vt 0.565229 0.828935
vt 0.566093 0.828799
vt 0.561228 0.827935
vt 0.561228 0.781485
vt 0.561228 0.780485
vt 0.561228 0.828935
vt 0.560228 0.781485
vt 0.560228 0.827935
vt 0.560364 0.780621
vt 0.560364 0.828799
vt 0.159061 0.900113
vt 0.144573 0.900113
vt 0.147920 0.874496
vt 0.155714 0.874496
vt 0.615522 0.919313
vt 0.615522 0.915403
vt 0.622435 0.916306
vt 0.622435 0.918409
vt 0.611922 0.915403
vt 0.611922 0.919313
vt 0.615522 0.880277
vt 0.611922 0.880277
vt 0.611922 0.876367
vt 0.615522 0.876367
vt 0.622435 0.877271
vt 0.622435 0.879374
vt 0.202205 0.900113
vt 0.187717 0.900113
vt 0.191064 0.874496
vt 0.198858 0.874496
vt 0.610329 0.880277
vt 0.606730 0.880277
vt 0.606730 0.876367
vt 0.610329 0.876367
vt 0.606730 0.915403
vt 0.610329 0.915403
vt 0.599817 0.879374
vt 0.599817 0.877271
vt 0.610329 0.919313
vt 0.606730 0.919313
vt 0.599817 0.918409
vt 0.599817 0.916306
vt 0.161819 0.915667
vt 0.175573 0.915667
vt 0.172396 0.939985
vt 0.164997 0.939985
vt 0.151613 0.943643
vt 0.165367 0.943643
vt 0.162189 0.967961
vt 0.154791 0.967961
vt 0.586675 0.826442
vt 0.586675 0.780485
vt 0.591899 0.780485
vt 0.591899 0.826442
vt 0.599980 0.780485
vt 0.599980 0.826442
vt 0.594756 0.826442
vt 0.594756 0.780485
vt 0.451800 0.800607
vt 0.456932 0.796131
vt 0.464760 0.807467
vt 0.455264 0.811283
vt 0.468385 0.816224
vt 0.456710 0.819945
vt 0.445152 0.812935
vt 0.447961 0.806012
vt 0.407174 0.872612
vt 0.397886 0.869059
vt 0.399439 0.860526
vt 0.410800 0.863856
vt 0.394215 0.879472
vt 0.399347 0.883948
vt 0.388138 0.867642
vt 0.390376 0.874067
vt 0.511741 0.762481
vt 0.512536 0.762694
vt 0.512536 0.815496
vt 0.511741 0.815368
vt 0.528613 0.815496
vt 0.528613 0.762694
vt 0.512142 0.815804
vt 0.511824 0.815719
vt 0.528709 0.815856
vt 0.512536 0.815856
vt 0.583832 0.918720
vt 0.584380 0.918816
vt 0.584108 0.919029
vt 0.583889 0.918970
vt 0.583832 0.876514
vt 0.584380 0.876367
vt 0.584380 0.919064
vt 0.598223 0.876367
vt 0.598223 0.918816
vt 0.598144 0.919064
vt 0.596283 0.962550
vt 0.582440 0.962550
vt 0.582440 0.920101
vt 0.596283 0.920101
vt 0.582519 0.962798
vt 0.596283 0.962798
vt 0.596831 0.920248
vt 0.596831 0.962454
vt 0.596555 0.962762
vt 0.596774 0.962703
vt 0.547751 0.833500
vt 0.548545 0.833372
vt 0.548462 0.833723
vt 0.548144 0.833808
vt 0.547751 0.780698
vt 0.548545 0.780485
vt 0.547751 0.833860
vt 0.531673 0.780698
vt 0.531673 0.833500
vt 0.531577 0.833860
vt 0.569044 0.781485
vt 0.570044 0.781485
vt 0.570044 0.827935
vt 0.569044 0.827935
vt 0.570044 0.780485
vt 0.569180 0.780621
vt 0.574045 0.781485
vt 0.574045 0.827935
vt 0.570044 0.828935
vt 0.569180 0.828799
vt 0.574045 0.780485
vt 0.575045 0.781485
vt 0.575045 0.827935
vt 0.574045 0.828935
vt 0.574909 0.780621
vt 0.574909 0.828799
vt 0.582860 0.781485
vt 0.583860 0.781485
vt 0.583860 0.827935
vt 0.582860 0.827935
vt 0.582860 0.780485
vt 0.583724 0.780621
vt 0.582860 0.828935
vt 0.583724 0.828799
vt 0.578859 0.827935
vt 0.578859 0.781485
vt 0.578859 0.780485
vt 0.578859 0.828935
vt 0.577860 0.781485
vt 0.577860 0.827935
vt 0.577995 0.780621
vt 0.577995 0.828799
vn -0.469448 0.228573 0.852862
vn -0.131625 0.451367 0.882577
vn 0.185430 0.586860 0.788169
vn -0.444491 0.878496 0.175140
vn -0.071042 0.996176 -0.050851
vn 0.522617 0.649449 0.552347
vn 0.538493 0.649634 0.536657
vn -0.069679 0.997096 -0.030729
vn -0.461098 0.760296 -0.457536
vn -0.462351 0.758734 -0.458861
vn -0.512869 0.755584 -0.407503
vn -0.511621 0.757245 -0.405986
vn -0.230049 0.731398 -0.641977
vn -0.222122 0.727511 -0.649145
vn 0.096612 0.597591 -0.795960
vn 0.083557 0.605456 -0.791480
vn -0.519950 0.252126 -0.816140
vn -0.384713 0.530567 -0.755311
vn -0.059267 0.510552 -0.857802
vn -0.272089 0.339978 -0.900212
vn -0.153665 -0.576309 -0.802655
vn -0.353611 -0.630413 -0.691042
vn 0.170880 -0.429941 -0.886539
vn 0.485541 -0.215436 -0.847253
vn 0.643517 -0.068515 -0.762359
vn 0.716687 0.015068 -0.697232
vn 0.716720 0.015107 -0.697197
vn -0.673925 0.270485 -0.687505
vn -0.588975 0.548103 -0.593878
vn -0.631504 0.540073 -0.556349
vn -0.687453 0.256091 -0.679578
vn -0.645257 0.235313 -0.726822
vn -0.577431 0.533489 -0.618032
vn -0.456711 -0.645484 -0.612181
vn -0.509386 -0.649054 -0.565027
vn -0.522618 -0.649448 -0.552348
vn -0.446685 0.758774 -0.474061
vn -0.446490 0.760589 -0.471329
vn 0.651988 0.640097 0.406434
vn 0.769274 0.599538 0.220845
vn 0.168052 0.891796 -0.420070
vn 0.078548 0.981915 -0.172258
vn 0.084178 0.605657 -0.791261
vn -0.230082 0.731143 -0.642256
vn -0.090702 0.892108 -0.442625
vn 0.125918 0.739718 -0.661031
vn 0.717474 0.016045 -0.696400
vn 0.780706 0.102532 -0.616429
vn 0.860554 0.257452 -0.439506
vn 0.875666 0.473236 -0.096211
vn -0.461187 0.760185 -0.457630
vn -0.286666 0.917862 -0.274504
vn -0.321497 0.918641 -0.229646
vn -0.511879 0.757020 -0.406080
vn -0.257014 0.925140 -0.279391
vn -0.446797 0.760235 -0.471609
vn 0.581479 0.648433 0.491342
vn -0.010781 0.998389 -0.055704
vn -0.717500 -0.016075 0.696373
vn -0.717467 -0.016034 0.696408
vn -0.811533 0.577870 0.086488
vn -0.806860 0.586122 0.073742
vn -0.475304 0.759963 -0.443330
vn -0.477989 0.758094 -0.443644
vn -0.409519 0.757828 -0.507927
vn -0.408077 0.759493 -0.506601
vn -0.713246 0.233836 -0.660758
vn -0.613115 0.532713 -0.583358
vn -0.550081 0.541840 -0.635468
vn -0.665296 0.256572 -0.701108
vn -0.535672 -0.649625 -0.539484
vn -0.584375 -0.648255 -0.488131
vn -0.855700 -0.244557 0.456036
vn -0.778636 -0.099394 0.619554
vn -0.866956 0.493014 -0.072966
vn -0.899476 0.326356 -0.290577
vn -0.806446 0.245904 -0.537751
vn -0.755722 0.522510 -0.394800
vn -0.666452 -0.637206 -0.387053
vn -0.784888 -0.590017 -0.189291
vn -0.881218 -0.452787 0.135791
vn -0.658649 0.718032 -0.224972
vn -0.651346 0.722250 -0.232602
vn 0.459999 0.645795 0.609385
vn 0.506480 0.648939 0.567764
vn -0.050993 0.997502 -0.048886
vn -0.077656 0.996937 0.009279
vn -0.408157 0.759272 -0.506866
vn -0.475568 0.759610 -0.443654
vn -0.292557 0.924368 -0.244855
vn -0.240865 0.920392 -0.307998
vn -0.716712 -0.015096 0.697206
vn -0.640524 0.071671 0.764587
vn -0.680699 0.722204 0.122762
vn -0.806662 0.586315 0.074375
vn -0.459676 0.884097 -0.084090
vn -0.651617 0.721990 -0.232647
vn 0.373327 0.634046 0.677209
vn -0.196307 0.975947 0.094820
vn 0.286602 -0.326804 0.900588
vn 0.679107 -0.240544 0.693507
vn 0.672044 -0.225731 0.705268
vn 0.461178 -0.760197 0.457619
vn 0.408247 -0.759280 0.506782
vn 0.407006 -0.760952 0.505271
vn 0.459922 -0.761754 0.456292
vn 0.651536 -0.722014 0.232802
vn 0.806555 -0.586501 -0.074065
vn 0.810432 -0.579238 -0.087650
vn 0.656392 -0.720836 0.222586
vn 0.222384 -0.971709 -0.079537
vn 0.461909 -0.870113 -0.171882
vn 0.685919 -0.717986 -0.118369
vn 0.469665 -0.877989 0.092470
vn 0.092481 -0.993036 0.072984
vn 0.071268 -0.994761 0.073286
vn 0.250534 -0.914083 0.318880
vn 0.296445 -0.911627 0.284705
vn 0.100887 -0.994806 0.013562
vn 0.303024 -0.918058 0.255627
vn 0.475367 -0.761352 0.440873
vn 0.475598 -0.759598 0.443641
vn 0.806313 -0.217902 0.549889
vn 0.899143 -0.313505 0.305378
vn 0.806961 -0.585944 -0.074059
vn 0.869987 -0.486978 0.077294
vn 0.760174 -0.510673 0.401682
vn 0.651457 -0.722190 0.232477
vn 0.461089 -0.760307 0.457526
vn 0.407982 -0.759491 0.506680
vn 0.556260 -0.528456 0.641334
vn 0.594660 -0.535122 0.600019
vn 0.618868 -0.518867 0.589728
vn 0.475292 -0.759952 0.443362
vn 0.717340 -0.202012 0.666795
vn -0.083862 -0.605835 0.791158
vn -0.097712 -0.598956 0.794798
vn 0.446785 -0.760222 0.471641
vn 0.511793 -0.757031 0.406167
vn 0.510356 -0.758707 0.404847
vn 0.444065 -0.762031 0.471291
vn 0.032898 -0.996282 0.079627
vn 0.093425 -0.994280 0.051756
vn 0.331957 -0.912315 0.239761
vn 0.267340 -0.918833 0.290301
vn -0.165478 -0.883736 0.437754
vn -0.121770 -0.735524 0.666466
vn -0.064112 -0.977930 0.198852
vn 0.098655 -0.886044 0.452982
vn 0.219867 -0.730314 0.646761
vn 0.230239 -0.731160 0.642179
vn 0.650463 -0.203464 0.731779
vn 0.690730 -0.225327 0.687110
vn 0.511703 -0.757239 0.405893
vn 0.636892 -0.526706 0.562982
vn 0.583325 -0.519639 0.624266
vn 0.446522 -0.760578 0.471317
vn -0.083880 -0.605287 0.791576
vn 0.063371 -0.504493 0.861087
vn 0.391198 -0.518685 0.760217
vn 0.229921 -0.731344 0.642085
vn 0.531457 -0.223869 0.816968
vn 0.005629 -0.999978 0.003423
vn 0.004244 -0.866054 0.499933
vn -0.004244 -0.866054 0.499933
vn -0.005629 -0.999978 0.003423
vn 0.004244 -0.499933 0.866054
vn -0.004244 -0.499933 0.866054
vn 0.005358 -0.053259 0.998566
vn -0.005358 -0.053259 0.998566
vn 0.998570 -0.053354 0.003264
vn 0.866044 -0.499962 0.002582
vn 0.866044 -0.499962 -0.002582
vn 0.998570 -0.053354 -0.003264
vn 0.707102 -0.707107 0.002559
vn 0.707102 -0.707107 -0.002559
vn 0.258575 -0.965988 0.002429
vn 0.005629 -0.999978 -0.003423
vn 0.258575 -0.965988 -0.002429
vn 0.254701 -0.039252 0.966223
vn 0.254701 0.039252 0.966223
vn 0.005358 0.053259 0.998566
vn 0.706508 -0.040973 0.706518
vn 0.865626 -0.041553 0.498963
vn 0.865626 0.041554 0.498963
vn 0.706508 0.040975 0.706518
vn 0.998570 0.053354 0.003264
vn 0.005358 -0.053260 -0.998566
vn 0.004244 -0.499933 -0.866054
vn -0.004244 -0.499933 -0.866054
vn -0.005358 -0.053260 -0.998566
vn 0.004205 -0.707095 -0.707106
vn -0.004205 -0.707095 -0.707106
vn 0.003992 -0.966025 -0.258418
vn -0.005629 -0.999978 -0.003423
vn -0.003992 -0.966025 -0.258418
vn 0.966224 -0.039253 -0.254696
vn 0.966224 0.039254 -0.254696
vn 0.998570 0.053354 -0.003264
vn 0.706508 -0.040973 -0.706518
vn 0.498962 -0.041552 -0.865627
vn 0.498962 0.041552 -0.865627
vn 0.706507 0.040973 -0.706519
vn 0.005358 0.053260 -0.998566
vn 0.003993 0.258421 0.966024
vn -0.003993 0.258421 0.966024
vn -0.005358 0.053259 0.998566
vn 0.004205 0.707098 0.707103
vn 0.004244 0.866054 0.499932
vn -0.004244 0.866054 0.499932
vn -0.004205 0.707098 0.707103
vn 0.005629 0.999978 0.003423
vn -0.005629 0.999978 0.003423
vn 0.499958 0.866046 0.002582
vn 0.499958 0.866046 -0.002582
vn 0.005629 0.999978 -0.003423
vn 0.866044 0.499961 0.002582
vn 0.866044 0.499961 -0.002582
vn 0.003993 0.966026 -0.258416
vn -0.003993 0.966025 -0.258416
vn -0.005629 0.999978 -0.003423
vn 0.004205 0.707096 -0.707106
vn 0.004244 0.499933 -0.866054
vn -0.004244 0.499933 -0.866054
vn -0.004205 0.707095 -0.707106
vn -0.005358 0.053260 -0.998566
vn -0.254701 0.039252 0.966223
vn -0.254701 -0.039252 0.966223
vn -0.706510 0.040976 0.706516
vn -0.865628 0.041554 0.498961
vn -0.865628 -0.041553 0.498961
vn -0.706510 -0.040976 0.706516
vn -0.998570 0.053354 0.003264
vn -0.998570 -0.053354 0.003264
vn -0.866046 0.499958 0.002582
vn -0.866046 0.499958 -0.002582
vn -0.998570 0.053354 -0.003264
vn -0.499961 0.866044 0.002582
vn -0.499961 0.866044 -0.002582
vn -0.966224 0.039252 -0.254696
vn -0.966224 -0.039251 -0.254696
vn -0.998570 -0.053354 -0.003264
vn -0.706509 0.040975 -0.706517
vn -0.498963 0.041553 -0.865627
vn -0.498964 -0.041552 -0.865626
vn -0.706510 -0.040974 -0.706516
vn -0.258577 -0.965988 0.002429
vn -0.258577 -0.965988 -0.002429
vn -0.707106 -0.707103 0.002559
vn -0.866045 -0.499959 0.002582
vn -0.866045 -0.499959 -0.002582
vn -0.707106 -0.707103 -0.002559
vn 0.229007 -0.229007 0.946103
vn 0.499478 -0.499478 0.707845
vn 0.499480 -0.707843 0.499478
vn 0.229005 -0.946105 0.229004
vn 0.707844 -0.499476 0.499480
vn 0.946102 -0.229018 0.229003
vn 0.229003 -0.946105 -0.229005
vn 0.499480 -0.707841 -0.499480
vn 0.499478 -0.499475 -0.707846
vn 0.229008 -0.229003 -0.946104
vn 0.707845 -0.499477 -0.499479
vn 0.946102 -0.229015 -0.229004
vn 0.229004 0.946106 0.228999
vn 0.499481 0.707842 0.499478
vn 0.499476 0.499481 0.707844
vn 0.229007 0.229007 0.946103
vn 0.707843 0.499480 0.499478
vn 0.946103 0.229014 0.229002
vn 0.229009 0.229003 -0.946104
vn 0.499477 0.499477 -0.707845
vn 0.499482 0.707842 -0.499478
vn 0.229006 0.946105 -0.229003
vn 0.707843 0.499477 -0.499480
vn 0.946101 0.229019 -0.229003
vn -0.946104 0.229008 0.229003
vn -0.707843 0.499480 0.499478
vn -0.499478 0.499480 0.707843
vn -0.229008 0.229009 0.946102
vn -0.499483 0.707840 0.499479
vn -0.229005 0.946105 0.229001
vn -0.229007 0.229005 -0.946104
vn -0.499478 0.499478 -0.707844
vn -0.707840 0.499483 -0.499479
vn -0.946104 0.229007 -0.229004
vn -0.499481 0.707841 -0.499479
vn -0.229008 0.946104 -0.229003
vn -0.229006 -0.946104 0.229005
vn -0.499482 -0.707840 0.499480
vn -0.499478 -0.499480 0.707843
vn -0.229007 -0.229009 0.946103
vn -0.707843 -0.499480 0.499478
vn -0.946104 -0.229006 0.229004
vn -0.229010 -0.229004 -0.946103
vn -0.499480 -0.499476 -0.707845
vn -0.499481 -0.707841 -0.499479
vn -0.229004 -0.946104 -0.229007
vn -0.707844 -0.499479 -0.499477
vn -0.946105 -0.229004 -0.229005
vn 0.000000 1.000000 0.000000
vn 0.000000 1.000000 0.000000
vn 0.000000 1.000000 0.000000
vn 0.000000 1.000000 0.000000
vn 0.000000 1.000000 0.000000
vn -0.000000 1.000000 0.000000
vn -0.000000 -1.000000 -0.000000
vn -0.000000 -1.000000 -0.000000
vn 0.000000 -1.000000 0.000000
vn 0.000000 -1.000000 0.000000
vn 0.000000 1.000000 0.000000
vn 0.000000 1.000000 0.000000
vn 1.000000 0.000000 0.000000
vn 1.000000 0.000000 0.000000
vn 1.000000 0.000000 0.000000
vn 1.000000 0.000000 0.000000
vn 0.000000 -1.000000 0.000000
vn 0.000000 -1.000000 0.000000
vn 0.000000 -1.000000 0.000000
vn 0.000000 -1.000000 0.000000
vn 0.000000 -0.135991 0.990710
vn 0.000000 -0.135991 0.990710
vn 0.000000 -0.135991 0.990710
vn 0.000000 -0.135991 0.990710
vn -0.997195 -0.074849 0.000000
vn -0.997195 -0.074849 0.000000
vn -0.991570 -0.129569 0.000000
vn -0.991570 -0.129569 0.000000
vn 0.991570 -0.129570 0.000000
vn 0.991570 -0.129570 0.000000
vn 0.991570 -0.129570 0.000000
vn 0.991570 -0.129570 0.000000
vn 0.000000 -0.078755 -0.996894
vn 0.000000 -0.016410 -0.999865
vn 0.000000 -0.135991 -0.990710
vn 0.000000 -0.135991 -0.990710
vn -1.000000 0.000000 0.000000
vn -1.000000 0.000000 0.000000
vn 0.000000 -1.000000 -0.000000
vn 0.000000 -1.000000 0.000000
vn -0.000000 -1.000000 -0.000000
vn 0.000000 -1.000000 -0.000000
vn 0.000000 -1.000000 0.000000
vn -0.000000 1.000000 -0.000000
vn -0.000000 1.000000 -0.000000
vn -0.000000 1.000000 -0.000000
vn -0.000000 1.000000 -0.000000
vn 0.000000 0.000000 -1.000000
vn 0.000000 0.000000 -1.000000
vn -0.000000 1.000000 0.000000
vn 0.000000 1.000000 0.000000
vn 0.000000 -1.000000 0.000000
vn 0.000000 -1.000000 0.000000
vn 0.000000 -1.000000 0.000000
vn 0.000000 -1.000000 0.000000
vn 0.000000 1.000000 -0.000000
vn 0.000000 1.000000 -0.000000
vn 0.000000 -0.016410 -0.999865
vn 0.000000 0.000000 -1.000000
vn 0.000000 -1.000000 0.000000
vn 0.000000 -1.000000 0.000000
vn 0.000000 -1.000000 0.000000
vn 0.000000 -1.000000 0.000000
vn 0.000000 -0.135991 0.990710
vn 0.000000 -0.135991 0.990710
vn 0.000000 -0.135991 0.990710
vn 0.000000 -0.135991 0.990710
vn -0.991570 -0.129570 0.000000
vn -0.991570 -0.129570 0.000000
vn -0.991570 -0.129570 0.000000
vn -0.991570 -0.129570 0.000000
vn 0.997195 -0.074848 0.000000
vn 0.997195 -0.074848 0.000000
vn 0.991571 -0.129568 0.000000
vn 0.991571 -0.129568 0.000000
vn 0.000000 -0.078755 -0.996894
vn 0.000000 -0.135991 -0.990710
vn 0.000000 -0.135991 -0.990710
vn 0.000000 1.000000 -0.000001
vn 0.000000 1.000000 -0.000001
vn 1.000000 0.000000 0.000000
vn 1.000000 0.000000 0.000000
vn 0.000000 0.000000 -1.000000
vn -0.000001 1.000000 0.000000
vn -0.000001 1.000000 0.000000
vn -0.000000 -1.000000 -0.000000
vn 0.000000 -1.000000 0.000000
vn 0.000000 -1.000000 0.000000
vn -1.000000 0.000000 0.000000
vn -1.000000 0.000000 0.000000
vn -1.000000 0.000000 0.000000
vn -1.000000 0.000000 0.000000
vn 0.997195 -0.074848 0.000000
vn 1.000000 0.000000 0.000000
vn 1.000000 0.000000 0.000000
vn 0.997195 -0.074848 0.000000
vn 0.000000 1.000000 0.000000
vn 0.000000 1.000000 0.000000
vn 0.000000 1.000000 0.000001
vn 0.000000 1.000000 0.000001
vn 0.000000 0.000000 1.000000
vn 0.000000 -0.016411 0.999865
vn 0.000000 -0.078756 0.996894
vn 0.000000 0.000000 1.000000
vn 0.000000 -0.135991 -0.990710
vn 0.000000 -0.135991 -0.990710
vn 0.000000 -0.135991 -0.990710
vn 0.000000 -0.135991 -0.990710
vn 0.991570 -0.129569 0.000000
vn 0.991570 -0.129569 0.000000
vn -0.991570 -0.129571 0.000000
vn -0.991570 -0.129571 0.000000
vn -0.991570 -0.129571 0.000000
vn -0.991570 -0.129571 0.000000
vn 0.000000 -0.135992 0.990710
vn 0.000000 -0.135992 0.990710
vn 0.000000 -1.000000 0.000000
vn 0.000000 -1.000000 0.000000
vn 0.000000 -1.000000 0.000000
vn 0.000000 -1.000000 0.000000
vn -0.000000 1.000000 0.000000
vn -0.000000 1.000000 0.000000
vn 0.000000 -1.000000 0.000000
vn 0.000000 -1.000000 0.000000
vn 0.000000 -1.000000 0.000000
vn 0.000000 -1.000000 0.000000
vn 0.000000 -0.016411 0.999865
vn 0.000000 0.000000 1.000000
vn -0.000000 1.000000 0.000000
vn -0.000000 1.000000 0.000000
vn -1.000000 0.000000 0.000000
vn -0.997195 -0.074849 0.000000
vn -0.997195 -0.074849 0.000000
vn -1.000000 0.000000 0.000000
vn 0.000000 0.000000 1.000000
vn 0.000000 -0.078756 0.996894
vn 0.000000 -0.135991 -0.990710
vn 0.000000 -0.135991 -0.990710
vn 0.000000 -0.135991 -0.990710
vn 0.000000 -0.135991 -0.990710
vn 0.991570 -0.129570 0.000000
vn 0.991570 -0.129570 0.000000
vn 0.991570 -0.129570 0.000000
vn 0.991570 -0.129570 0.000000
vn -0.991570 -0.129569 0.000000
vn -0.991570 -0.129569 0.000000
vn 0.000000 -0.135992 0.990710
vn 0.000000 -0.135992 0.990710
vn 0.000000 -1.000000 0.000000
vn 0.000000 -1.000000 0.000000
vn 0.000000 -1.000000 0.000000
vn 0.000000 -1.000000 0.000000
vn -1.000000 0.000000 0.000000
vn -1.000000 0.000000 0.000000
vn -1.000000 0.000000 0.000000
vn -1.000000 0.000000 0.000000
vn 0.000000 0.000000 -1.000000
vn 0.000000 0.000000 -1.000000
vn 0.000000 0.000000 -1.000000
vn 0.000000 0.000000 -1.000000
vn 1.000000 0.000000 0.000000
vn 1.000000 0.000000 0.000000
vn 1.000000 0.000000 0.000000
vn 1.000000 0.000000 0.000000
vn 0.000000 0.000000 1.000000
vn 0.000000 0.000000 1.000000
vn 0.000000 0.000000 1.000000
vn 0.000000 0.000000 1.000000
vn 0.841807 0.240512 0.483234
vn 0.877730 0.457544 0.142283
vn 0.789479 0.587095 -0.179002
vn 0.162083 0.886850 0.432697
vn -0.056454 0.997020 0.052582
vn 0.560574 0.642766 -0.522119
vn 0.545222 0.642606 -0.538322
vn -0.036312 0.998006 0.051626
vn -0.470309 0.766111 0.438045
vn -0.471652 0.764567 0.439297
vn -0.421360 0.762524 0.490931
vn -0.419825 0.764169 0.489687
vn -0.649709 0.732382 0.203705
vn -0.656691 0.728326 0.195697
vn -0.796205 0.592238 -0.123742
vn -0.792034 0.600349 -0.110735
vn -0.827974 0.257431 0.498186
vn -0.765454 0.533755 0.359426
vn -0.860964 0.507640 0.032294
vn -0.907155 0.340593 0.247116
vn -0.803334 -0.577162 0.146761
vn -0.695745 -0.627289 0.349925
vn -0.880948 -0.436822 -0.181981
vn -0.835913 -0.227628 -0.499434
vn -0.748309 -0.083091 -0.658126
vn -0.681998 -0.000501 -0.731354
vn -0.681962 -0.000460 -0.731388
vn -0.702696 0.279035 0.654490
vn -0.608443 0.555556 0.566705
vn -0.571788 0.548433 0.610147
vn -0.694997 0.264913 0.668432
vn -0.741253 0.243195 0.625620
vn -0.632288 0.540636 0.554910
vn -0.619017 -0.640216 0.454908
vn -0.572973 -0.642658 0.508619
vn -0.560576 -0.642764 0.522119
vn -0.486519 0.764266 0.423316
vn -0.483791 0.766090 0.423146
vn 0.417465 0.630516 -0.654349
vn 0.234565 0.587094 -0.774790
vn -0.420107 0.886850 -0.192374
vn -0.174615 0.979621 -0.099260
vn -0.791801 0.600542 -0.111355
vn -0.649986 0.732127 0.203736
vn -0.448123 0.891547 0.065803
vn -0.661274 0.734443 -0.152675
vn -0.681153 0.000470 -0.732141
vn -0.600222 0.086206 -0.795174
vn -0.422291 0.240513 -0.873971
vn -0.079646 0.457545 -0.885612
vn -0.470404 0.766002 0.438135
vn -0.284286 0.921450 0.264784
vn -0.240178 0.923036 0.300532
vn -0.419922 0.763948 0.489947
vn -0.288576 0.928192 0.234912
vn -0.484076 0.765739 0.423454
vn 0.500829 0.640457 -0.582224
vn -0.060043 0.998165 -0.007799
vn 0.681126 -0.000499 0.732166
vn 0.681160 -0.000460 0.732134
vn 0.066942 0.592239 0.802977
vn 0.054265 0.600350 0.797894
vn -0.456404 0.766090 0.452550
vn -0.456768 0.764265 0.455260
vn -0.519588 0.762524 0.385468
vn -0.518237 0.764170 0.384024
vn -0.676634 0.243195 0.694999
vn -0.598371 0.540636 0.591324
vn -0.649176 0.548434 0.527058
vn -0.716056 0.264914 0.645821
vn -0.547988 -0.642659 0.535443
vn -0.497681 -0.640215 0.585183
vn 0.438868 -0.227628 0.869241
vn 0.603377 -0.083091 0.793115
vn -0.093296 0.507639 0.856503
vn -0.310854 0.340593 0.887337
vn -0.555674 0.257430 0.790542
vn -0.412827 0.533755 0.738024
vn -0.398406 -0.627287 0.669167
vn -0.203386 -0.577164 0.790896
vn 0.119018 -0.436823 0.891639
vn -0.241795 0.728326 0.641152
vn -0.249287 0.732382 0.633619
vn 0.616291 0.640456 -0.458260
vn 0.575648 0.642606 -0.505655
vn -0.054072 0.998006 0.032559
vn 0.003518 0.998165 0.060445
vn -0.518506 0.763947 0.384104
vn -0.456733 0.765739 0.452813
vn -0.254795 0.928191 0.271183
vn -0.316815 0.923036 0.218251
vn 0.681969 0.000467 0.731381
vn 0.750586 0.086204 0.655125
vn 0.105375 0.734443 0.670440
vn 0.054898 0.600541 0.797707
vn -0.097430 0.891547 0.442325
vn -0.249338 0.732126 0.633894
vn 0.682318 0.630517 -0.369988
vn 0.086621 0.979621 0.181217
vn 0.907783 -0.327669 -0.261846
vn 0.708682 -0.249162 -0.660067
vn 0.720230 -0.234177 -0.653016
vn 0.470394 -0.766013 -0.438125
vn 0.518423 -0.763957 -0.384196
vn 0.516894 -0.765614 -0.382957
vn 0.469046 -0.767555 -0.436870
vn 0.249491 -0.732148 -0.633809
vn -0.054592 -0.600726 -0.797589
vn -0.068121 -0.593592 -0.801878
vn 0.239376 -0.731101 -0.638898
vn -0.070808 -0.975767 -0.207036
vn -0.158493 -0.878756 -0.450187
vn -0.100890 -0.730297 -0.675639
vn 0.105994 -0.885576 -0.452240
vn 0.079022 -0.994152 -0.073601
vn 0.078884 -0.995508 -0.052360
vn 0.327873 -0.916847 -0.227797
vn 0.294666 -0.915341 -0.274452
vn 0.019799 -0.996334 -0.083224
vn 0.265759 -0.922016 -0.281529
vn 0.453956 -0.767489 -0.452641
vn 0.456721 -0.765726 -0.452845
vn 0.567690 -0.229375 -0.790643
vn 0.325592 -0.327672 -0.886917
vn -0.054579 -0.600175 -0.798004
vn 0.097660 -0.501638 -0.859548
vn 0.419752 -0.521966 -0.742536
vn 0.249165 -0.732324 -0.633733
vn 0.470297 -0.766124 -0.438035
vn 0.518316 -0.764165 -0.383928
vn 0.655116 -0.535133 -0.533344
vn 0.614648 -0.542650 -0.572485
vn 0.604805 -0.526862 -0.597182
vn 0.456437 -0.766077 -0.452539
vn 0.682625 -0.211420 -0.699518
vn 0.791706 -0.600726 0.111040
vn 0.795024 -0.593592 0.124841
vn 0.484108 -0.765727 -0.423441
vn 0.420009 -0.763958 -0.489859
vn 0.418664 -0.765615 -0.488421
vn 0.483708 -0.767490 -0.420698
vn 0.084419 -0.996334 -0.013845
vn 0.057824 -0.995508 -0.074970
vn 0.250485 -0.916847 -0.310885
vn 0.299675 -0.922016 -0.245115
vn 0.437809 -0.878755 0.190033
vn 0.666779 -0.730297 0.148571
vn 0.201492 -0.975767 0.085319
vn 0.458620 -0.885576 -0.073641
vn 0.654272 -0.731100 -0.193444
vn 0.649913 -0.732148 -0.203894
vn 0.746187 -0.211419 -0.631274
vn 0.702469 -0.234177 -0.672085
vn 0.419734 -0.764165 -0.489770
vn 0.578479 -0.535133 -0.615625
vn 0.638587 -0.526864 -0.560912
vn 0.483781 -0.766078 -0.423180
vn 0.792119 -0.600178 0.111058
vn 0.864310 -0.501638 -0.036433
vn 0.770445 -0.521966 -0.366014
vn 0.649813 -0.732325 -0.203575
vn 0.828927 -0.229373 -0.510164
vn -0.008611 0.999959 -0.002816
vn -0.197510 0.978171 -0.064583
vn -0.029995 0.972585 -0.230605
vn -0.005260 0.999168 -0.040443
vn 0.000000 0.707104 -0.707109
vn 0.000000 0.557014 -0.830503
vn -0.001888 0.494673 -0.869077
vn -0.000608 0.707075 -0.707138
vn 0.000000 0.014546 -0.999894
vn -0.001824 0.011424 -0.999933
vn 0.061261 0.997908 -0.020675
vn 0.195997 0.978371 -0.066148
vn -0.027101 0.972016 -0.233347
vn -0.005166 0.998997 -0.044480
vn -0.000547 0.707075 -0.707138
vn -0.001614 0.493125 -0.869957
vn -0.484864 0.409963 -0.772553
vn -0.001557 0.009111 -0.999957
vn -0.457413 0.335024 -0.823731
vn -0.999894 0.014552 0.000000
vn -0.999894 0.014552 0.000000
vn -1.000000 0.000000 0.000000
vn -1.000000 0.000000 0.000000
vn 1.000000 0.000000 0.000000
vn 1.000000 0.000000 0.000000
vn 0.999963 0.008589 0.000000
vn 0.999963 0.008589 0.000000
vn 0.000000 0.000000 -1.000000
vn -0.001259 0.000000 -0.999999
vn 0.000000 0.008575 -0.999963
vn -0.008611 0.999959 0.002816
vn -0.005260 0.999168 0.040443
vn -0.001557 0.009112 0.999957
vn -0.001259 0.000000 0.999999
vn 0.000000 0.000000 1.000000
vn 0.000000 0.008575 0.999963
vn 0.061261 0.997908 0.020675
vn -0.005166 0.998997 0.044480
vn -0.197510 0.978171 0.064583
vn -0.965929 0.258806 0.000000
vn -0.965929 0.258806 0.000000
vn -0.707108 0.707106 0.000000
vn -0.707108 0.707106 0.000000
vn -0.707108 0.707106 0.000000
vn -0.707108 0.707106 0.000000
vn -0.029995 0.972585 0.230605
vn -0.001824 0.011424 0.999933
vn -0.001888 0.494673 0.869077
vn -0.493472 0.407176 0.768566
vn -0.463799 0.331769 0.821474
vn -0.000608 0.707075 0.707138
vn 0.195997 0.978371 0.066148
vn 0.965928 0.258810 0.000000
vn 0.965928 0.258810 0.000000
vn 0.707114 0.707100 0.000000
vn 0.707114 0.707099 0.000000
vn 0.707114 0.707099 0.000000
vn 0.707114 0.707100 0.000000
vn -0.707626 0.706476 -0.012543
vn -0.707420 0.706756 -0.007282
vn -0.629943 0.582514 -0.513663
vn -0.791415 0.323709 -0.518532
vn -0.794496 0.343936 -0.500484
vn -0.999887 0.010055 -0.011149
vn -0.964601 0.262903 -0.020652
vn -0.027101 0.972016 0.233347
vn -0.707620 0.706550 -0.007769
vn -0.647867 0.579207 -0.494759
vn -0.707893 0.706216 -0.012140
vn 0.000000 0.425209 0.905095
vn -0.001614 0.493128 0.869956
vn 0.000000 0.707106 0.707107
vn -0.000548 0.707075 0.707138
vn -0.999866 0.010160 -0.012808
vn -0.964674 0.262573 -0.021450
vn -0.785499 0.312498 -0.534168
vn -0.789467 0.334169 -0.514853
vn 0.000000 -1.000000 0.000000
vn 0.000000 -1.000000 0.000000
vn 0.000000 -1.000000 0.000000
vn 0.000000 -1.000000 0.000000
vn 0.000000 -1.000000 0.000000
vn 0.000000 -1.000000 0.000000
vn -0.002108 0.999998 0.000000
vn -0.258812 0.965928 0.000000
vn -0.258812 0.965928 0.000000
vn -0.002108 0.999998 0.000000
vn -0.707110 0.707104 0.000000
vn -0.927008 0.374602 0.018155
vn -0.927008 0.374602 -0.018155
vn -0.707110 0.707104 0.000000
vn -0.999979 0.006503 0.000665
vn -0.999979 0.006503 -0.000665
vn -0.258801 0.000000 -0.965931
vn -0.258797 0.005736 -0.965915
vn -0.707700 -0.000966 -0.706513
vn -0.789290 0.000556 -0.614020
vn -0.707122 0.003273 -0.707084
vn -0.707120 0.004046 -0.707082
vn -0.999995 0.000004 -0.003270
vn -0.965886 0.008634 -0.258825
vn -0.999995 0.000004 0.003270
vn -0.789287 0.000556 0.614024
vn -0.965887 0.008634 0.258820
vn -0.999866 0.010160 0.012808
vn -0.707690 -0.000966 0.706523
vn -0.707110 0.004045 0.707092
vn -0.707112 0.003273 0.707094
vn -0.258819 0.000000 0.965926
vn -0.258815 0.005736 0.965910
vn 0.000000 1.000000 0.000000
vn 0.000000 1.000000 0.000000
vn 0.000000 0.000000 1.000000
vn 0.000000 0.014546 0.999894
vn -0.002112 0.000000 0.999998
vn -0.002113 0.000000 -0.999998
vn 0.000000 0.000000 -1.000000
vn -0.999887 0.010055 0.011149
vn -1.000000 -0.000001 0.000126
vn -1.000000 -0.000001 -0.000126
vn -0.794496 0.343937 0.500483
vn -0.965874 0.010094 0.258814
vn -0.633724 0.443649 0.633696
vn -0.707118 0.003966 0.707085
vn -0.707115 0.004909 0.707082
vn -0.258785 0.007097 0.965909
vn -0.383729 -0.747153 -0.542693
vn -0.383729 -0.747153 -0.542693
vn -0.383728 -0.747153 -0.542693
vn -0.633764 0.443533 -0.633736
vn -0.463788 0.331778 -0.821477
vn -0.258807 0.007097 -0.965903
vn -0.633723 0.443652 -0.633695
vn -0.707109 0.004909 -0.707088
vn -0.707112 0.003966 -0.707091
vn -0.965874 0.010094 -0.258814
vn -0.383730 -0.747156 0.542687
vn -0.383730 -0.747156 0.542687
vn -0.383730 -0.747156 0.542687
vn -0.789462 0.334177 0.514855
vn -0.633769 0.443512 0.633746
vn -0.457443 0.335017 0.823717
vn -0.258791 0.000000 0.965933
vn -0.707123 0.000000 0.707090
vn -0.707123 0.000000 0.707090
vn -0.258814 0.000000 -0.965927
vn -0.707117 0.000000 -0.707096
vn -0.707117 0.000000 -0.707096
vn -0.484893 0.409956 0.772538
vn 0.000000 0.707106 -0.707107
vn 0.000000 0.425205 -0.905097
vn -0.964674 0.262573 0.021450
vn -0.785494 0.312505 0.534172
vn -0.707420 0.706756 0.007282
vn -0.707626 0.706476 0.012543
vn -0.629915 0.582531 0.513678
vn -0.964601 0.262903 0.020652
vn -0.707893 0.706216 0.012140
vn -0.707620 0.706550 0.007769
vn -0.791415 0.323709 0.518531
vn -0.647881 0.579193 0.494757
vn -0.493469 0.407183 -0.768564
vn 0.000000 0.557014 0.830503
vn 0.000000 0.707104 0.707109
vn 0.005629 -0.999978 0.003423
vn 0.004244 -0.866054 0.499933
vn -0.004244 -0.866054 0.499933
vn -0.005629 -0.999978 0.003423
vn 0.004244 -0.499942 0.866049
vn -0.004244 -0.499942 0.866049
vn 0.005358 -0.053259 0.998566
vn -0.005358 -0.053259 0.998566
vn 0.998570 -0.053354 0.003264
vn 0.866044 -0.499961 0.002582
vn 0.866044 -0.499961 -0.002582
vn 0.998570 -0.053354 -0.003264
vn 0.707102 -0.707107 0.002559
vn 0.707102 -0.707107 -0.002559
vn 0.258577 -0.965988 0.002429
vn 0.005629 -0.999978 -0.003423
vn 0.258577 -0.965988 -0.002429
vn 0.254705 -0.039254 0.966222
vn 0.254705 0.039254 0.966222
vn 0.005358 0.053259 0.998566
vn 0.706518 -0.040974 0.706508
vn 0.865627 -0.041553 0.498963
vn 0.865627 0.041553 0.498963
vn 0.706518 0.040974 0.706508
vn 0.998570 0.053354 0.003264
vn 0.005358 -0.053259 -0.998566
vn 0.004244 -0.499932 -0.866054
vn -0.004244 -0.499932 -0.866054
vn -0.005358 -0.053259 -0.998566
vn 0.004205 -0.707096 -0.707105
vn -0.004205 -0.707096 -0.707105
vn 0.003993 -0.966025 -0.258418
vn -0.005629 -0.999978 -0.003423
vn -0.003993 -0.966025 -0.258418
vn 0.966224 -0.039251 -0.254696
vn 0.966224 0.039252 -0.254695
vn 0.998570 0.053354 -0.003264
vn 0.706507 -0.040973 -0.706519
vn 0.498959 -0.041552 -0.865629
vn 0.498959 0.041552 -0.865629
vn 0.706507 0.040973 -0.706519
vn 0.005358 0.053259 -0.998566
vn 0.003993 0.258421 0.966024
vn -0.003993 0.258421 0.966024
vn -0.005358 0.053259 0.998566
vn 0.004205 0.707109 0.707092
vn 0.004244 0.866055 0.499932
vn -0.004244 0.866055 0.499932
vn -0.004205 0.707110 0.707092
vn 0.005629 0.999978 0.003423
vn -0.005629 0.999978 0.003423
vn 0.499959 0.866045 0.002582
vn 0.499959 0.866045 -0.002582
vn 0.005629 0.999978 -0.003423
vn 0.866044 0.499961 0.002582
vn 0.866044 0.499961 -0.002582
vn 0.003993 0.966025 -0.258417
vn -0.003993 0.966025 -0.258417
vn -0.005629 0.999978 -0.003423
vn 0.004205 0.707097 -0.707104
vn 0.004244 0.499932 -0.866055
vn -0.004244 0.499932 -0.866055
vn -0.004205 0.707097 -0.707104
vn -0.005358 0.053259 -0.998566
vn -0.254705 0.039254 0.966222
vn -0.254705 -0.039254 0.966222
vn -0.706520 0.040977 0.706505
vn -0.865628 0.041554 0.498961
vn -0.865628 -0.041554 0.498961
vn -0.706520 -0.040977 0.706506
vn -0.998570 0.053354 0.003264
vn -0.998570 -0.053354 0.003264
vn -0.866044 0.499961 0.002582
vn -0.866044 0.499961 -0.002582
vn -0.998570 0.053354 -0.003264
vn -0.499959 0.866045 0.002582
vn -0.499959 0.866045 -0.002582
vn -0.966224 0.039252 -0.254695
vn -0.966224 -0.039251 -0.254696
vn -0.998570 -0.053354 -0.003264
vn -0.706509 0.040975 -0.706517
vn -0.498961 0.041553 -0.865628
vn -0.498961 -0.041553 -0.865628
vn -0.706509 -0.040975 -0.706517
vn -0.258577 -0.965988 0.002429
vn -0.258577 -0.965988 -0.002429
vn -0.707102 -0.707107 0.002559
vn -0.866044 -0.499961 0.002582
vn -0.866044 -0.499961 -0.002582
vn -0.707102 -0.707107 -0.002559
vn 0.229022 -0.229018 0.946097
vn 0.499483 -0.499479 0.707839
vn 0.499480 -0.707840 0.499482
vn 0.229004 -0.946104 0.229009
vn 0.707844 -0.499474 0.499482
vn 0.946101 -0.229014 0.229009
vn 0.229007 -0.946103 -0.229007
vn 0.499479 -0.707842 -0.499480
vn 0.499478 -0.499475 -0.707846
vn 0.229004 -0.229004 -0.946105
vn 0.707843 -0.499477 -0.499480
vn 0.946104 -0.229006 -0.229005
vn 0.229004 0.946105 0.229003
vn 0.499480 0.707839 0.499483
vn 0.499483 0.499479 0.707840
vn 0.229022 0.229018 0.946097
vn 0.707844 0.499474 0.499481
vn 0.946103 0.229010 0.229008
vn 0.229004 0.229004 -0.946105
vn 0.499477 0.499474 -0.707847
vn 0.499479 0.707841 -0.499481
vn 0.229006 0.946105 -0.229003
vn 0.707843 0.499477 -0.499480
vn 0.946103 0.229010 -0.229004
vn -0.946103 0.229009 0.229008
vn -0.707842 0.499481 0.499479
vn -0.499483 0.499485 0.707836
vn -0.229023 0.229021 0.946096
vn -0.499480 0.707842 0.499480
vn -0.229007 0.946104 0.229007
vn -0.229005 0.229006 -0.946104
vn -0.499478 0.499479 -0.707844
vn -0.707843 0.499479 -0.499479
vn -0.946104 0.229007 -0.229004
vn -0.499481 0.707841 -0.499480
vn -0.229006 0.946105 -0.229002
vn -0.229006 -0.946103 0.229011
vn -0.499480 -0.707842 0.499479
vn -0.499483 -0.499485 0.707835
vn -0.229023 -0.229020 0.946096
vn -0.707842 -0.499481 0.499479
vn -0.946103 -0.229007 0.229010
vn -0.229005 -0.229006 -0.946104
vn -0.499478 -0.499478 -0.707844
vn -0.499480 -0.707841 -0.499480
vn -0.229006 -0.946104 -0.229007
vn -0.707843 -0.499479 -0.499479
vn -0.946104 -0.229005 -0.229005
s 1
g Unit5_LabScene:pillow_1
usemtl initialShadingGroup
f 314/999/648 220/1000/649 316/1001/650 315/1002/651
f 271/1013/652 223/1012/653 273/1017/654 272/1018/655
f 249/1039/656 224/1031/657 251/1038/658 250/1049/659
f 235/1057/660 227/1053/661 238/1056/662 237/1059/663
f 230/1453/664 228/1454/665 234/1455/666 233/1456/667
f 232/616/668 226/615/669 230/613/664 233/617/667
f 218/1459/670 232/1460/668 233/1456/667 231/1458/671
f 234/1455/666 229/1457/672 231/1458/671 233/1456/667
f 228/1060/665 235/1057/660 237/1059/663 234/1063/666
f 237/1059/663 236/1062/673 229/1064/672 234/1063/666
f 238/1056/662 225/1058/674 236/1062/673 237/1059/663
f 243/596/675 239/595/676 246/603/677 245/604/678
f 242/609/679 241/608/680 228/612/665 230/613/664
f 226/615/669 240/614/681 242/609/679 230/613/664
f 244/610/682 222/605/683 243/596/675 245/604/678
f 240/614/681 244/610/682 245/604/678 242/609/679
f 246/603/677 241/608/680 242/609/679 245/604/678
f 247/1048/684 227/1053/661 235/1057/660 248/1054/685
f 235/1057/660 228/1060/665 241/1061/680 248/1054/685
f 239/595/676 249/606/656 250/607/659 246/603/677
f 250/607/659 248/611/685 241/608/680 246/603/677
f 251/1038/658 247/1048/684 248/1054/685 250/1049/659
f 252/1027/686 262/1034/687 261/1035/688 260/1028/689
f 257/1052/690 256/1047/691 254/1036/692 258/1046/693
f 238/1056/662 227/1053/661 256/1047/691 257/1052/690
f 255/1055/694 225/1058/674 238/1056/662 257/1052/690
f 253/1051/695 255/1055/694 257/1052/690 258/1046/693
f 258/1046/693 254/1036/692 260/1028/689 261/1035/688
f 259/1045/696 253/1051/695 258/1046/693 261/1035/688
f 262/1034/687 221/1044/697 259/1045/696 261/1035/688
f 266/1024/698 263/1019/699 268/1023/700 267/1030/701
f 264/1029/702 254/1036/692 256/1047/691 265/1037/703
f 256/1047/691 227/1053/661 247/1048/684 265/1037/703
f 224/1031/657 266/1024/698 267/1030/701 251/1038/658
f 267/1030/701 265/1037/703 247/1048/684 251/1038/658
f 268/1023/700 264/1029/702 265/1037/703 267/1030/701
f 269/1021/704 252/1027/686 260/1028/689 270/1022/705
f 260/1028/689 254/1036/692 264/1029/702 270/1022/705
f 263/1019/699 271/1013/652 272/1018/655 268/1023/700
f 272/1018/655 270/1022/705 264/1029/702 268/1023/700
f 273/1017/654 269/1021/704 270/1022/705 272/1018/655
f 295/573/706 274/579/707 297/580/708 296/574/709
f 282/1032/710 276/1026/711 284/1025/712 283/1033/713
f 278/583/714 277/582/715 281/589/716 280/590/717
f 279/597/718 275/591/719 278/583/714 280/590/717
f 222/605/683 279/597/718 280/590/717 243/596/675
f 281/589/716 239/595/676 243/596/675 280/590/717
f 277/1042/715 282/1032/710 283/1033/713 281/1043/716
f 283/1033/713 249/1039/656 239/1050/676 281/1043/716
f 284/1025/712 224/1031/657 249/1039/656 283/1033/713
f 289/569/720 285/570/721 292/571/722 291/572/723
f 288/576/724 287/575/725 277/582/715 278/583/714
f 275/591/719 286/584/726 288/576/724 278/583/714
f 290/577/727 219/578/728 289/569/720 291/572/723
f 286/584/726 290/577/727 291/572/723 288/576/724
f 292/571/722 287/575/725 288/576/724 291/572/723
f 293/1040/729 276/1026/711 282/1032/710 294/1041/730
f 282/588/710 277/582/715 287/575/725 294/581/730
f 285/570/721 295/573/706 296/574/709 292/571/722
f 296/574/709 294/581/730 287/575/725 292/571/722
f 297/580/708 293/587/729 294/581/730 296/574/709
f 298/1005/731 305/1009/732 304/1010/733 303/1006/734
f 301/1020/735 300/1015/736 299/1011/737 302/1014/738
f 284/1025/712 276/1026/711 300/1015/736 301/1020/735
f 266/1024/698 224/1031/657 284/1025/712 301/1020/735
f 263/1019/699 266/1024/698 301/1020/735 302/1014/738
f 302/1014/738 299/1011/737 303/1006/734 304/1010/733
f 271/1013/652 263/1019/699 302/1014/738 304/1010/733
f 305/1009/732 223/1012/653 271/1013/652 304/1010/733
f 309/585/739 306/592/740 311/593/741 310/586/742
f 307/1007/743 299/1011/737 300/1015/736 308/1016/744
f 300/601/736 276/602/711 293/587/729 308/594/744
f 274/579/707 309/585/739 310/586/742 297/580/708
f 310/586/742 308/594/744 293/587/729 297/580/708
f 311/593/741 307/600/743 308/594/744 310/586/742
f 312/1003/745 298/1005/731 303/1006/734 313/1004/746
f 303/1006/734 299/1011/737 307/1007/743 313/1004/746
f 306/592/740 314/598/648 315/599/651 311/593/741
f 315/1002/651 313/1004/746 307/1007/743 311/1008/741
f 316/1001/650 312/1003/745 313/1004/746 315/1002/651
f 314/1461/648 379/1462/747 316/1463/650 220/1464/649
f 350/651/748 351/647/749 273/649/654 223/652/653
f 334/1085/750 335/1081/751 336/1086/752 317/1091/753
f 323/622/754 324/619/755 325/618/756 318/623/757
f 320/1065/758 321/1066/759 322/1067/760 319/1068/761
f 232/1069/668 321/1066/759 320/1065/758 226/1070/669
f 218/1073/670 231/1074/671 321/1066/759 232/1069/668
f 322/624/760 321/632/759 231/633/671 229/625/672
f 319/628/761 322/624/760 324/619/755 323/622/754
f 324/619/755 322/624/760 229/625/672 236/620/673
f 325/618/756 324/619/755 236/620/673 225/621/674
f 329/1082/762 330/1079/763 331/1078/764 326/1083/765
f 328/1071/766 320/1065/758 319/1068/761 327/1072/767
f 226/1070/669 320/1065/758 328/1071/766 240/1075/681
f 244/1080/682 330/1079/763 329/1082/762 222/1084/683
f 240/1075/681 328/1071/766 330/1079/763 244/1080/682
f 331/1078/764 330/1079/763 328/1071/766 327/1072/767
f 332/630/768 333/631/769 323/622/754 318/623/757
f 323/1076/754 333/1077/769 327/1072/767 319/1068/761
f 326/1083/765 331/1078/764 335/1081/751 334/1085/750
f 335/1081/751 331/1078/764 327/1072/767 333/1077/769
f 336/1086/752 335/1081/751 333/1077/769 332/1087/768
f 252/644/686 341/639/770 342/638/771 262/642/687
f 339/627/772 340/635/773 337/636/774 338/629/775
f 325/618/756 339/627/772 338/629/775 318/623/757
f 255/626/694 339/627/772 325/618/756 225/621/674
f 253/634/695 340/635/773 339/627/772 255/626/694
f 340/635/773 342/638/771 341/639/770 337/636/774
f 259/637/696 342/638/771 340/635/773 253/634/695
f 262/642/687 342/638/771 259/637/696 221/643/697
f 346/1098/776 347/1093/777 348/1103/778 343/1108/779
f 344/640/780 345/641/781 338/629/775 337/636/774
f 338/1101/775 345/1094/781 332/1087/768 318/1102/757
f 317/1091/753 336/1086/752 347/1093/777 346/1098/776
f 347/1093/777 336/1086/752 332/1087/768 345/1094/781
f 348/1103/778 347/1093/777 345/1094/781 344/1104/780
f 269/646/704 349/645/782 341/639/770 252/644/686
f 341/639/770 349/645/782 344/640/780 337/636/774
f 343/650/779 348/648/778 351/647/749 350/651/748
f 351/647/749 348/648/778 344/640/780 349/645/782
f 273/649/654 351/647/749 349/645/782 269/646/704
f 295/1123/706 366/1117/783 367/1122/784 274/1127/707
f 357/1100/785 358/1092/786 359/1099/787 352/1110/788
f 354/1095/789 355/1089/790 356/1088/791 353/1096/792
f 279/1090/718 355/1089/790 354/1095/789 275/1097/719
f 222/1084/683 329/1082/762 355/1089/790 279/1090/718
f 356/1088/791 355/1089/790 329/1082/762 326/1083/765
f 353/1096/792 356/1088/791 358/1092/786 357/1100/785
f 358/1092/786 356/1088/791 326/1083/765 334/1085/750
f 359/1099/787 358/1092/786 334/1085/750 317/1091/753
f 289/1118/720 362/1113/793 363/1112/794 285/1119/721
f 361/1105/795 354/1095/789 353/1096/792 360/1106/796
f 275/1097/719 354/1095/789 361/1105/795 286/1107/726
f 290/1114/727 362/1113/793 289/1118/720 219/1120/728
f 286/1107/726 361/1105/795 362/1113/793 290/1114/727
f 363/1112/794 362/1113/793 361/1105/795 360/1106/796
f 364/1116/797 365/1111/798 357/1100/785 352/1110/788
f 357/1100/785 365/1111/798 360/1106/796 353/1096/792
f 285/1119/721 363/1112/794 366/1117/783 295/1123/706
f 366/1117/783 363/1112/794 360/1106/796 365/1111/798
f 367/1122/784 366/1117/783 365/1111/798 364/1116/797
f 298/660/731 372/656/799 373/653/800 305/655/732
f 370/658/801 371/654/802 368/657/803 369/663/804
f 359/1099/787 370/1109/801 369/1115/804 352/1110/788
f 346/1098/776 370/1109/801 359/1099/787 317/1091/753
f 343/650/779 371/654/802 370/658/801 346/659/776
f 371/654/802 373/653/800 372/656/799 368/657/803
f 350/651/748 373/653/800 371/654/802 343/650/779
f 305/655/732 373/653/800 350/651/748 223/652/653
f 309/1129/739 376/1126/805 377/1128/806 306/1130/740
f 374/1124/807 375/1121/808 369/1115/804 368/1125/803
f 369/1115/804 375/1121/808 364/1116/797 352/1110/788
f 274/1127/707 367/1122/784 376/1126/805 309/1129/739
f 376/1126/805 367/1122/784 364/1116/797 375/1121/808
f 377/1128/806 376/1126/805 375/1121/808 374/1124/807
f 312/664/745 378/661/809 372/656/799 298/660/731
f 372/656/799 378/661/809 374/662/807 368/657/803
f 306/1465/740 377/1466/806 379/1462/747 314/1461/648
f 379/1462/747 377/1466/806 374/1467/807 378/1468/809
f 316/665/650 379/666/747 378/661/809 312/664/745
s 18
f 382/1131/810 381/1132/811 434/1133/812 442/1134/813
f 381/1132/811 380/1137/814 435/1138/815 434/1133/812
f 380/1469/814 388/1470/816 436/1471/817 435/1472/815
f 385/667/818 384/668/819 395/669/820 394/670/821
f 384/668/819 383/673/822 396/674/823 395/669/820
f 383/1135/824 382/1131/810 397/1142/825 396/1143/826
f 388/1470/816 387/1473/827 401/1479/828 400/1475/829
f 387/680/830 386/671/831 402/679/832 401/690/833
f 386/671/831 385/667/818 403/678/834 402/679/832
f 391/1485/835 390/1486/836 443/1487/837 451/1488/838
f 390/1151/836 389/1147/839 444/1148/840 443/1152/837
f 389/1147/841 397/1142/825 445/1141/842 444/1148/843
f 394/670/821 393/675/844 413/684/845 412/677/846
f 393/675/847 392/686/848 414/691/849 413/684/850
f 392/1489/848 391/1485/835 415/1494/851 414/1495/849
f 400/1475/829 399/1480/852 419/1481/853 418/1476/854
f 399/1165/855 398/1155/856 420/1158/857 419/1166/858
f 398/1155/856 406/1156/859 421/1157/860 420/1158/857
f 406/1156/859 405/1159/861 410/1167/862 409/1161/863
f 405/693/861 404/687/864 411/688/865 410/694/862
f 404/687/864 403/678/834 412/677/846 411/688/865
f 409/1161/863 408/1169/866 431/1170/867 430/1162/868
f 408/1169/869 407/1174/870 432/1175/871 431/1170/872
f 407/1497/870 415/1494/851 433/1493/873 432/1498/871
f 418/1476/854 417/1482/874 437/1477/875 436/1471/817
f 417/709/876 416/699/877 438/702/878 437/710/879
f 416/699/877 424/700/880 439/701/881 438/702/878
f 424/700/880 423/703/882 428/711/883 427/705/884
f 423/703/882 422/714/885 429/721/886 428/711/883
f 422/1163/885 421/1157/860 430/1162/868 429/1171/886
f 427/705/884 426/715/887 449/716/888 448/706/889
f 426/715/890 425/723/891 450/724/892 449/716/893
f 425/1496/891 433/1493/873 451/1488/838 450/1491/892
f 442/1134/813 441/1139/894 446/1146/895 445/1141/842
f 441/718/896 440/707/897 447/717/898 446/726/899
f 440/707/897 439/701/881 448/706/889 447/717/898
f 385/667/818 394/670/821 412/677/846 403/678/834
f 406/1156/859 409/1161/863 430/1162/868 421/1157/860
f 424/700/880 427/705/884 448/706/889 439/701/881
f 442/1134/813 445/1141/842 397/1142/825 382/1131/810
f 391/1485/835 451/1488/838 433/1493/873 415/1494/851
f 436/1471/817 388/1470/816 400/1475/829 418/1476/854
f 387/1473/827 388/1470/816 380/1469/814 452/1474/900
f 452/1144/901 380/1137/814 381/1132/811 453/1136/902
f 381/1132/811 382/1131/810 383/1135/824 453/1136/903
f 453/682/902 383/673/822 384/668/819 454/672/904
f 384/668/819 385/667/818 386/671/831 454/672/905
f 454/672/904 386/671/831 387/680/830 452/681/901
f 452/681/901 453/682/902 454/672/904
f 396/1143/826 397/1142/825 389/1147/841 455/1149/906
f 455/1149/907 389/1147/839 390/1151/836 456/1153/908
f 390/1486/836 391/1485/835 392/1489/848 456/1490/909
f 456/685/908 392/686/848 393/675/847 457/676/910
f 393/675/844 394/670/821 395/669/820 457/676/911
f 457/676/910 395/669/820 396/674/823 455/683/907
f 455/683/907 456/685/908 457/676/910
f 405/1159/861 406/1156/859 398/1155/856 458/1160/912
f 458/1160/913 398/1155/856 399/1165/855 459/1168/914
f 399/1480/852 400/1475/829 401/1479/828 459/1483/915
f 459/696/914 401/690/833 402/679/832 460/689/916
f 402/679/832 403/678/834 404/687/864 460/689/917
f 460/689/916 404/687/864 405/693/861 458/695/913
f 458/695/913 459/696/914 460/689/916
f 414/1495/849 415/1494/851 407/1497/870 461/1499/918
f 461/1177/919 407/1174/870 408/1169/869 462/1173/920
f 408/1169/866 409/1161/863 410/1167/862 462/1173/921
f 462/698/920 410/694/862 411/688/865 463/692/922
f 411/688/865 412/677/846 413/684/845 463/692/923
f 463/692/922 413/684/850 414/691/849 461/697/919
f 461/697/919 462/698/920 463/692/922
f 423/703/882 424/700/880 416/699/877 464/704/924
f 464/704/925 416/699/877 417/709/876 465/712/926
f 417/1482/874 418/1476/854 419/1481/853 465/1484/927
f 465/1172/926 419/1166/858 420/1158/857 466/1164/928
f 420/1158/857 421/1157/860 422/1163/885 466/1164/929
f 466/713/928 422/714/885 423/703/882 464/704/925
f 464/704/925 465/712/926 466/713/928
f 432/1498/871 433/1493/873 425/1496/891 467/1500/930
f 467/728/931 425/723/891 426/715/890 468/722/932
f 426/715/887 427/705/884 428/711/883 468/722/933
f 468/722/932 428/711/883 429/721/886 469/727/934
f 429/1171/886 430/1162/868 431/1170/867 469/1176/935
f 469/1176/934 431/1170/872 432/1175/871 467/1178/931
f 467/728/931 468/722/932 469/727/934
f 441/1139/894 442/1134/813 434/1133/812 470/1140/936
f 470/1140/937 434/1133/812 435/1138/815 471/1145/938
f 435/1472/815 436/1471/817 437/1477/875 471/1478/939
f 471/720/938 437/710/879 438/702/878 472/708/940
f 438/702/878 439/701/881 440/707/897 472/708/941
f 472/708/940 440/707/897 441/718/896 470/719/937
f 470/719/937 471/720/938 472/708/940
f 450/1491/892 451/1488/838 443/1487/837 473/1492/942
f 473/1154/943 443/1152/837 444/1148/840 474/1150/944
f 444/1148/843 445/1141/842 446/1146/895 474/1150/945
f 474/730/944 446/726/899 447/717/898 475/725/946
f 447/717/898 448/706/889 449/716/888 475/725/947
f 475/725/946 449/716/893 450/724/892 473/729/943
f 473/729/943 474/730/944 475/725/946
s 28
usemtl Unit5_LabScene:lambert1SG
f 476/1179/948 477/1180/949 478/1181/950 479/1182/951 480/1183/952 481/1184/953
s 29
f 482/1199/954 483/1200/955 484/1201/956 485/1202/957
s 28
f 477/1180/949 476/1179/948 486/1185/958 487/1186/959
s off
f 485/731/960 484/732/961 487/733/962 486/734/963
f 488/1215/964 489/1216/965 490/1217/966 491/1218/967
f 492/1501/968 493/1502/969 490/1503/970 489/1504/971
s 30
f 493/743/972 494/744/973 491/745/974 490/746/975
s off
f 495/755/976 492/756/977 489/757/978 488/758/979
s 31
f 494/1505/980 495/1506/981 488/1507/982 491/1508/983
s 30
f 493/743/972 497/747/984 498/748/985 494/744/973
s 29
f 499/1206/986 500/1207/987 501/1204/988 502/1203/989 492/1208/990 483/1200/955
s 32
f 496/1187/991 503/1194/992 498/1198/993 497/1195/994
s 31
f 503/1509/995 495/1506/981 494/1505/980 498/1510/996
s 28
f 477/1180/949 496/1187/997 481/1184/953 480/1183/952 504/1188/998 478/1181/950
s off
f 483/1200/999 492/1208/1000 495/1213/1001 505/1214/1002
s 32
f 496/1187/991 477/1180/1003 506/1192/1004 503/1194/992
s 31
f 505/1511/1005 495/1506/981 503/1509/995 506/1512/1006
s off
f 507/1219/1007 508/1220/1008 509/1221/1009 510/1222/1010
f 484/1517/1011 483/1518/1012 507/1519/1013 510/1520/1014
f 483/759/1015 505/760/1016 508/761/1017 507/762/1018
s 33
f 511/735/1019 484/732/1020 510/739/1021 509/740/1022
s 31
f 505/1511/1005 511/1514/1023 509/1515/1024 508/1516/1025
s 32
f 506/1192/1004 477/1180/1003 487/1186/1026 512/1193/1027
s 33
f 487/733/1028 484/732/1020 511/735/1019 512/736/1029
s 31
f 505/1511/1005 506/1512/1006 512/1513/1030 511/1514/1023
s 28
f 481/1184/953 496/1187/997 497/1195/1031 513/1196/1032
s 29
f 502/1203/989 501/1204/988 514/1205/1033 499/1206/986 483/1200/955 482/1199/954
f 492/1208/990 502/1203/989 515/1211/1034 493/1212/1035
s off
f 513/749/1036 497/747/1037 493/743/1038 515/750/1039
s 34
f 485/731/1040 486/734/1041 516/737/1042 517/738/1043
s 35
f 476/1179/1044 518/1190/1045 516/1191/1046 486/1185/1047
s 36
f 518/1521/1048 519/1522/1049 517/1523/1050 516/1524/1051
s off
f 482/1533/1052 485/1534/1053 520/1535/1054 521/1536/1055
s 34
f 485/731/1040 517/738/1043 522/741/1056 520/742/1057
s off
f 519/763/1058 482/764/1059 521/765/1060 523/766/1061
s 36
f 517/1523/1050 519/1522/1049 523/1527/1062 522/1528/1063
s off
f 523/1223/1064 521/1224/1065 520/1225/1066 522/1226/1067
s 35
f 476/1179/1044 481/1184/1068 524/1189/1069 518/1190/1045
s off
f 502/1203/1070 482/1199/1071 519/1209/1072 525/1210/1073
s 36
f 525/1525/1074 519/1522/1049 518/1521/1048 524/1526/1075
s 35
f 524/1189/1069 481/1184/1068 513/1196/1076 526/1197/1077
s 37
f 513/749/1078 515/750/1079 527/751/1080 526/752/1081
s 36
f 525/1525/1074 524/1526/1075 526/1529/1082 527/1530/1083
s off
f 515/1537/1084 502/1538/1085 528/1539/1086 529/1540/1087
f 502/767/1088 525/768/1089 530/769/1090 528/770/1091
s 37
f 527/751/1080 515/750/1079 529/753/1092 531/754/1093
s 36
f 525/1525/1074 527/1530/1083 531/1531/1094 530/1532/1095
s off
f 528/1227/1096 530/1228/1097 531/1229/1098 529/1230/1099
f 479/771/1100 478/772/1101 499/773/1102 514/774/1103
f 480/1541/1104 479/1542/1105 514/1543/1106 501/1544/1107
f 504/775/1108 480/776/1109 501/777/1110 500/778/1111
f 478/1545/1112 504/1546/1113 500/1547/1114 499/1548/1115
s 38
usemtl initialShadingGroup
f 628/1231/1116 534/1232/1117 630/1233/1118 629/1234/1119
f 585/1251/1120 537/1250/1121 587/1257/1122 586/1258/1123
f 563/1284/1124 538/1276/1125 565/1283/1126 564/1290/1127
f 549/785/1128 541/795/1129 552/796/1130 551/786/1131
f 544/779/1132 542/780/1133 548/781/1134 547/782/1135
f 546/789/1136 540/790/1137 544/779/1132 547/782/1135
f 532/798/1138 546/789/1136 547/782/1135 545/788/1139
f 548/781/1134 543/787/1140 545/788/1139 547/782/1135
f 542/780/1133 549/785/1128 551/786/1131 548/781/1134
f 551/786/1131 550/797/1141 543/787/1140 548/781/1134
f 552/796/1130 539/804/1142 550/797/1141 551/786/1131
f 557/800/1143 553/801/1144 560/791/1145 559/792/1146
f 556/783/1147 555/784/1148 542/780/1133 544/779/1132
f 540/790/1137 554/794/1149 556/783/1147 544/779/1132
f 558/799/1150 536/805/1151 557/800/1143 559/792/1146
f 554/794/1149 558/799/1150 559/792/1146 556/783/1147
f 560/791/1145 555/784/1148 556/783/1147 559/792/1146
f 561/1289/1152 541/1294/1129 549/1295/1128 562/1291/1153
f 549/785/1128 542/780/1133 555/784/1148 562/793/1153
f 553/1292/1144 563/1284/1124 564/1290/1127 560/1293/1145
f 564/1290/1127 562/1291/1153 555/1296/1148 560/1293/1145
f 565/1283/1126 561/1289/1152 562/1291/1153 564/1290/1127
f 566/1272/1154 576/1279/1155 575/1280/1156 574/1273/1157
f 571/803/1158 570/802/1159 568/810/1160 572/811/1161
f 552/796/1130 541/795/1129 570/802/1159 571/803/1158
f 569/812/1162 539/804/1142 552/796/1130 571/803/1158
f 567/818/1163 569/812/1162 571/803/1158 572/811/1161
f 572/1287/1161 568/1281/1160 574/1273/1157 575/1280/1156
f 573/823/1164 567/818/1163 572/811/1161 575/824/1156
f 576/1279/1155 535/1285/1165 573/1286/1164 575/1280/1156
f 580/1268/1166 577/1259/1167 582/1267/1168 581/1275/1169
f 578/1274/1170 568/1281/1160 570/1288/1159 579/1282/1171
f 570/802/1159 541/795/1129 561/808/1152 579/809/1171
f 538/1276/1125 580/1268/1166 581/1275/1169 565/1283/1126
f 581/1275/1169 579/1282/1171 561/1289/1152 565/1283/1126
f 582/1267/1168 578/1274/1170 579/1282/1171 581/1275/1169
f 583/1265/1172 566/1272/1154 574/1273/1157 584/1266/1173
f 574/1273/1157 568/1281/1160 578/1274/1170 584/1266/1173
f 577/1259/1167 585/1251/1120 586/1258/1123 582/1267/1168
f 586/1258/1123 584/1266/1173 578/1274/1170 582/1267/1168
f 587/1257/1122 583/1265/1172 584/1266/1173 586/1258/1123
f 609/1255/1174 588/1248/1175 611/1249/1176 610/1256/1177
f 596/1270/1178 590/1261/1179 598/1269/1180 597/1277/1181
f 592/816/1182 591/817/1183 595/806/1184 594/807/1185
f 593/813/1186 589/819/1187 592/816/1182 594/807/1185
f 536/805/1151 593/813/1186 594/807/1185 557/800/1143
f 595/806/1184 553/801/1144 557/800/1143 594/807/1185
f 591/817/1183 596/820/1178 597/814/1181 595/806/1184
f 597/814/1181 563/815/1124 553/801/1144 595/806/1184
f 598/1269/1180 538/1276/1125 563/1284/1124 597/1277/1181
f 603/1549/1188 599/1550/1189 606/1551/1190 605/1552/1191
f 602/821/1192 601/822/1193 591/817/1183 592/816/1182
f 589/819/1187 600/825/1194 602/821/1192 592/816/1182
f 604/1555/1195 533/1556/1196 603/1549/1188 605/1552/1191
f 600/825/1194 604/826/1195 605/827/1191 602/821/1192
f 606/1551/1190 601/1553/1193 602/1554/1192 605/1552/1191
f 607/1254/1197 590/1261/1179 596/1270/1178 608/1262/1198
f 596/1270/1178 591/1278/1183 601/1271/1193 608/1262/1198
f 599/1263/1189 609/1255/1174 610/1256/1177 606/1264/1190
f 610/1256/1177 608/1262/1198 601/1271/1193 606/1264/1190
f 611/1249/1176 607/1254/1197 608/1262/1198 610/1256/1177
f 612/1239/1199 619/1244/1200 618/1245/1201 617/1240/1202
f 615/1260/1203 614/1253/1204 613/1246/1205 616/1252/1206
f 598/1269/1180 590/1261/1179 614/1253/1204 615/1260/1203
f 580/1268/1166 538/1276/1125 598/1269/1180 615/1260/1203
f 577/1259/1167 580/1268/1166 615/1260/1203 616/1252/1206
f 616/1252/1206 613/1246/1205 617/1240/1202 618/1245/1201
f 585/1251/1120 577/1259/1167 616/1252/1206 618/1245/1201
f 619/1244/1200 537/1250/1121 585/1251/1120 618/1245/1201
f 623/1242/1207 620/1237/1208 625/1238/1209 624/1243/1210
f 621/1241/1211 613/1246/1205 614/1253/1204 622/1247/1212
f 614/1253/1204 590/1261/1179 607/1254/1197 622/1247/1212
f 588/1248/1175 623/1242/1207 624/1243/1210 611/1249/1176
f 624/1243/1210 622/1247/1212 607/1254/1197 611/1249/1176
f 625/1238/1209 621/1241/1211 622/1247/1212 624/1243/1210
f 626/1235/1213 612/1239/1199 617/1240/1202 627/1236/1214
f 617/1240/1202 613/1246/1205 621/1241/1211 627/1236/1214
f 620/1237/1208 628/1231/1116 629/1234/1119 625/1238/1209
f 629/1234/1119 627/1236/1214 621/1241/1211 625/1238/1209
f 630/1233/1118 626/1235/1213 627/1236/1214 629/1234/1119
f 628/828/1116 693/829/1215 630/830/1118 534/831/1117
f 664/852/1216 665/858/1217 587/859/1122 537/853/1121
f 648/1331/1218 649/1322/1219 650/1330/1220 631/1338/1221
f 637/1306/1222 638/1305/1223 639/1312/1224 632/1313/1225
f 634/1297/1226 635/1298/1227 636/1299/1228 633/1300/1229
f 546/1301/1136 635/1298/1227 634/1297/1226 540/1302/1137
f 532/1309/1138 545/1303/1139 635/1298/1227 546/1301/1136
f 636/1299/1228 635/1298/1227 545/1303/1139 543/1304/1140
f 633/1300/1229 636/1299/1228 638/1305/1223 637/1306/1222
f 638/1305/1223 636/1299/1228 543/1304/1140 550/1311/1141
f 639/1312/1224 638/1305/1223 550/1311/1141 539/1318/1142
f 643/1323/1230 644/1316/1231 645/1315/1232 640/1324/1233
f 642/1307/1234 634/1297/1226 633/1300/1229 641/1308/1235
f 540/1302/1137 634/1297/1226 642/1307/1234 554/1310/1149
f 558/1317/1150 644/1316/1231 643/1323/1230 536/1325/1151
f 554/1310/1149 642/1307/1234 644/1316/1231 558/1317/1150
f 645/1315/1232 644/1316/1231 642/1307/1234 641/1308/1235
f 646/1321/1236 647/1314/1237 637/1306/1222 632/1313/1225
f 637/1306/1222 647/1314/1237 641/1308/1235 633/1300/1229
f 640/1324/1233 645/1315/1232 649/1322/1219 648/1331/1218
f 649/1322/1219 645/1315/1232 641/1308/1235 647/1314/1237
f 650/1330/1220 649/1322/1219 647/1314/1237 646/1321/1236
f 566/872/1154 655/871/1238 656/875/1239 576/876/1155
f 653/1319/1240 654/1327/1241 651/1328/1242 652/1320/1243
f 639/1312/1224 653/1319/1240 652/1320/1243 632/1313/1225
f 569/1326/1162 653/1319/1240 639/1312/1224 539/1318/1142
f 567/1335/1163 654/1327/1241 653/1319/1240 569/1326/1162
f 654/1557/1241 656/1558/1239 655/1559/1238 651/1560/1242
f 573/1561/1164 656/1558/1239 654/1557/1241 567/1562/1163
f 576/1563/1155 656/1558/1239 573/1561/1164 535/1564/1165
f 660/868/1244 661/869/1245 662/865/1246 657/857/1247
f 658/1336/1248 659/1329/1249 652/1320/1243 651/1328/1242
f 652/1320/1243 659/1329/1249 646/1321/1236 632/1313/1225
f 631/1338/1221 650/1330/1220 661/1337/1245 660/1343/1244
f 661/1337/1245 650/1330/1220 646/1321/1236 659/1329/1249
f 662/865/1246 661/869/1245 659/873/1249 658/870/1248
f 583/867/1172 663/866/1250 655/871/1238 566/872/1154
f 655/871/1238 663/866/1250 658/870/1248 651/874/1242
f 657/857/1247 662/865/1246 665/858/1217 664/852/1216
f 665/858/1217 662/865/1246 658/870/1248 663/866/1250
f 587/859/1122 665/858/1217 663/866/1250 583/867/1172
f 609/847/1174 680/848/1251 681/842/1252 588/841/1175
f 671/1345/1253 672/1339/1254 673/1344/1255 666/1350/1256
f 668/1340/1257 669/1333/1258 670/1332/1259 667/1341/1260
f 593/1334/1186 669/1333/1258 668/1340/1257 589/1342/1187
f 536/1325/1151 643/1323/1230 669/1333/1258 593/1334/1186
f 670/1332/1259 669/1333/1258 643/1323/1230 640/1324/1233
f 667/1341/1260 670/1332/1259 672/1339/1254 671/1345/1253
f 672/1339/1254 670/1332/1259 640/1324/1233 648/1331/1218
f 673/1344/1255 672/1339/1254 648/1331/1218 631/1338/1221
f 603/860/1188 676/861/1261 677/855/1262 599/854/1189
f 675/1346/1263 668/1340/1257 667/1341/1260 674/1347/1264
f 589/1342/1187 668/1340/1257 675/1346/1263 600/1348/1194
f 604/1354/1195 676/1353/1261 603/1358/1188 533/1359/1196
f 600/1348/1194 675/1346/1263 676/1353/1261 604/1354/1195
f 677/1352/1262 676/1353/1261 675/1346/1263 674/1347/1264
f 678/849/1265 679/856/1266 671/863/1253 666/864/1256
f 671/1345/1253 679/1351/1266 674/1347/1264 667/1341/1260
f 599/854/1189 677/855/1262 680/848/1251 609/847/1174
f 680/848/1251 677/855/1262 674/862/1264 679/856/1266
f 681/842/1252 680/848/1251 679/856/1266 678/849/1265
f 612/840/1199 686/839/1267 687/845/1268 619/846/1200
f 684/1349/1269 685/1356/1270 682/1360/1271 683/1357/1272
f 673/1344/1255 684/1349/1269 683/1357/1272 666/1350/1256
f 660/1343/1244 684/1349/1269 673/1344/1255 631/1338/1221
f 657/1355/1247 685/1356/1270 684/1349/1269 660/1343/1244
f 685/851/1270 687/845/1268 686/839/1267 682/844/1271
f 664/852/1216 687/845/1268 685/851/1270 657/857/1247
f 619/846/1200 687/845/1268 664/852/1216 537/853/1121
f 623/836/1207 690/837/1273 691/833/1274 620/832/1208
f 688/838/1275 689/843/1276 683/850/1272 682/844/1271
f 683/1357/1272 689/1361/1276 678/1362/1265 666/1350/1256
f 588/841/1175 681/842/1252 690/837/1273 623/836/1207
f 690/837/1273 681/842/1252 678/849/1265 689/843/1276
f 691/833/1274 690/837/1273 689/843/1276 688/838/1275
f 626/835/1213 692/834/1277 686/839/1267 612/840/1199
f 686/839/1267 692/834/1277 688/838/1275 682/844/1271
f 620/832/1208 691/833/1274 693/829/1215 628/828/1116
f 693/829/1215 691/833/1274 688/838/1275 692/834/1277
f 630/830/1118 693/829/1215 692/834/1277 626/835/1213
s 55
f 701/1363/1278 700/1364/1279 721/1365/1280 720/1366/1281
s 56
f 700/1364/1282 699/1369/1283 770/1370/1284 721/1365/1285
f 699/1565/1283 698/1566/1286 753/1567/1287 770/1568/1284
s 55
f 709/1374/1288 708/1379/1289 718/1381/1290 717/1380/1291
s 58
f 718/1381/1292 765/1389/1293 719/1390/1294
f 765/1575/1293 748/1576/1295 747/1577/1296 719/1578/1294
s 59
f 698/877/1297 702/878/1298 697/879/1299 696/880/1300
s 60
f 695/885/1301 694/886/1302 706/887/1303 710/888/1304
s 58
f 694/1582/1305 741/1583/1306 748/1576/1295 706/1580/1307
s 55
f 705/1367/1308 709/1374/1288 717/1380/1291 716/1375/1309
s 62
f 761/1585/1310 758/1586/1311 695/1587/1312 710/1588/1313
s 55
f 713/1373/1314 701/1363/1278 720/1366/1281 723/1372/1315
f 713/1373/1314 709/1374/1288 705/1367/1308 701/1363/1278
f 700/1364/1279 701/1363/1278 705/1367/1308 704/1368/1316
s 59
f 698/877/1297 699/881/1317 703/882/1318 702/878/1298
s off
f 699/881/1319 700/883/1320 704/884/1321 703/882/1322
s 55
f 704/1368/1316 705/1367/1308 716/1375/1309 715/1376/1323
s 63
f 736/1595/1324 771/1596/1325 714/1597/1326 737/1598/1327
f 771/1383/1325 715/1376/1328 714/1386/1326
s 55
f 708/1379/1289 709/1374/1288 713/1373/1314 712/1378/1329
s 60
f 706/887/1303 707/889/1330 711/890/1331 710/888/1304
s off
f 707/889/1332 708/891/1333 712/892/1334 711/890/1335
s 64
f 767/918/1336 718/928/1337 719/929/1338
s 55
f 715/1376/1323 716/1375/1309 717/1380/1291 718/1381/1290
s 65
f 722/924/1339 752/913/1340 751/903/1341 768/921/1342
s 55
f 720/1366/1281 721/1365/1280 724/1371/1343 723/1372/1315
s 66
f 721/933/1344 722/924/1345 768/921/1346
s 62
f 710/1588/1313 711/1591/1347 764/1592/1348 761/1585/1310
f 711/1384/1347 712/1378/1349 724/1371/1350 764/1385/1348
s 55
f 712/1378/1329 713/1373/1314 723/1372/1315 724/1371/1343
s 65
f 746/909/1351 767/918/1352 719/929/1353 747/926/1354
s off
f 758/1391/1355 757/1392/1356 742/1393/1357 741/1394/1358 694/1395/1359 695/1396/1360
s 68
f 729/1399/1361 728/1400/1362 731/1401/1363 730/1402/1364
s 65
f 728/905/1365 727/893/1366 732/896/1367 731/906/1368
f 727/893/1366 726/894/1369 733/895/1370 732/896/1367
s 58
f 741/1583/1306 740/1584/1371 744/1581/1372 748/1576/1295
s 65
f 740/923/1373 739/912/1374 745/917/1375 744/927/1376
f 739/912/1374 743/901/1377 746/909/1351 745/917/1378
f 756/900/1379 755/910/1380 759/920/1381 763/911/1382
f 755/910/1380 754/919/1383 760/930/1384 759/920/1385
s 62
f 754/1589/1386 758/1586/1311 761/1585/1310 760/1590/1387
s 68
f 729/1399/1361 730/1402/1364 696/1403/1388 697/1404/1389
s 63
f 697/1602/1390 702/1599/1391 736/1595/1324 729/1603/1392
s 65
f 756/900/1379 763/911/1382 751/903/1341 733/895/1370
s 56
f 730/1569/1393 753/1567/1287 698/1566/1286 696/1570/1394
s 65
f 746/909/1351 743/901/1377 726/894/1369 738/898/1395
f 757/899/1396 756/900/1379 733/895/1370 726/894/1369 743/901/1377 742/902/1397
f 737/908/1398 738/898/1395 734/897/1399
s 75
f 737/908/1400 734/897/1401 735/907/1402
s 63
f 737/1598/1327 735/1601/1403 736/1595/1324
s 65
f 742/902/1397 743/901/1377 739/912/1374
f 742/902/1397 739/912/1374 740/923/1373
s off
f 742/1393/1404 740/1398/1405 741/1394/1406
s 58
f 747/1577/1296 748/1576/1295 744/1581/1372
s 65
f 747/926/1407 744/927/1376 745/917/1375
f 747/926/1354 745/917/1378 746/909/1351
s 56
f 752/1571/1408 753/1567/1287 749/1574/1409
s 76
f 752/913/1410 749/914/1411 750/904/1412
s 65
f 752/913/1340 750/904/1413 751/903/1341
s off
f 757/1392/1414 758/1391/1415 754/1397/1416
s 65
f 757/899/1396 754/919/1383 755/910/1380
f 757/899/1396 755/910/1380 756/900/1379
f 762/931/1417 763/911/1382 759/920/1381
f 762/931/1418 759/920/1385 760/930/1384
s 62
f 762/1593/1419 760/1590/1387 761/1585/1310
s 63
f 728/1604/1420 729/1603/1392 736/1595/1324 735/1601/1403
s 65
f 726/894/1369 727/893/1366 734/897/1399 738/898/1395
s 75
f 727/893/1421 728/905/1422 735/907/1402 734/897/1401
s 65
f 732/896/1367 733/895/1370 751/903/1341 750/904/1413
s 56
f 730/1569/1393 731/1573/1423 749/1574/1409 753/1567/1287
s 76
f 731/906/1424 732/896/1425 750/904/1412 749/914/1411
s 62
f 764/1385/1348 724/1371/1350 725/1387/1426
f 761/1585/1310 764/1592/1348 725/1594/1426 762/1593/1419
s 58
f 708/1379/1427 707/1388/1428 765/1389/1293 718/1381/1292
f 707/1579/1428 706/1580/1307 748/1576/1295 765/1575/1293
s 65
f 766/922/1429 763/911/1382 762/931/1417 725/932/1430
s 66
f 724/934/1431 766/922/1432 725/932/1433
s 65
f 738/898/1395 769/916/1434 767/918/1352 746/909/1351
s 64
f 769/916/1435 715/925/1436 718/928/1337 767/918/1336
s 65
f 768/921/1342 751/903/1341 763/911/1382 766/922/1429
s 66
f 721/933/1344 768/921/1346 766/922/1432 724/934/1431
s 65
f 738/898/1395 737/908/1398 714/915/1437 769/916/1434
s 64
f 714/915/1438 715/925/1436 769/916/1435
s 56
f 770/1568/1284 753/1567/1287 752/1571/1408 722/1572/1439
f 721/1365/1285 770/1370/1284 722/1377/1439
s 63
f 702/1599/1391 703/1600/1440 771/1596/1325 736/1595/1324
f 703/1382/1440 704/1368/1441 715/1376/1328 771/1383/1325
s 77
f 774/1405/1442 773/1406/1443 826/1407/1444 834/1408/1445
f 773/1406/1443 772/1411/1446 827/1412/1447 826/1407/1444
f 772/1605/1446 780/1606/1448 828/1607/1449 827/1608/1447
f 777/935/1450 776/936/1451 787/937/1452 786/938/1453
f 776/936/1451 775/941/1454 788/942/1455 787/937/1452
f 775/1409/1456 774/1405/1442 789/1416/1457 788/1417/1458
f 780/1606/1448 779/1609/1459 793/1615/1460 792/1611/1461
f 779/948/1462 778/939/1463 794/947/1464 793/958/1465
f 778/939/1463 777/935/1450 795/946/1466 794/947/1464
f 783/1621/1467 782/1622/1468 835/1623/1469 843/1624/1470
f 782/1425/1468 781/1421/1471 836/1422/1472 835/1426/1469
f 781/1421/1473 789/1416/1457 837/1415/1474 836/1422/1475
f 786/938/1453 785/943/1476 805/952/1477 804/945/1478
f 785/943/1479 784/954/1480 806/959/1481 805/952/1482
f 784/1625/1480 783/1621/1467 807/1630/1483 806/1631/1481
f 792/1611/1461 791/1616/1484 811/1617/1485 810/1612/1486
f 791/1439/1487 790/1429/1488 812/1432/1489 811/1440/1490
f 790/1429/1488 798/1430/1491 813/1431/1492 812/1432/1489
f 798/1430/1491 797/1433/1493 802/1441/1494 801/1435/1495
f 797/961/1493 796/955/1496 803/956/1497 802/962/1494
f 796/955/1496 795/946/1466 804/945/1478 803/956/1497
f 801/1435/1495 800/1443/1498 823/1444/1499 822/1436/1500
f 800/1443/1501 799/1448/1502 824/1449/1503 823/1444/1504
f 799/1633/1502 807/1630/1483 825/1629/1505 824/1634/1503
f 810/1612/1486 809/1618/1506 829/1613/1507 828/1607/1449
f 809/977/1508 808/967/1509 830/970/1510 829/978/1511
f 808/967/1509 816/968/1512 831/969/1513 830/970/1510
f 816/968/1512 815/971/1514 820/979/1515 819/973/1516
f 815/971/1514 814/982/1517 821/989/1518 820/979/1515
f 814/1437/1517 813/1431/1492 822/1436/1500 821/1445/1518
f 819/973/1516 818/983/1519 841/984/1520 840/974/1521
f 818/983/1522 817/991/1523 842/992/1524 841/984/1525
f 817/1632/1523 825/1629/1505 843/1624/1470 842/1627/1524
f 834/1408/1445 833/1413/1526 838/1420/1527 837/1415/1474
f 833/986/1528 832/975/1529 839/985/1530 838/994/1531
f 832/975/1529 831/969/1513 840/974/1521 839/985/1530
f 777/935/1450 786/938/1453 804/945/1478 795/946/1466
f 798/1430/1491 801/1435/1495 822/1436/1500 813/1431/1492
f 816/968/1512 819/973/1516 840/974/1521 831/969/1513
f 834/1408/1445 837/1415/1474 789/1416/1457 774/1405/1442
f 783/1621/1467 843/1624/1470 825/1629/1505 807/1630/1483
f 828/1607/1449 780/1606/1448 792/1611/1461 810/1612/1486
f 779/1609/1459 780/1606/1448 772/1605/1446 844/1610/1532
f 844/1418/1533 772/1411/1446 773/1406/1443 845/1410/1534
f 773/1406/1443 774/1405/1442 775/1409/1456 845/1410/1535
f 845/950/1534 775/941/1454 776/936/1451 846/940/1536
f 776/936/1451 777/935/1450 778/939/1463 846/940/1537
f 846/940/1536 778/939/1463 779/948/1462 844/949/1533
f 844/949/1533 845/950/1534 846/940/1536
f 788/1417/1458 789/1416/1457 781/1421/1473 847/1423/1538
f 847/1423/1539 781/1421/1471 782/1425/1468 848/1427/1540
f 782/1622/1468 783/1621/1467 784/1625/1480 848/1626/1541
f 848/953/1540 784/954/1480 785/943/1479 849/944/1542
f 785/943/1476 786/938/1453 787/937/1452 849/944/1543
f 849/944/1542 787/937/1452 788/942/1455 847/951/1539
f 847/951/1539 848/953/1540 849/944/1542
f 797/1433/1493 798/1430/1491 790/1429/1488 850/1434/1544
f 850/1434/1545 790/1429/1488 791/1439/1487 851/1442/1546
f 791/1616/1484 792/1611/1461 793/1615/1460 851/1619/1547
f 851/964/1546 793/958/1465 794/947/1464 852/957/1548
f 794/947/1464 795/946/1466 796/955/1496 852/957/1549
f 852/957/1548 796/955/1496 797/961/1493 850/963/1545
f 850/963/1545 851/964/1546 852/957/1548
f 806/1631/1481 807/1630/1483 799/1633/1502 853/1635/1550
f 853/1451/1551 799/1448/1502 800/1443/1501 854/1447/1552
f 800/1443/1498 801/1435/1495 802/1441/1494 854/1447/1553
f 854/966/1552 802/962/1494 803/956/1497 855/960/1554
f 803/956/1497 804/945/1478 805/952/1477 855/960/1555
f 855/960/1554 805/952/1482 806/959/1481 853/965/1551
f 853/965/1551 854/966/1552 855/960/1554
f 815/971/1514 816/968/1512 808/967/1509 856/972/1556
f 856/972/1557 808/967/1509 809/977/1508 857/980/1558
f 809/1618/1506 810/1612/1486 811/1617/1485 857/1620/1559
f 857/1446/1558 811/1440/1490 812/1432/1489 858/1438/1560
f 812/1432/1489 813/1431/1492 814/1437/1517 858/1438/1561
f 858/981/1560 814/982/1517 815/971/1514 856/972/1557
f 856/972/1557 857/980/1558 858/981/1560
f 824/1634/1503 825/1629/1505 817/1632/1523 859/1636/1562
f 859/996/1563 817/991/1523 818/983/1522 860/990/1564
f 818/983/1519 819/973/1516 820/979/1515 860/990/1565
f 860/990/1564 820/979/1515 821/989/1518 861/995/1566
f 821/1445/1518 822/1436/1500 823/1444/1499 861/1450/1567
f 861/1450/1566 823/1444/1504 824/1449/1503 859/1452/1563
f 859/996/1563 860/990/1564 861/995/1566
f 833/1413/1526 834/1408/1445 826/1407/1444 862/1414/1568
f 862/1414/1569 826/1407/1444 827/1412/1447 863/1419/1570
f 827/1608/1447 828/1607/1449 829/1613/1507 863/1614/1571
f 863/988/1570 829/978/1511 830/970/1510 864/976/1572
f 830/970/1510 831/969/1513 832/975/1529 864/976/1573
f 864/976/1572 832/975/1529 833/986/1528 862/987/1569
f 862/987/1569 863/988/1570 864/976/1572
f 842/1627/1524 843/1624/1470 835/1623/1469 865/1628/1574
f 865/1428/1575 835/1426/1469 836/1422/1472 866/1424/1576
f 836/1422/1475 837/1415/1474 838/1420/1527 866/1424/1577
f 866/998/1576 838/994/1531 839/985/1530 867/993/1578
f 839/985/1530 840/974/1521 841/984/1520 867/993/1579
f 867/993/1578 841/984/1525 842/992/1524 865/997/1575
f 865/997/1575 866/998/1576 867/993/1578
g default
v -4.901566 2.802078 -2.239619
v -4.901566 2.802078 -2.436493
v -4.901566 7.000000 -2.239619
v -4.901566 7.000000 -2.436493
v -5.098438 7.000000 -2.239619
v -5.098438 7.000000 -2.436493
v -5.098438 2.802078 -2.239619
v -5.098438 2.802078 -2.436493
v -5.901566 2.802078 -2.239619
v -5.901566 2.802078 -2.436493
v -5.901566 7.000000 -2.239619
v -5.901566 7.000000 -2.436493
v -6.098438 7.000000 -2.239619
v -6.098438 7.000000 -2.436493
v -6.098438 2.802078 -2.239619
v -6.098438 2.802078 -2.436493
v -3.901566 2.802078 -2.239620
v -3.901564 2.802078 -2.436493
v -3.901566 7.000000 -2.239620
v -3.901564 7.000000 -2.436493
v -4.098438 7.000000 -2.239619
v -4.098438 7.000000 -2.436493
v -4.098438 2.802078 -2.239619
v -4.098438 2.802078 -2.436493
v -3.514599 2.567719 -5.530834
v -6.530823 2.567719 -5.485415
v -3.514599 2.802078 -5.530834
v -6.530823 2.802078 -5.485415
v -3.469177 2.802078 -2.514609
v -6.485401 2.802078 -2.469190
v -3.469177 2.567719 -2.514609
v -6.485401 2.567719 -2.469190
v -3.520344 2.567719 -5.912470
v -6.536570 2.567719 -5.867051
v -6.536570 2.802078 -5.867051
v -3.520344 2.802078 -5.912470
v -3.463432 2.802078 -2.132972
v -6.479656 2.802078 -2.087554
v -6.479656 2.567719 -2.087554
v -3.463432 2.567719 -2.132972
v -6.867041 2.567719 -2.463444
v -6.912458 2.567719 -5.479668
v -6.867041 2.802078 -2.463444
v -6.912458 2.802078 -5.479668
v -3.087543 2.567719 -2.520355
v -3.132959 2.567719 -5.536580
v -3.132959 2.802078 -5.536580
v -3.087543 2.802078 -2.520355
v -6.912458 2.567719 -5.479668
v -6.912458 2.802078 -5.479668
v -3.132959 2.567719 -5.536580
v -3.132959 2.802078 -5.536580
v -6.867041 2.802078 -2.463444
v -6.867041 2.567719 -2.463444
v -6.861294 2.567719 -2.081807
v -6.861294 2.802078 -2.081807
v -3.087543 2.802078 -2.520355
v -3.087543 2.567719 -2.520355
v -3.081797 2.802078 -2.138719
v -3.081797 2.567719 -2.138719
v -6.641624 0.000001 -5.592929
v -6.644083 0.000001 -5.756250
v -6.804943 0.000001 -5.590470
v -6.807404 0.000001 -5.753791
v -3.407082 0.000001 -5.641635
v -3.409542 0.000001 -5.804956
v -3.246223 0.000001 -5.807415
v -3.243763 0.000001 -5.644094
v -6.592918 0.000001 -2.358389
v -6.590458 0.000001 -2.195068
v -6.753777 0.000001 -2.192609
v -6.756239 0.000001 -2.355930
v -3.358377 0.000001 -2.407094
v -3.355919 0.000001 -2.243774
v -3.195057 0.000001 -2.409555
v -3.192596 0.000001 -2.246233
v -6.485401 7.000000 -2.469190
v -6.479656 7.000000 -2.087554
v -6.867041 7.000000 -2.463444
v -6.861294 7.000000 -2.081807
v -3.469179 7.000000 -2.514609
v -3.463432 7.000000 -2.132972
v -3.081797 7.000000 -2.138719
v -3.087543 7.000000 -2.520355
v -4.978310 7.000000 -2.491880
v -4.972565 7.000000 -2.110245
v -4.976269 7.000000 -2.491918
v -4.970524 7.000000 -2.110281
v -6.485401 7.421960 -2.469190
v -6.483965 7.517370 -2.373790
v -6.865604 7.517370 -2.368045
v -6.867041 7.421960 -2.463444
v -6.481092 7.517370 -2.182953
v -6.479656 7.421960 -2.087554
v -6.862730 7.517370 -2.177206
v -6.861294 7.421960 -2.081807
v -3.463432 7.421960 -2.132972
v -3.464869 7.517370 -2.228371
v -3.083233 7.517370 -2.234118
v -3.081797 7.421960 -2.138719
v -3.467743 7.517370 -2.419209
v -3.469179 7.421960 -2.514609
v -3.086107 7.517370 -2.424956
v -3.087543 7.421960 -2.520355
v -4.978310 7.421960 -2.491880
v -4.976873 7.517370 -2.396480
v -4.974001 7.517370 -2.205644
v -4.972565 7.421960 -2.110245
v -4.970524 7.421960 -2.110281
v -4.971958 7.517370 -2.205680
v -4.974833 7.517370 -2.396518
v -4.976269 7.421960 -2.491918
v -6.915331 2.802078 -5.670507
v -6.727406 2.802078 -5.864177
v -6.912392 2.433032 -5.855665
v -6.915331 2.567719 -5.670507
v -6.727406 2.567719 -5.864177
v -3.144348 2.433032 -5.912404
v -3.329506 2.567719 -5.915343
v -3.135834 2.567719 -5.727419
v -3.135834 2.802078 -5.727419
v -3.329506 2.802078 -5.915343
vt 0.770302 0.836748
vt 0.772550 0.836748
vt 0.772550 0.979567
vt 0.770302 0.979567
vt 0.775759 0.979567
vt 0.773511 0.979567
vt 0.773511 0.836748
vt 0.775759 0.836748
vt 0.783137 0.836748
vt 0.785385 0.836748
vt 0.785385 0.979567
vt 0.783137 0.979567
vt 0.788594 0.979567
vt 0.786346 0.979567
vt 0.786346 0.836748
vt 0.788594 0.836748
vt 0.795973 0.836748
vt 0.798221 0.836748
vt 0.798221 0.979567
vt 0.795973 0.979567
vt 0.801429 0.979567
vt 0.799181 0.979567
vt 0.799181 0.836748
vt 0.801429 0.836748
vt 0.918996 0.607655
vt 0.918996 0.524296
vt 0.925473 0.524296
vt 0.925473 0.607655
vt 0.862626 0.774389
vt 0.948584 0.775981
vt 0.948460 0.782660
vt 0.862502 0.781068
vt 0.910956 0.596936
vt 0.910956 0.603413
vt 0.905681 0.603413
vt 0.905681 0.596936
vt 0.900329 0.603413
vt 0.900329 0.596936
vt 0.900564 0.593213
vt 0.903380 0.525972
vt 0.907893 0.525972
vt 0.753267 0.847414
vt 0.753267 0.839880
vt 0.759402 0.839880
vt 0.759402 0.847414
vt 0.765348 0.835550
vt 0.756723 0.757338
vt 0.761973 0.757338
vt 0.765443 0.839880
vt 0.765443 0.847414
vt 0.822413 0.850068
vt 0.822413 0.843238
vt 0.833536 0.843238
vt 0.833536 0.850068
vt 0.825546 0.768399
vt 0.830306 0.768399
vt 0.833536 0.972421
vt 0.822413 0.972421
vt 0.833536 0.984719
vt 0.830755 0.987500
vt 0.825193 0.987500
vt 0.822413 0.984719
vt 0.847013 0.843238
vt 0.847013 0.850068
vt 0.835890 0.850068
vt 0.835890 0.843238
vt 0.847013 0.972421
vt 0.835890 0.972421
vt 0.839023 0.768399
vt 0.843783 0.768399
vt 0.847013 0.984719
vt 0.844232 0.987500
vt 0.838670 0.987500
vt 0.835890 0.984719
vt 0.960391 0.590269
vt 0.949844 0.590269
vt 0.952815 0.519306
vt 0.957329 0.519306
vt 0.944029 0.596032
vt 0.933481 0.596032
vt 0.936453 0.525069
vt 0.940966 0.525069
vt 0.962745 0.575532
vt 0.962420 0.588908
vt 0.872514 0.582949
vt 0.872653 0.577224
vt 0.979503 0.594718
vt 0.968955 0.594718
vt 0.971927 0.523754
vt 0.976440 0.523754
vt 0.965785 0.771046
vt 0.975188 0.771046
vt 0.975188 0.988261
vt 0.965785 0.988261
vt 0.977752 0.771046
vt 0.987155 0.771046
vt 0.987155 0.988261
vt 0.977752 0.988261
vt 0.783510 0.517243
vt 0.783510 0.531388
vt 0.769364 0.531388
vt 0.769364 0.517243
vt 0.789555 0.531388
vt 0.789555 0.517243
vt 0.803701 0.517243
vt 0.803701 0.531388
vt 0.823892 0.517243
vt 0.823892 0.531388
vt 0.809746 0.531388
vt 0.809746 0.517243
vt 0.829937 0.531388
vt 0.829937 0.517243
vt 0.844083 0.517243
vt 0.844083 0.531388
vt 0.850128 0.517243
vt 0.864274 0.517243
vt 0.864274 0.531388
vt 0.850128 0.531388
vt 0.884465 0.531388
vt 0.870319 0.531388
vt 0.870319 0.517243
vt 0.884465 0.517243
vt 0.850878 0.720012
vt 0.779189 0.718933
vt 0.780268 0.647243
vt 0.851958 0.648323
vt 0.850742 0.729083
vt 0.779052 0.728004
vt 0.770118 0.718796
vt 0.771198 0.647107
vt 0.780405 0.638173
vt 0.852095 0.639252
vt 0.861029 0.648459
vt 0.859949 0.720149
vt 0.859949 0.720149
vt 0.859881 0.724685
vt 0.855278 0.729151
vt 0.774516 0.727935
vt 0.770050 0.723332
vt 0.770118 0.718796
vt 0.972847 0.710564
vt 0.889071 0.711825
vt 0.887810 0.628050
vt 0.971585 0.626788
vt 0.973006 0.721164
vt 0.889231 0.722425
vt 0.878471 0.711985
vt 0.877210 0.628210
vt 0.887650 0.617450
vt 0.971426 0.616188
vt 0.982185 0.626629
vt 0.983447 0.710404
vt 0.902245 0.517243
vt 0.902421 0.528977
vt 0.890687 0.529154
vt 0.890510 0.517419
vt 0.909042 0.529154
vt 0.908865 0.517419
vt 0.920600 0.517243
vt 0.920777 0.528977
vt 0.927221 0.517419
vt 0.938956 0.517243
vt 0.939132 0.528977
vt 0.927398 0.529154
vt 0.945753 0.529154
vt 0.945576 0.517419
vt 0.957311 0.517243
vt 0.957488 0.528977
vt 0.799019 0.472614
vt 0.771599 0.473027
vt 0.769968 0.364742
vt 0.797389 0.364329
vt 0.804844 0.364742
vt 0.832264 0.364329
vt 0.833895 0.472614
vt 0.806474 0.473027
vt 0.869637 0.955190
vt 0.875199 0.955274
vt 0.875032 0.966397
vt 0.869469 0.966313
vt 0.870298 0.911264
vt 0.875860 0.911348
vt 0.877980 0.955316
vt 0.877812 0.966439
vt 0.866856 0.955148
vt 0.866689 0.966271
vt 0.867518 0.911222
vt 0.878641 0.911390
vt 0.890585 0.922471
vt 0.885022 0.922387
vt 0.885190 0.911264
vt 0.890752 0.911348
vt 0.889923 0.966397
vt 0.884361 0.966313
vt 0.882242 0.922346
vt 0.882409 0.911222
vt 0.893365 0.922513
vt 0.893533 0.911390
vt 0.892704 0.966439
vt 0.881581 0.966271
vt 0.778968 0.979567
vt 0.776720 0.979567
vt 0.776720 0.836748
vt 0.778968 0.836748
vt 0.779929 0.836748
vt 0.782177 0.836748
vt 0.782177 0.979567
vt 0.779929 0.979567
vt 0.791803 0.979567
vt 0.789555 0.979567
vt 0.789555 0.836748
vt 0.791803 0.836748
vt 0.792764 0.836748
vt 0.795012 0.836748
vt 0.795012 0.979567
vt 0.792764 0.979567
vt 0.804638 0.979567
vt 0.802390 0.979567
vt 0.802390 0.836748
vt 0.804638 0.836748
vt 0.805599 0.836748
vt 0.807847 0.836748
vt 0.807847 0.979567
vt 0.805599 0.979567
vt 0.850716 0.527106
vt 0.772491 0.526001
vt 0.772577 0.519923
vt 0.850802 0.521028
vt 0.767542 0.525931
vt 0.767628 0.519853
vt 0.855752 0.521098
vt 0.855666 0.527176
vt 0.762695 0.529356
vt 0.768762 0.592555
vt 0.764526 0.592495
vt 0.860418 0.530736
vt 0.856885 0.593799
vt 0.852649 0.593740
vt 0.949071 0.850068
vt 0.861160 0.850068
vt 0.861160 0.843238
vt 0.949071 0.843238
vt 0.850037 0.850068
vt 0.850037 0.843238
vt 0.960194 0.843238
vt 0.960194 0.850068
vt 0.861160 0.972421
vt 0.850037 0.972421
vt 0.853171 0.768399
vt 0.857931 0.768399
vt 0.952205 0.768399
vt 0.956965 0.768399
vt 0.960194 0.972421
vt 0.949071 0.972421
vt 0.861160 0.984719
vt 0.850037 0.984719
vt 0.960194 0.984719
vt 0.949071 0.984719
vt 0.905086 0.972421
vt 0.905086 0.984719
vt 0.905145 0.984719
vt 0.905145 0.972421
vt 0.791154 0.688846
vt 0.791154 0.703436
vt 0.777774 0.703436
vt 0.777774 0.688846
vt 0.781543 0.528993
vt 0.787269 0.528993
vt 0.793986 0.703436
vt 0.793986 0.688846
vt 0.807366 0.688846
vt 0.807366 0.703436
vt 0.797755 0.528993
vt 0.803481 0.528993
vt 0.906927 0.930181
vt 0.906927 0.932336
vt 0.903416 0.932336
vt 0.903416 0.930181
vt 0.905938 0.955955
vt 0.904435 0.955955
vt 0.903416 0.891568
vt 0.906927 0.891568
vt 0.903416 0.887686
vt 0.906927 0.887686
vt 0.920789 0.887686
vt 0.920789 0.891568
vt 0.935608 0.932336
vt 0.935608 0.930181
vt 0.939118 0.930181
vt 0.939118 0.932336
vt 0.935607 0.891568
vt 0.939118 0.891568
vt 0.938129 0.955955
vt 0.936627 0.955955
vt 0.935607 0.887686
vt 0.939118 0.887686
vt 0.921745 0.891568
vt 0.921745 0.887686
vn 1.000000 0.000000 0.000000
vn 1.000000 0.000000 0.000000
vn 1.000000 0.000000 0.000000
vn 1.000000 0.000000 0.000000
vn 0.000000 1.000000 0.000000
vn 0.000000 1.000000 0.000000
vn 0.000000 1.000000 0.000000
vn 0.000000 1.000000 0.000000
vn -1.000000 0.000000 0.000000
vn -1.000000 0.000000 0.000000
vn -1.000000 0.000000 0.000000
vn -1.000000 0.000000 0.000000
vn 0.000000 -1.000000 0.000000
vn 0.000000 -1.000000 0.000000
vn 0.000000 -1.000000 0.000000
vn 0.000000 -1.000000 0.000000
vn 0.000000 0.000000 -1.000000
vn 0.000000 0.000000 -1.000000
vn 0.000000 0.000000 -1.000000
vn 0.000000 0.000000 -1.000000
vn 0.000000 0.000000 1.000000
vn 0.000000 0.000000 1.000000
vn 0.000000 0.000000 1.000000
vn 0.000000 0.000000 1.000000
vn 1.000000 0.000000 0.000000
vn 1.000000 0.000000 0.000000
vn 1.000000 0.000000 0.000000
vn 1.000000 0.000000 0.000000
vn 0.000000 1.000000 0.000000
vn 0.000000 1.000000 0.000000
vn 0.000000 1.000000 0.000000
vn 0.000000 1.000000 0.000000
vn -1.000000 0.000000 0.000000
vn -1.000000 0.000000 0.000000
vn -1.000000 0.000000 0.000000
vn -1.000000 0.000000 0.000000
vn 0.000000 -1.000000 0.000000
vn 0.000000 -1.000000 0.000000
vn 0.000000 -1.000000 0.000000
vn 0.000000 -1.000000 0.000000
vn 0.000000 0.000000 -1.000000
vn 0.000000 0.000000 -1.000000
vn 0.000000 0.000000 -1.000000
vn 0.000000 0.000000 -1.000000
vn 0.000000 0.000000 1.000000
vn 0.000000 0.000000 1.000000
vn 0.000000 0.000000 1.000000
vn 0.000000 0.000000 1.000000
vn 1.000000 0.000000 0.000010
vn 1.000000 0.000000 0.000010
vn 1.000000 0.000000 0.000010
vn 1.000000 0.000000 0.000010
vn 0.000000 1.000000 0.000000
vn 0.000000 1.000000 0.000000
vn 0.000000 1.000000 0.000000
vn 0.000000 1.000000 0.000000
vn -1.000000 0.000000 0.000000
vn -1.000000 0.000000 0.000000
vn -1.000000 0.000000 0.000000
vn -1.000000 0.000000 0.000000
vn 0.000000 -1.000000 0.000002
vn 0.000000 -1.000000 0.000002
vn 0.000000 -1.000000 0.000002
vn 0.000000 -1.000000 0.000002
vn 0.000002 0.000000 -1.000000
vn 0.000002 0.000000 -1.000000
vn 0.000002 0.000000 -1.000000
vn 0.000002 0.000000 -1.000000
vn 0.000002 0.000000 1.000000
vn 0.000002 0.000000 1.000000
vn 0.000002 0.000000 1.000000
vn 0.000002 0.000000 1.000000
vn -0.015054 -0.020006 -0.999687
vn -0.015053 -0.020006 -0.999687
vn -0.015056 0.000000 -0.999887
vn -0.015056 0.000000 -0.999887
vn 0.000000 1.000000 0.000000
vn 0.000000 1.000000 0.000000
vn 0.000000 1.000000 0.000000
vn 0.000000 1.000000 0.000000
vn 0.015055 0.000000 0.999887
vn 0.015057 0.000000 0.999887
vn 0.015053 -0.019591 0.999695
vn 0.015054 -0.019591 0.999695
vn 0.000000 -1.000000 0.000000
vn 0.000000 -1.000000 0.000000
vn 0.000000 -1.000000 0.000000
vn 0.000000 -1.000000 0.000000
vn -0.999887 0.000000 0.015056
vn -0.999887 0.000000 0.015056
vn -0.999887 0.000000 0.015056
vn -0.999887 0.000000 0.015056
vn 0.999887 0.000000 -0.015055
vn 0.999887 0.000000 -0.015055
vn 0.999887 0.000000 -0.015055
vn 0.999887 0.000000 -0.015055
vn 0.000000 -1.000000 0.000000
vn 0.000000 -1.000000 0.000000
vn -0.999094 -0.039817 0.015043
vn -0.999887 0.000000 0.015050
vn -0.999887 0.000000 0.015050
vn -0.999053 -0.040819 0.015043
vn 0.000000 1.000000 0.000001
vn 0.000000 1.000000 0.000001
vn 0.999887 0.000000 -0.015060
vn 0.999094 -0.039819 -0.015051
vn 0.999053 -0.040820 -0.015050
vn 0.999887 0.000000 -0.015060
vn 0.000000 1.000000 -0.000000
vn 0.000000 1.000000 -0.000000
vn -0.999887 0.000000 0.015057
vn -0.999181 -0.037553 0.015051
vn -0.999181 -0.037553 0.015051
vn -0.999887 0.000000 0.015057
vn 0.000000 -1.000000 -0.000000
vn 0.000000 -1.000000 -0.000000
vn 0.999181 -0.037552 -0.015048
vn 0.999887 0.000000 -0.015057
vn 0.999887 0.000000 -0.015057
vn 0.999181 -0.037552 -0.015048
vn 0.000000 -1.000000 -0.000000
vn 0.000000 -1.000000 -0.000000
vn 0.000000 1.000000 0.000000
vn 0.000000 1.000000 0.000000
vn 0.000000 -1.000000 0.000000
vn 0.000000 -1.000000 0.000000
vn 0.000000 1.000000 0.000000
vn 0.000000 1.000000 0.000000
vn 0.015046 -0.037553 0.999181
vn 0.015057 0.000000 0.999887
vn 0.015057 0.000000 0.999887
vn 0.015046 -0.037553 0.999181
vn 0.000000 1.000000 0.000000
vn 0.000000 1.000000 0.000000
vn 0.000000 1.000000 0.000000
vn -0.015043 -0.040819 -0.999053
vn -0.015058 0.000000 -0.999887
vn 0.000000 -1.000000 0.000000
vn 0.000000 -1.000000 0.000000
vn 0.000000 -1.000000 0.000000
vn 0.000000 -1.000000 0.000000
vn 0.015054 0.000000 0.999887
vn 0.015044 -0.037552 0.999181
vn 0.015044 -0.037552 0.999181
vn 0.015054 0.000000 0.999887
vn 0.000000 -1.000000 0.000000
vn 0.000000 -1.000000 0.000000
vn 0.000000 -1.000000 0.000000
vn 0.000000 -1.000000 0.000000
vn -0.015057 0.000000 -0.999887
vn -0.015044 -0.040819 -0.999053
vn 0.000000 1.000000 0.000000
vn 0.000000 1.000000 0.000000
vn 0.000000 1.000000 0.000000
vn -0.015054 0.000000 -0.999887
vn -0.015045 -0.037552 -0.999181
vn -0.015045 -0.037552 -0.999181
vn -0.015054 0.000000 -0.999887
vn 0.000000 -1.000000 0.000000
vn 0.000000 -1.000000 0.000000
vn 0.000000 -1.000000 0.000000
vn 0.000000 -1.000000 0.000000
vn 0.015057 0.000000 0.999887
vn 0.015046 -0.037552 0.999181
vn -0.015048 -0.037552 -0.999181
vn -0.015058 0.000000 -0.999887
vn -0.015058 0.000000 -0.999887
vn -0.015048 -0.037552 -0.999181
vn 0.015047 -0.037553 0.999181
vn 0.015055 0.000000 0.999887
vn 0.000000 -1.000000 0.000000
vn 0.000000 -1.000000 0.000000
vn 0.000000 -1.000000 0.000000
vn 0.000000 -1.000000 0.000000
vn 0.998984 -0.042478 -0.015042
vn 0.998984 -0.042478 -0.015042
vn 0.998984 -0.042478 -0.015042
vn 0.998984 -0.042478 -0.015042
vn 0.015043 -0.042478 0.998984
vn 0.015043 -0.042478 0.998984
vn -0.998984 -0.042478 0.015042
vn -0.998984 -0.042478 0.015042
vn -0.998984 -0.042478 0.015042
vn -0.998984 -0.042479 0.015042
vn -0.998984 -0.042479 0.015042
vn -0.998984 -0.042479 0.015042
vn -0.998984 -0.042479 0.015042
vn -0.015043 -0.042478 -0.998984
vn -0.015043 -0.042478 -0.998984
vn -0.015043 -0.042478 -0.998984
vn 0.015041 -0.042478 0.998984
vn 0.015041 -0.042478 0.998984
vn 0.998984 -0.042479 -0.015042
vn 0.998984 -0.042479 -0.015042
vn 0.998984 -0.042479 -0.015042
vn 0.998984 -0.042479 -0.015042
vn 0.015043 -0.042478 0.998984
vn 0.015043 -0.042478 0.998984
vn -0.998984 -0.042479 0.015049
vn -0.998984 -0.042479 0.015049
vn -0.015043 -0.042478 -0.998984
vn -0.015043 -0.042478 -0.998984
vn -0.998984 -0.042478 0.015038
vn -0.998984 -0.042478 0.015038
vn -0.998984 -0.042478 0.015038
vn -0.998984 -0.042478 0.015038
vn -0.015045 -0.042478 -0.998984
vn -0.015045 -0.042478 -0.998984
vn 0.998984 -0.042478 -0.015045
vn 0.998984 -0.042478 -0.015045
vn 0.015044 -0.042478 0.998984
vn 0.015044 -0.042478 0.998984
vn 0.999887 0.000000 -0.015052
vn 0.999887 0.000000 -0.015052
vn 0.999887 0.000000 -0.015052
vn 0.999887 0.000000 -0.015052
vn -0.015054 0.000000 -0.999887
vn -0.015054 0.000000 -0.999887
vn -0.999887 0.000000 0.015057
vn -0.999887 0.000000 0.015057
vn 0.015057 0.000000 0.999887
vn 0.015057 0.000000 0.999887
vn -0.999887 -0.000000 0.015054
vn -0.999887 -0.000000 0.015054
vn -0.999887 -0.000000 0.015054
vn -0.999887 -0.000000 0.015054
vn 0.015055 0.000000 0.999887
vn 0.015055 0.000000 0.999887
vn 0.999887 0.000000 -0.015057
vn 0.999887 0.000000 -0.015057
vn -0.015057 0.000000 -0.999887
vn -0.015057 0.000000 -0.999887
vn -0.999887 0.000000 0.015057
vn -0.999887 0.000000 0.015057
vn -0.999887 0.000000 0.015057
vn -0.999887 0.000000 0.015057
vn 0.999887 0.000000 -0.015057
vn 0.999887 0.000000 -0.015057
vn 0.999887 0.000000 -0.015057
vn 0.999887 0.000000 -0.015057
vn 0.000000 -1.000000 0.000000
vn 0.000000 -1.000000 0.000000
vn 0.000000 -1.000000 0.000000
vn 0.000000 -1.000000 0.000000
vn 0.000000 -1.000000 0.000000
vn 0.000000 -1.000000 0.000000
vn 0.000000 -1.000000 0.000000
vn 0.000000 -1.000000 0.000000
vn -0.010645 0.707108 -0.707025
vn -0.010645 0.707108 -0.707025
vn -0.010644 0.707109 -0.707025
vn -0.010644 0.707109 -0.707025
vn -0.010645 0.707107 -0.707026
vn -0.010645 0.707107 -0.707026
vn 0.010645 0.707107 0.707027
vn 0.010645 0.707107 0.707027
vn 0.010645 0.707107 0.707027
vn 0.010645 0.707107 0.707027
vn 0.010647 0.707106 0.707028
vn 0.010647 0.707106 0.707028
vn 0.010645 0.707106 0.707027
vn 0.010645 0.707106 0.707027
vn 0.010645 0.707106 0.707027
vn 0.010645 0.707106 0.707027
vn 0.010647 0.707105 0.707029
vn 0.010647 0.707105 0.707029
vn -0.010645 0.707108 -0.707026
vn -0.010645 0.707108 -0.707026
vn -0.010645 0.707108 -0.707025
vn -0.010645 0.707108 -0.707025
vn -0.010647 0.707106 -0.707027
vn -0.010647 0.707106 -0.707027
vn 0.000000 1.000000 0.000000
vn 0.000000 1.000000 0.000000
vn 0.000000 1.000000 0.000000
vn 0.000000 1.000000 0.000000
vn 0.000000 1.000000 0.000000
vn 0.000000 1.000000 0.000000
vn 0.000000 1.000000 0.000000
vn 0.000000 1.000000 0.000000
vn -0.015054 0.000000 -0.999887
vn -0.015054 0.000000 -0.999887
vn 0.015055 0.000000 0.999887
vn 0.015057 0.000000 0.999887
vn 0.015056 0.000000 0.999887
vn 0.015055 0.000000 0.999887
vn -0.015055 0.000000 -0.999887
vn -0.015055 0.000000 -0.999887
vn -0.015054 0.000000 -0.999887
vn -0.015054 0.000000 -0.999887
vn 0.000000 1.000000 0.000000
vn 0.000000 1.000000 0.000000
vn 0.015054 0.000000 0.999887
vn 0.015054 0.000000 0.999887
vn 0.015055 0.000000 0.999887
vn 0.015055 0.000000 0.999887
vn 0.000000 1.000000 0.000000
vn 0.000000 1.000000 0.000000
vn -0.015054 0.000000 -0.999887
vn -0.015054 0.000000 -0.999887
vn -0.015042 -0.042478 -0.998984
vn -0.015042 -0.042478 -0.998984
vn -0.015042 -0.042478 -0.998984
vn 0.998984 -0.042479 -0.015049
vn 0.998984 -0.042479 -0.015049
vn 0.998984 -0.042479 -0.015049
vn -0.717671 0.000000 -0.696382
vn -0.717671 0.000000 -0.696382
vn -0.717671 0.000000 -0.696382
vn -0.717671 0.000000 -0.696382
vn 0.696377 0.000000 -0.717676
vn 0.696377 0.000000 -0.717676
vn 0.696377 0.000000 -0.717676
vn 0.696377 0.000000 -0.717676
vn -0.522479 0.685557 -0.506979
vn -0.522479 0.685557 -0.506979
vn -0.522479 0.685557 -0.506979
vn 0.506979 0.685552 -0.522484
vn 0.506979 0.685553 -0.522484
vn 0.506979 0.685552 -0.522484
s off
g Chair_Mesh1 Tables_chairs
usemtl initialShadingGroup
f 868/1637/1580 869/1638/1581 871/1639/1582 870/1640/1583
f 870/1735/1584 871/1736/1585 873/1737/1586 872/1738/1587
f 872/1641/1588 873/1642/1589 875/1643/1590 874/1644/1591
f 874/1739/1592 875/1740/1593 869/1741/1594 868/1742/1595
f 869/1837/1596 875/1838/1597 873/1839/1598 871/1840/1599
f 874/1841/1600 868/1842/1601 870/1843/1602 872/1844/1603
f 876/1645/1604 877/1646/1605 879/1647/1606 878/1648/1607
f 878/1743/1608 879/1744/1609 881/1745/1610 880/1746/1611
f 880/1649/1612 881/1650/1613 883/1651/1614 882/1652/1615
f 882/1747/1616 883/1748/1617 877/1749/1618 876/1750/1619
f 877/1845/1620 883/1846/1621 881/1847/1622 879/1848/1623
f 882/1849/1624 876/1850/1625 878/1851/1626 880/1852/1627
f 884/1653/1628 885/1654/1629 887/1655/1630 886/1656/1631
f 886/1751/1632 887/1752/1633 889/1753/1634 888/1754/1635
f 888/1657/1636 889/1658/1637 891/1659/1638 890/1660/1639
f 890/1755/1640 891/1756/1641 885/1757/1642 884/1758/1643
f 885/1853/1644 891/1854/1645 889/1855/1646 887/1856/1647
f 890/1857/1648 884/1858/1649 886/1859/1650 888/1860/1651
s 1
f 900/1861/1652 901/1862/1653 902/1863/1654 903/1864/1655
s 2
f 894/1759/1656 895/1760/1657 897/1761/1658 896/1762/1659
s 3
f 904/1875/1660 905/1876/1661 906/1877/1662 907/1878/1663
s 4
f 898/1777/1664 899/1778/1665 893/1779/1666 892/1780/1667
s off
f 909/1661/1668 908/1662/1669 910/1663/1670 911/1664/1671
f 912/1665/1672 913/1666/1673 914/1667/1674 915/1668/1675
s 4
f 892/1780/1667 893/1779/1666 901/1785/1676 900/1786/1677
s 5
f 916/1669/1678 917/1670/1679 980/1671/1680 983/1672/1681
s 2
f 895/1760/1657 894/1759/1656 903/1763/1682 902/1764/1683
s 6
f 919/1678/1684 918/1679/1685 987/1680/1686 988/1681/1687
s 2
f 896/1762/1659 897/1761/1658 905/1767/1688 904/1768/1689
s 7
f 920/1687/1690 921/1688/1691 922/1689/1692 923/1690/1693
s 4
f 899/1778/1665 898/1777/1664 907/1781/1694 906/1782/1695
s 8
f 925/1699/1696 924/1700/1697 926/1701/1698 927/1702/1699
s 4
f 893/1779/1666 899/1778/1665 908/1783/1700 909/1784/1701
s 2
f 897/1761/1658 895/1760/1657 911/1765/1702 910/1766/1703
s 4
f 898/1777/1664 892/1780/1667 913/1787/1704 912/1788/1705
s 2
f 894/1759/1656 896/1762/1659 915/1769/1706 914/1770/1707
s 9
f 893/1899/1708 895/1900/1709 917/1901/1710 916/1902/1711
s 2
f 895/1760/1657 902/1764/1683 981/1774/1712 980/1775/1713 917/1776/1714
s 1
f 902/1863/1654 901/1862/1653 984/1865/1715 981/1866/1716
s off
f 929/1789/1717 928/1790/1718 930/1791/1719 931/1792/1720
s 10
f 894/1905/1721 892/1906/1722 918/1907/1723 919/1908/1724
s off
f 932/1793/1725 933/1794/1726 934/1795/1727 935/1796/1728
s 1
f 900/1861/1652 903/1864/1655 989/1867/1729 986/1868/1730
s 2
f 903/1763/1682 894/1759/1656 919/1771/1731 988/1772/1732 989/1773/1733
s 11
f 897/1911/1734 899/1912/1735 921/1913/1736 920/1914/1737
s off
f 936/1797/1738 937/1798/1739 938/1799/1740 939/1800/1741
s 3
f 906/1877/1662 905/1876/1661 923/1879/1742 922/1880/1743
s 12
f 898/1923/1744 896/1924/1745 924/1925/1746 925/1926/1747
s 3
f 904/1875/1660 907/1878/1663 927/1881/1748 926/1882/1749
s off
f 941/1801/1750 940/1802/1751 942/1803/1752 943/1804/1753
f 901/1711/1754 893/1712/1755 928/1713/1756 929/1714/1757
s 9
f 893/1899/1708 916/1902/1711 930/1903/1758 928/1904/1759
s 5
f 916/1669/1678 983/1672/1681 982/1675/1760 931/1676/1761 930/1677/1762
s off
f 892/1715/1763 900/1716/1764 933/1717/1765 932/1718/1766
s 1
f 900/1861/1652 986/1868/1730 985/1872/1767 934/1873/1768 933/1874/1769
s 10
f 918/1907/1723 892/1906/1722 932/1909/1770 935/1910/1771
s off
f 899/1719/1772 906/1720/1773 937/1721/1774 936/1722/1775
s 3
f 906/1877/1662 922/1880/1743 938/1885/1776 937/1886/1777
s 7
f 922/1689/1692 921/1688/1691 939/1691/1778 938/1692/1779
s 11
f 921/1913/1736 899/1912/1735 936/1915/1780 939/1916/1781
s off
f 907/1723/1782 898/1724/1783 940/1725/1784 941/1726/1785
s 12
f 898/1923/1744 925/1926/1747 942/1929/1786 940/1930/1787
s 8
f 925/1699/1696 927/1702/1699 943/1705/1788 942/1706/1789
s 3
f 927/1881/1748 907/1878/1663 941/1887/1790 943/1888/1791
s off
f 905/1727/1792 897/1728/1793 944/1729/1794 945/1730/1795
s 11
f 897/1911/1734 920/1914/1737 946/1917/1796 944/1918/1797
s 7
f 920/1687/1690 923/1690/1693 947/1693/1798 946/1694/1799
s 3
f 923/1879/1742 905/1876/1661 945/1883/1800 947/1884/1801
s off
f 896/1731/1802 904/1732/1803 949/1733/1804 948/1734/1805
s 3
f 904/1875/1660 926/1882/1749 950/1889/1806 949/1890/1807
s 8
f 926/1701/1698 924/1700/1697 951/1703/1808 950/1704/1809
s 12
f 924/1925/1746 896/1924/1745 948/1927/1810 951/1928/1811
s 7
f 946/1694/1799 947/1693/1798 963/1695/1812 962/1696/1813 958/1697/1814 959/1698/1815
s 8
f 950/1704/1809 951/1703/1808 971/1707/1816 970/1708/1817 966/1709/1818 967/1710/1819
s off
f 945/1805/1820 944/1806/1821 952/1807/1822 953/1808/1823
f 948/1809/1824 949/1810/1825 955/1811/1826 954/1812/1827
s 13
f 956/1819/1828 957/1814/1829 973/1818/1830 972/1824/1831
f 957/1814/1829 956/1819/1828 959/1820/1832 958/1815/1833
s 14
f 960/1813/1834 961/1821/1835 975/1823/1836 974/1817/1837
f 961/1821/1835 960/1813/1834 962/1816/1838 963/1822/1839
s 15
f 964/1831/1840 965/1826/1841 977/1830/1842 976/1836/1843
f 965/1826/1841 964/1831/1840 967/1832/1844 966/1827/1845
s 16
f 968/1825/1846 969/1833/1847 979/1835/1848 978/1829/1849
f 969/1833/1847 968/1825/1846 970/1828/1850 971/1834/1851
s 17
f 960/1813/1852 957/1814/1853 958/1815/1854 962/1816/1855
s 18
f 968/1825/1856 965/1826/1857 966/1827/1858 970/1828/1859
s 11
f 944/1918/1797 946/1917/1796 959/1919/1860 956/1920/1861
s 3
f 947/1884/1801 945/1883/1800 961/1891/1862 963/1892/1863
f 949/1890/1807 950/1889/1806 967/1893/1864 964/1894/1865
s 12
f 951/1928/1811 948/1927/1810 969/1931/1866 971/1932/1867
s 11
f 944/1918/1797 956/1920/1861 972/1921/1868 952/1922/1869
s 17
f 957/1814/1853 960/1813/1852 974/1817/1870 973/1818/1871
s 3
f 961/1891/1862 945/1883/1800 953/1895/1872 975/1896/1873
f 949/1890/1807 964/1894/1865 976/1897/1874 955/1898/1875
s 18
f 965/1826/1857 968/1825/1856 978/1829/1876 977/1830/1877
s 12
f 969/1931/1866 948/1927/1810 954/1933/1878 979/1934/1879
s 1
f 982/1869/1880 984/1865/1715 901/1862/1653 929/1870/1881 931/1871/1882
s 6
f 985/1682/1883 987/1680/1686 918/1679/1685 935/1683/1884 934/1684/1885
s off
f 980/1671/1886 981/1673/1887 984/1674/1888 983/1672/1889
f 987/1680/1890 986/1685/1891 989/1686/1892 988/1681/1893
f 982/1675/1894 983/1672/1895 984/1674/1896
f 985/1682/1897 986/1685/1898 987/1680/1899
g default
v -0.510297 2.802078 -8.135994
v -0.707170 2.802078 -8.135994
v -0.510297 7.000000 -8.135994
v -0.707170 7.000000 -8.135994
v -0.510297 7.000000 -7.939121
v -0.707170 7.000000 -7.939121
v -0.510297 2.802078 -7.939121
v -0.707170 2.802078 -7.939121
v -0.510297 2.802078 -7.135994
v -0.707170 2.802078 -7.135994
v -0.510297 7.000000 -7.135994
v -0.707170 7.000000 -7.135994
v -0.510297 7.000000 -6.939121
v -0.707170 7.000000 -6.939121
v -0.510297 2.802078 -6.939121
v -0.707170 2.802078 -6.939121
v -0.510297 2.802078 -9.135994
v -0.707170 2.802078 -9.135994
v -0.510297 7.000000 -9.135994
v -0.707170 7.000000 -9.135994
v -0.510297 7.000000 -8.939121
v -0.707170 7.000000 -8.939121
v -0.510297 2.802078 -8.939121
v -0.707170 2.802078 -8.939121
v -3.801511 2.567719 -9.522961
v -3.756092 2.567719 -6.506737
v -3.801511 2.802078 -9.522961
v -3.756092 2.802078 -6.506737
v -0.785286 2.802078 -9.568381
v -0.739868 2.802078 -6.552157
v -0.785286 2.567719 -9.568381
v -0.739868 2.567719 -6.552157
v -4.183147 2.567719 -9.517214
v -4.137729 2.567719 -6.500990
v -4.137729 2.802078 -6.500990
v -4.183147 2.802078 -9.517214
v -0.403651 2.802078 -9.574125
v -0.358232 2.802078 -6.557903
v -0.358232 2.567719 -6.557903
v -0.403651 2.567719 -9.574125
v -0.734121 2.567719 -6.170519
v -3.750346 2.567719 -6.125101
v -0.734121 2.802078 -6.170519
v -3.750346 2.802078 -6.125101
v -0.791033 2.567719 -9.950016
v -3.807258 2.567719 -9.904599
v -3.807258 2.802078 -9.904599
v -0.791033 2.802078 -9.950016
v -3.750346 2.567719 -6.125101
v -3.750346 2.802078 -6.125101
v -3.807258 2.567719 -9.904599
v -3.807258 2.802078 -9.904599
v -0.734121 2.802078 -6.170519
v -0.734121 2.567719 -6.170519
v -0.352485 2.567719 -6.176266
v -0.352485 2.802078 -6.176266
v -0.791033 2.802078 -9.950016
v -0.791033 2.567719 -9.950016
v -0.409396 2.802078 -9.955762
v -0.409396 2.567719 -9.955762
v -3.863607 0.000001 -6.395935
v -4.026927 0.000001 -6.393477
v -3.861147 0.000001 -6.232615
v -4.024469 0.000001 -6.230156
v -3.912312 0.000001 -9.630476
v -4.075633 0.000001 -9.628016
v -4.078093 0.000001 -9.791337
v -3.914771 0.000001 -9.793796
v -0.629067 0.000001 -6.444639
v -0.465745 0.000001 -6.447100
v -0.463287 0.000001 -6.283781
v -0.626607 0.000001 -6.281321
v -0.677772 0.000001 -9.679181
v -0.514451 0.000001 -9.681641
v -0.680232 0.000001 -9.842502
v -0.516911 0.000001 -9.844961
v -0.739868 7.000000 -6.552157
v -0.358232 7.000000 -6.557903
v -0.734121 7.000000 -6.170519
v -0.352485 7.000000 -6.176266
v -0.785286 7.000000 -9.568381
v -0.403651 7.000000 -9.574125
v -0.409397 7.000000 -9.955761
v -0.791033 7.000000 -9.950016
v -0.762557 7.000000 -8.059249
v -0.380922 7.000000 -8.064994
v -0.762595 7.000000 -8.061290
v -0.380959 7.000000 -8.067036
v -0.739868 7.421959 -6.552157
v -0.644468 7.517370 -6.553593
v -0.638721 7.517370 -6.171956
v -0.734121 7.421959 -6.170519
v -0.453632 7.517370 -6.556467
v -0.358232 7.421959 -6.557903
v -0.447885 7.517370 -6.174829
v -0.352485 7.421959 -6.176266
v -0.403651 7.421959 -9.574125
v -0.499050 7.517370 -9.572689
v -0.504796 7.517370 -9.954325
v -0.409397 7.421959 -9.955761
v -0.689887 7.517370 -9.569817
v -0.785286 7.421959 -9.568381
v -0.695634 7.517370 -9.951452
v -0.791033 7.421959 -9.950016
v -0.762557 7.421959 -8.059249
v -0.667157 7.517370 -8.060685
v -0.476322 7.517370 -8.063558
v -0.380922 7.421959 -8.064994
v -0.380959 7.421959 -8.067036
v -0.476358 7.517370 -8.065600
v -0.667196 7.517370 -8.062726
v -0.762595 7.421959 -8.061290
v -3.941184 2.802078 -6.122228
v -4.134856 2.802078 -6.310154
v -4.126343 2.433032 -6.125168
v -3.941184 2.567719 -6.122228
v -4.134856 2.567719 -6.310154
v -4.183082 2.433032 -9.893213
v -4.186021 2.567719 -9.708054
v -3.998096 2.567719 -9.901725
v -3.998096 2.802078 -9.901725
v -4.186021 2.802078 -9.708054
vt 0.375000 0.000000
vt 0.625000 0.000000
vt 0.375000 0.250000
vt 0.625000 0.250000
vt 0.375000 0.500000
vt 0.625000 0.500000
vt 0.375000 0.750000
vt 0.625000 0.750000
vt 0.375000 1.000000
vt 0.625000 1.000000
vt 0.875000 0.000000
vt 0.875000 0.250000
vt 0.125000 0.000000
vt 0.125000 0.250000
vt 0.375000 0.000000
vt 0.625000 0.000000
vt 0.625000 0.250000
vt 0.375000 0.250000
vt 0.625000 0.500000
vt 0.375000 0.500000
vt 0.625000 0.750000
vt 0.375000 0.750000
vt 0.625000 1.000000
vt 0.375000 1.000000
vt 0.875000 0.000000
vt 0.875000 0.250000
vt 0.125000 0.000000
vt 0.125000 0.250000
vt 0.375000 0.000000
vt 0.625000 0.000000
vt 0.625000 0.250000
vt 0.375000 0.250000
vt 0.625000 0.500000
vt 0.375000 0.500000
vt 0.625000 0.750000
vt 0.375000 0.750000
vt 0.625000 1.000000
vt 0.375000 1.000000
vt 0.875000 0.000000
vt 0.875000 0.250000
vt 0.125000 0.000000
vt 0.125000 0.250000
vt 0.375000 0.250000
vt 0.625000 0.250000
vt 0.625000 0.500000
vt 0.375000 0.500000
vt 0.375000 0.500000
vt 0.625000 0.500000
vt 0.625000 0.750000
vt 0.375000 0.750000
vt 0.375000 0.750000
vt 0.625000 0.750000
vt 0.625000 1.000000
vt 0.375000 1.000000
vt 0.625000 0.000000
vt 0.875000 0.000000
vt 0.875000 0.250000
vt 0.625000 0.250000
vt 0.125000 0.000000
vt 0.375000 0.000000
vt 0.375000 0.250000
vt 0.125000 0.250000
vt 0.375000 0.000000
vt 0.625000 0.000000
vt 0.375000 0.000000
vt 0.625000 0.000000
vt 0.625000 0.500000
vt 0.375000 0.500000
vt 0.625000 0.500000
vt 0.625000 0.750000
vt 0.625000 0.750000
vt 0.625000 0.500000
vt 0.375000 0.750000
vt 0.625000 0.750000
vt 0.375000 0.750000
vt 0.375000 0.500000
vt 0.375000 0.500000
vt 0.375000 0.750000
vt 0.875000 0.000000
vt 0.875000 0.000000
vt 0.625000 0.000000
vt 0.875000 0.250000
vt 0.625000 0.250000
vt 0.875000 0.250000
vt 0.125000 0.000000
vt 0.125000 0.250000
vt 0.625000 0.000000
vt 0.625000 0.000000
vt 0.375000 0.000000
vt 0.375000 0.000000
vt 0.375000 0.000000
vt 0.625000 0.750000
vt 0.625000 0.750000
vt 0.625000 0.750000
vt 0.625000 0.750000
vt 0.375000 0.750000
vt 0.375000 0.750000
vt 0.375000 0.750000
vt 0.375000 0.750000
vt 0.625000 0.500000
vt 0.375000 0.500000
vt 0.625000 0.500000
vt 0.375000 0.500000
vt 0.625000 0.500000
vt 0.625000 0.500000
vt 0.625000 0.500000
vt 0.625000 0.500000
vt 0.375000 0.500000
vt 0.375000 0.500000
vt 0.375000 0.500000
vt 0.375000 0.500000
vt 0.625000 0.500000
vt 0.625000 0.500000
vt 0.375000 0.500000
vt 0.375000 0.500000
vt 0.625000 0.500000
vt 0.625000 0.500000
vt 0.625000 0.500000
vt 0.625000 0.500000
vt 0.375000 0.500000
vt 0.375000 0.500000
vt 0.375000 0.500000
vt 0.375000 0.500000
vt 0.625000 0.500000
vt 0.625000 0.500000
vt 0.625000 0.500000
vt 0.625000 0.500000
vt 0.625000 0.500000
vt 0.625000 0.500000
vt 0.375000 0.500000
vt 0.375000 0.500000
vt 0.375000 0.500000
vt 0.375000 0.500000
vt 0.375000 0.500000
vt 0.375000 0.500000
vt 0.625000 0.250000
vt 0.625000 0.000000
vt 0.625000 0.000000
vt 0.625000 0.000000
vt 0.625000 0.000000
vt 0.375000 0.000000
vt 0.375000 0.000000
vt 0.375000 0.000000
vt 0.375000 0.250000
vt 0.625000 0.250000
vt 0.625000 0.250000
vt 0.375000 0.250000
vt 0.375000 0.250000
vt 0.625000 0.250000
vt 0.625000 0.000000
vt 0.375000 0.000000
vt 0.375000 0.250000
vt 0.625000 0.000000
vt 0.375000 0.000000
vn 0.000000 0.000000 -1.000000
vn 0.000000 0.000000 -1.000000
vn 0.000000 0.000000 -1.000000
vn 0.000000 0.000000 -1.000000
vn 0.000000 1.000000 0.000000
vn 0.000000 1.000000 0.000000
vn 0.000000 1.000000 0.000000
vn 0.000000 1.000000 0.000000
vn 0.000000 0.000000 1.000000
vn 0.000000 0.000000 1.000000
vn 0.000000 0.000000 1.000000
vn 0.000000 0.000000 1.000000
vn 0.000000 -1.000000 0.000000
vn 0.000000 -1.000000 0.000000
vn 0.000000 -1.000000 0.000000
vn 0.000000 -1.000000 0.000000
vn -1.000000 0.000000 0.000000
vn -1.000000 0.000000 0.000000
vn -1.000000 0.000000 0.000000
vn -1.000000 0.000000 0.000000
vn 1.000000 0.000000 0.000000
vn 1.000000 0.000000 0.000000
vn 1.000000 0.000000 0.000000
vn 1.000000 0.000000 0.000000
vn 0.000000 0.000000 -1.000000
vn 0.000000 0.000000 -1.000000
vn 0.000000 0.000000 -1.000000
vn 0.000000 0.000000 -1.000000
vn 0.000000 1.000000 0.000000
vn 0.000000 1.000000 0.000000
vn 0.000000 1.000000 0.000000
vn 0.000000 1.000000 0.000000
vn 0.000000 0.000000 1.000000
vn 0.000000 0.000000 1.000000
vn 0.000000 0.000000 1.000000
vn 0.000000 0.000000 1.000000
vn 0.000000 -1.000000 0.000000
vn 0.000000 -1.000000 0.000000
vn 0.000000 -1.000000 0.000000
vn 0.000000 -1.000000 0.000000
vn -1.000000 0.000000 0.000000
vn -1.000000 0.000000 0.000000
vn -1.000000 0.000000 0.000000
vn -1.000000 0.000000 0.000000
vn 1.000000 0.000000 0.000000
vn 1.000000 0.000000 0.000000
vn 1.000000 0.000000 0.000000
vn 1.000000 0.000000 0.000000
vn 0.000000 0.000000 -1.000000
vn 0.000000 0.000000 -1.000000
vn 0.000000 0.000000 -1.000000
vn 0.000000 0.000000 -1.000000
vn 0.000000 1.000000 0.000000
vn 0.000000 1.000000 0.000000
vn 0.000000 1.000000 0.000000
vn 0.000000 1.000000 0.000000
vn 0.000000 0.000000 1.000000
vn 0.000000 0.000000 1.000000
vn 0.000000 0.000000 1.000000
vn 0.000000 0.000000 1.000000
vn 0.000000 -1.000000 0.000000
vn 0.000000 -1.000000 0.000000
vn 0.000000 -1.000000 0.000000
vn 0.000000 -1.000000 0.000000
vn -1.000000 0.000000 0.000000
vn -1.000000 0.000000 0.000000
vn -1.000000 0.000000 0.000000
vn -1.000000 0.000000 0.000000
vn 1.000000 0.000000 0.000000
vn 1.000000 0.000000 0.000000
vn 1.000000 0.000000 0.000000
vn 1.000000 0.000000 0.000000
vn -0.999686 -0.020006 0.015054
vn -0.999687 -0.020006 0.015052
vn -0.999887 0.000000 0.015056
vn -0.999887 0.000000 0.015056
vn 0.000000 1.000000 -0.000000
vn 0.000000 1.000000 0.000000
vn 0.000000 1.000000 0.000000
vn 0.000000 1.000000 -0.000000
vn 0.999887 0.000000 -0.015056
vn 0.999887 0.000000 -0.015057
vn 0.999695 -0.019591 -0.015053
vn 0.999695 -0.019591 -0.015053
vn 0.000000 -1.000000 -0.000000
vn 0.000000 -1.000000 0.000000
vn 0.000000 -1.000000 0.000000
vn 0.000000 -1.000000 -0.000000
vn 0.015056 0.000000 0.999887
vn 0.015056 0.000000 0.999887
vn 0.015056 0.000000 0.999887
vn 0.015056 0.000000 0.999887
vn -0.015056 0.000000 -0.999887
vn -0.015056 0.000000 -0.999887
vn -0.015056 0.000000 -0.999887
vn -0.015056 0.000000 -0.999887
vn 0.000000 -1.000000 -0.000000
vn 0.000000 -1.000000 -0.000000
vn 0.015040 -0.039818 0.999094
vn 0.015053 0.000000 0.999887
vn 0.015053 0.000000 0.999887
vn 0.015040 -0.040819 0.999053
vn 0.000000 1.000000 0.000000
vn 0.000000 1.000000 0.000000
vn -0.015060 0.000000 -0.999887
vn -0.015044 -0.039818 -0.999094
vn -0.015044 -0.040819 -0.999053
vn -0.015060 0.000000 -0.999887
vn 0.000000 1.000000 0.000000
vn 0.000000 1.000000 0.000000
vn 0.015057 0.000000 0.999887
vn 0.015048 -0.037553 0.999181
vn 0.015048 -0.037553 0.999181
vn 0.015057 0.000000 0.999887
vn 0.000000 -1.000000 -0.000000
vn 0.000000 -1.000000 -0.000000
vn -0.015045 -0.037553 -0.999181
vn -0.015053 0.000000 -0.999887
vn -0.015053 0.000000 -0.999887
vn -0.015045 -0.037553 -0.999181
vn 0.000000 -1.000000 0.000000
vn 0.000000 -1.000000 0.000000
vn 0.000000 1.000000 0.000000
vn 0.000000 1.000000 0.000000
vn 0.000000 -1.000000 -0.000000
vn 0.000000 -1.000000 -0.000000
vn 0.000000 1.000000 -0.000000
vn 0.000000 1.000000 -0.000000
vn 0.999181 -0.037553 -0.015046
vn 0.999887 0.000000 -0.015057
vn 0.999887 0.000000 -0.015057
vn 0.999181 -0.037553 -0.015046
vn 0.000000 1.000000 0.000001
vn 0.000000 1.000000 0.000001
vn 0.000000 1.000000 0.000001
vn -0.999053 -0.040819 0.015042
vn -0.999887 0.000000 0.015055
vn 0.000000 -1.000000 0.000000
vn 0.000000 -1.000000 0.000000
vn 0.000000 -1.000000 0.000000
vn 0.000000 -1.000000 0.000000
vn 0.999887 0.000000 -0.015057
vn 0.999181 -0.037552 -0.015046
vn 0.999181 -0.037552 -0.015046
vn 0.999887 0.000000 -0.015057
vn 0.000000 -1.000000 0.000000
vn 0.000000 -1.000000 0.000000
vn 0.000000 -1.000000 0.000000
vn 0.000000 -1.000000 0.000000
vn -0.999887 0.000000 0.015060
vn -0.999053 -0.040818 0.015045
vn 0.000000 1.000000 0.000001
vn 0.000000 1.000000 0.000001
vn 0.000000 1.000000 0.000001
vn -0.999887 0.000000 0.015057
vn -0.999181 -0.037552 0.015046
vn -0.999181 -0.037552 0.015046
vn -0.999887 0.000000 0.015057
vn 0.000000 -1.000000 0.000000
vn 0.000000 -1.000000 0.000000
vn 0.000000 -1.000000 0.000000
vn 0.000000 -1.000000 0.000000
vn 0.999887 0.000000 -0.015057
vn 0.999181 -0.037553 -0.015045
vn -0.999181 -0.037552 0.015048
vn -0.999887 -0.000000 0.015057
vn -0.999887 -0.000000 0.015057
vn -0.999181 -0.037552 0.015048
vn 0.999181 -0.037552 -0.015045
vn 0.999887 0.000000 -0.015055
vn 0.000000 -1.000000 0.000000
vn 0.000000 -1.000000 0.000000
vn 0.000000 -1.000000 0.000000
vn 0.000000 -1.000000 0.000000
vn -0.015042 -0.042478 -0.998984
vn -0.015042 -0.042478 -0.998984
vn -0.015042 -0.042478 -0.998984
vn -0.015042 -0.042478 -0.998984
vn 0.998984 -0.042478 -0.015043
vn 0.998984 -0.042478 -0.015043
vn 0.015039 -0.042478 0.998984
vn 0.015039 -0.042478 0.998984
vn 0.015039 -0.042478 0.998984
vn 0.015045 -0.042478 0.998984
vn 0.015045 -0.042478 0.998984
vn 0.015045 -0.042478 0.998984
vn 0.015045 -0.042478 0.998984
vn -0.998984 -0.042477 0.015044
vn -0.998984 -0.042477 0.015044
vn -0.998984 -0.042477 0.015044
vn 0.998984 -0.042478 -0.015043
vn 0.998984 -0.042478 -0.015043
vn -0.015045 -0.042479 -0.998984
vn -0.015045 -0.042479 -0.998984
vn -0.015045 -0.042479 -0.998984
vn -0.015045 -0.042479 -0.998984
vn 0.998984 -0.042478 -0.015042
vn 0.998984 -0.042478 -0.015042
vn 0.015045 -0.042478 0.998984
vn 0.015045 -0.042478 0.998984
vn -0.998984 -0.042478 0.015043
vn -0.998984 -0.042478 0.015043
vn 0.015038 -0.042478 0.998984
vn 0.015038 -0.042478 0.998984
vn 0.015038 -0.042478 0.998984
vn 0.015038 -0.042478 0.998984
vn -0.998984 -0.042478 0.015045
vn -0.998984 -0.042478 0.015045
vn -0.015043 -0.042478 -0.998984
vn -0.015043 -0.042478 -0.998984
vn 0.998984 -0.042477 -0.015042
vn 0.998984 -0.042477 -0.015042
vn -0.015057 0.000000 -0.999887
vn -0.015057 0.000000 -0.999887
vn -0.015057 0.000000 -0.999887
vn -0.015057 0.000000 -0.999887
vn -0.999887 0.000000 0.015057
vn -0.999887 0.000000 0.015056
vn 0.015057 0.000000 0.999887
vn 0.015057 0.000000 0.999887
vn 0.999887 0.000000 -0.015056
vn 0.999887 0.000000 -0.015057
vn 0.015050 -0.000000 0.999887
vn 0.015050 -0.000000 0.999887
vn 0.015050 -0.000000 0.999887
vn 0.015050 -0.000000 0.999887
vn 0.999887 0.000000 -0.015056
vn 0.999887 0.000000 -0.015055
vn -0.015053 0.000000 -0.999887
vn -0.015053 0.000000 -0.999887
vn -0.999887 -0.000000 0.015056
vn -0.999887 -0.000000 0.015057
vn 0.015057 0.000000 0.999887
vn 0.015057 0.000000 0.999887
vn 0.015057 0.000000 0.999887
vn 0.015057 0.000000 0.999887
vn -0.015051 -0.000000 -0.999887
vn -0.015051 -0.000000 -0.999887
vn -0.015051 -0.000000 -0.999887
vn -0.015051 -0.000000 -0.999887
vn 0.000000 -1.000000 -0.000000
vn 0.000000 -1.000000 -0.000000
vn 0.000000 -1.000000 -0.000000
vn 0.000000 -1.000000 -0.000000
vn 0.000000 -1.000000 0.000000
vn 0.000000 -1.000000 0.000000
vn 0.000000 -1.000000 0.000000
vn 0.000000 -1.000000 0.000000
vn -0.707026 0.707108 0.010645
vn -0.707026 0.707108 0.010645
vn -0.707027 0.707106 0.010644
vn -0.707027 0.707107 0.010644
vn -0.707020 0.707114 0.010646
vn -0.707020 0.707114 0.010646
vn 0.707023 0.707110 -0.010645
vn 0.707023 0.707110 -0.010645
vn 0.707022 0.707112 -0.010645
vn 0.707022 0.707112 -0.010645
vn 0.707029 0.707104 -0.010647
vn 0.707029 0.707104 -0.010647
vn 0.707031 0.707102 -0.010646
vn 0.707031 0.707102 -0.010646
vn 0.707031 0.707102 -0.010646
vn 0.707031 0.707102 -0.010646
vn 0.707032 0.707102 -0.010646
vn 0.707032 0.707102 -0.010646
vn -0.707027 0.707107 0.010645
vn -0.707027 0.707107 0.010645
vn -0.707027 0.707107 0.010645
vn -0.707027 0.707107 0.010645
vn -0.707027 0.707106 0.010647
vn -0.707027 0.707106 0.010647
vn 0.000000 1.000000 0.000000
vn 0.000000 1.000000 0.000000
vn 0.000000 1.000000 0.000001
vn 0.000000 1.000000 0.000001
vn 0.000000 1.000000 -0.000000
vn 0.000000 1.000000 0.000000
vn 0.000000 1.000000 -0.000001
vn 0.000000 1.000000 -0.000001
vn -0.999887 0.000000 0.015057
vn -0.999887 0.000000 0.015054
vn 0.999887 0.000000 -0.015054
vn 0.999887 0.000000 -0.015057
vn 0.999887 0.000000 -0.015057
vn 0.999887 0.000000 -0.015055
vn -0.999887 0.000000 0.015055
vn -0.999887 0.000000 0.015057
vn -0.999887 0.000000 0.015054
vn -0.999887 0.000000 0.015054
vn 0.000000 1.000000 -0.000000
vn 0.000000 1.000000 -0.000000
vn 0.999887 0.000000 -0.015054
vn 0.999887 0.000000 -0.015054
vn 0.999887 0.000000 -0.015055
vn 0.999887 0.000000 -0.015055
vn 0.000000 1.000000 0.000000
vn 0.000000 1.000000 0.000000
vn -0.999887 0.000000 0.015054
vn -0.999887 0.000000 0.015054
vn -0.998984 -0.042478 0.015041
vn -0.998984 -0.042478 0.015041
vn -0.998984 -0.042478 0.015041
vn -0.015042 -0.042479 -0.998984
vn -0.015042 -0.042479 -0.998984
vn -0.015042 -0.042479 -0.998984
vn -0.696382 0.000000 0.717672
vn -0.696382 0.000000 0.717672
vn -0.696382 0.000000 0.717672
vn -0.696382 0.000000 0.717672
vn -0.717673 0.000000 -0.696381
vn -0.717673 0.000000 -0.696381
vn -0.717673 0.000000 -0.696381
vn -0.717673 0.000000 -0.696381
vn -0.506979 0.685557 0.522478
vn -0.506979 0.685557 0.522478
vn -0.506979 0.685557 0.522478
vn -0.522480 0.685557 -0.506978
vn -0.522480 0.685557 -0.506978
vn -0.522480 0.685557 -0.506978
s off
g Tables_chairs Chair_Mesh
usemtl initialShadingGroup
f 990/1935/1900 991/1936/1901 993/1938/1902 992/1937/1903
f 992/1937/1904 993/1938/1905 995/1940/1906 994/1939/1907
f 994/1939/1908 995/1940/1909 997/1942/1910 996/1941/1911
f 996/1941/1912 997/1942/1913 991/1944/1914 990/1943/1915
f 991/1936/1916 997/1945/1917 995/1946/1918 993/1938/1919
f 996/1947/1920 990/1935/1921 992/1937/1922 994/1948/1923
f 998/1949/1924 999/1950/1925 1001/1951/1926 1000/1952/1927
f 1000/1952/1928 1001/1951/1929 1003/1953/1930 1002/1954/1931
f 1002/1954/1932 1003/1953/1933 1005/1955/1934 1004/1956/1935
f 1004/1956/1936 1005/1955/1937 999/1957/1938 998/1958/1939
f 999/1950/1940 1005/1959/1941 1003/1960/1942 1001/1951/1943
f 1004/1961/1944 998/1949/1945 1000/1952/1946 1002/1962/1947
f 1006/1963/1948 1007/1964/1949 1009/1965/1950 1008/1966/1951
f 1008/1966/1952 1009/1965/1953 1011/1967/1954 1010/1968/1955
f 1010/1968/1956 1011/1967/1957 1013/1969/1958 1012/1970/1959
f 1012/1970/1960 1013/1969/1961 1007/1971/1962 1006/1972/1963
f 1007/1964/1964 1013/1973/1965 1011/1974/1966 1009/1965/1967
f 1012/1975/1968 1006/1963/1969 1008/1966/1970 1010/1976/1971
s 1
f 1022/1999/1972 1023/2072/1973 1024/2070/1974 1025/2081/1975
s 2
f 1016/1977/1976 1017/1978/1977 1019/1979/1978 1018/1980/1979
s 3
f 1026/1981/1980 1027/1982/1981 1028/1983/1982 1029/1984/1983
s 4
f 1020/1985/1984 1021/1986/1985 1015/1987/1986 1014/1988/1987
s off
f 1031/1989/1988 1030/1990/1989 1032/1991/1990 1033/1992/1991
f 1034/1993/1992 1035/1994/1993 1036/1995/1994 1037/1996/1995
s 4
f 1014/1997/1987 1015/1998/1986 1023/2072/1996 1022/1999/1997
s 5
f 1038/2000/1998 1039/2079/1999 1102/2080/2000 1105/2087/2001
s 2
f 1017/1978/1977 1016/1977/1976 1025/2081/2002 1024/2070/2003
s 6
f 1041/2078/2004 1040/2076/2005 1109/2085/2006 1110/2086/2007
s 2
f 1018/1980/1979 1019/1979/1978 1027/2001/2008 1026/2002/2009
s 7
f 1042/2003/2010 1043/2004/2011 1044/2005/2012 1045/2006/2013
s 4
f 1021/1986/1985 1020/1985/1984 1029/2007/2014 1028/2008/2015
s 8
f 1047/2009/2016 1046/2010/2017 1048/2011/2018 1049/2012/2019
s 4
f 1015/1998/1986 1021/2013/1985 1030/2014/2020 1031/2015/2021
s 2
f 1019/2016/1978 1017/1978/1977 1033/2017/2022 1032/2018/2023
s 4
f 1020/2019/1984 1014/1997/1987 1035/1994/2024 1034/1993/2025
s 2
f 1016/1977/1976 1018/2020/1979 1037/1996/2026 1036/1995/2027
s 9
f 1015/1998/2028 1017/1978/2029 1039/2079/2030 1038/2000/2031
s 2
f 1017/1978/1977 1024/2070/2003 1103/2083/2032 1102/2080/2033 1039/2079/2034
s 1
f 1024/2070/1974 1023/2072/1973 1106/2084/2035 1103/2083/2036
s off
f 1051/2073/2037 1050/2021/2038 1052/2022/2039 1053/2074/2040
s 10
f 1016/1977/2041 1014/1997/2042 1040/2076/2043 1041/2078/2044
s off
f 1054/2023/2045 1055/2024/2046 1056/2077/2047 1057/2025/2048
s 1
f 1022/1999/1972 1025/2081/1975 1111/2082/2049 1108/2088/2050
s 2
f 1025/2081/2002 1016/1977/1976 1041/2078/2051 1110/2086/2052 1111/2082/2053
s 11
f 1019/1979/2054 1021/1986/2055 1043/2004/2056 1042/2003/2057
s off
f 1058/2026/2058 1059/2027/2059 1060/2028/2060 1061/2029/2061
s 3
f 1028/2008/1982 1027/2001/1981 1045/2006/2062 1044/2005/2063
s 12
f 1020/1985/2064 1018/1980/2065 1046/2010/2066 1047/2009/2067
s 3
f 1026/2002/1980 1029/2007/1983 1049/2012/2068 1048/2011/2069
s off
f 1063/2030/2070 1062/2031/2071 1064/2032/2072 1065/2033/2073
f 1023/2072/2074 1015/1998/2075 1050/2021/2076 1051/2073/2077
s 9
f 1015/1998/2028 1038/2000/2031 1052/2022/2078 1050/2021/2079
s 5
f 1038/2000/1998 1105/2087/2001 1104/2071/2080 1053/2074/2081 1052/2022/2082
s off
f 1014/1997/2083 1022/1999/2084 1055/2024/2085 1054/2023/2086
s 1
f 1022/1999/1972 1108/2088/2050 1107/2075/2087 1056/2077/2088 1055/2024/2089
s 10
f 1040/2076/2043 1014/1997/2042 1054/2023/2090 1057/2025/2091
s off
f 1021/1986/2092 1028/2008/2093 1059/2027/2094 1058/2026/2095
s 3
f 1028/2008/1982 1044/2005/2063 1060/2028/2096 1059/2027/2097
s 7
f 1044/2005/2012 1043/2004/2011 1061/2029/2098 1060/2028/2099
s 11
f 1043/2004/2056 1021/1986/2055 1058/2026/2100 1061/2029/2101
s off
f 1029/2007/2102 1020/1985/2103 1062/2031/2104 1063/2030/2105
s 12
f 1020/1985/2064 1047/2009/2067 1064/2032/2106 1062/2031/2107
s 8
f 1047/2009/2016 1049/2012/2019 1065/2033/2108 1064/2032/2109
s 3
f 1049/2012/2068 1029/2007/1983 1063/2030/2110 1065/2033/2111
s off
f 1027/2001/2112 1019/1979/2113 1066/2058/2114 1067/2053/2115
s 11
f 1019/1979/2054 1042/2003/2057 1068/2050/2116 1066/2058/2117
s 7
f 1042/2003/2010 1045/2006/2013 1069/2036/2118 1068/2050/2119
s 3
f 1045/2006/2062 1027/2001/1981 1067/2053/2120 1069/2036/2121
s off
f 1018/1980/2122 1026/2002/2123 1071/2064/2124 1070/2057/2125
s 3
f 1026/2002/1980 1048/2011/2069 1072/2054/2126 1071/2064/2127
s 8
f 1048/2011/2018 1046/2010/2017 1073/2037/2128 1072/2054/2129
s 12
f 1046/2010/2066 1018/1980/2065 1070/2057/2130 1073/2037/2131
s 7
f 1068/2050/2119 1069/2036/2118 1085/2041/2132 1084/2047/2133 1080/2039/2134 1081/2051/2135
s 8
f 1072/2054/2129 1073/2037/2128 1093/2045/2136 1092/2049/2137 1088/2043/2138 1089/2055/2139
s off
f 1067/2053/2140 1066/2058/2141 1074/2034/2142 1075/2063/2143
f 1070/2057/2144 1071/2064/2145 1077/2035/2146 1076/2069/2147
s 13
f 1078/2052/2148 1079/2060/2149 1095/2038/2150 1094/2059/2151
f 1079/2060/2149 1078/2052/2148 1081/2051/2152 1080/2039/2153
s 14
f 1082/2046/2154 1083/2062/2155 1097/2040/2156 1096/2061/2157
f 1083/2062/2155 1082/2046/2154 1084/2047/2158 1085/2041/2159
s 15
f 1086/2056/2160 1087/2066/2161 1099/2042/2162 1098/2065/2163
f 1087/2066/2161 1086/2056/2160 1089/2055/2164 1088/2043/2165
s 16
f 1090/2048/2166 1091/2068/2167 1101/2044/2168 1100/2067/2169
f 1091/2068/2167 1090/2048/2166 1092/2049/2170 1093/2045/2171
s 17
f 1082/2046/2172 1079/2060/2173 1080/2039/2174 1084/2047/2175
s 18
f 1090/2048/2176 1087/2066/2177 1088/2043/2178 1092/2049/2179
s 11
f 1066/2058/2117 1068/2050/2116 1081/2051/2180 1078/2052/2181
s 3
f 1069/2036/2121 1067/2053/2120 1083/2062/2182 1085/2041/2183
f 1071/2064/2127 1072/2054/2126 1089/2055/2184 1086/2056/2185
s 12
f 1073/2037/2131 1070/2057/2130 1091/2068/2186 1093/2045/2187
s 11
f 1066/2058/2117 1078/2052/2181 1094/2059/2188 1074/2034/2189
s 17
f 1079/2060/2173 1082/2046/2172 1096/2061/2190 1095/2038/2191
s 3
f 1083/2062/2182 1067/2053/2120 1075/2063/2192 1097/2040/2193
f 1071/2064/2127 1086/2056/2185 1098/2065/2194 1077/2035/2195
s 18
f 1087/2066/2177 1090/2048/2176 1100/2067/2196 1099/2042/2197
s 12
f 1091/2068/2186 1070/2057/2130 1076/2069/2198 1101/2044/2199
s 1
f 1104/2071/2200 1106/2084/2035 1023/2072/1973 1051/2073/2201 1053/2074/2202
s 6
f 1107/2075/2203 1109/2085/2006 1040/2076/2005 1057/2025/2204 1056/2077/2205
s off
f 1102/2080/2206 1103/2083/2207 1106/2084/2208 1105/2087/2209
f 1109/2085/2210 1108/2088/2211 1111/2082/2212 1110/2086/2213
f 1104/2071/2214 1105/2087/2215 1106/2084/2216
f 1107/2075/2217 1108/2088/2218 1109/2085/2219
g default
v -8.808828 4.781781 -4.842233
v -3.191171 4.781780 -4.842233
v -8.808828 5.218223 -4.842233
v -3.191172 5.218222 -4.842233
v -8.808828 5.218223 -10.459892
v -3.191172 5.218223 -10.459892
v -8.808828 4.781781 -10.459892
v -3.191171 4.781781 -10.459892
v -8.808828 4.781781 -4.131443
v -3.191171 4.781781 -4.131443
v -3.191171 5.218221 -4.131443
v -8.808828 5.218221 -4.131443
v -8.808828 5.218221 -11.170681
v -3.191171 5.218222 -11.170681
v -3.191171 4.781780 -11.170681
v -8.808828 4.781781 -11.170681
v -2.480381 4.781781 -10.459892
v -2.480381 4.781780 -4.842233
v -2.480381 5.218223 -10.459892
v -2.480381 5.218222 -4.842233
v -9.519619 4.781781 -10.459892
v -9.519619 4.781780 -4.842233
v -9.519619 5.218222 -4.842233
v -9.519619 5.218222 -10.459892
v -2.480381 4.781780 -4.842233
v -2.480381 5.218222 -4.842233
v -9.519619 4.781780 -4.842233
v -9.519619 5.218222 -4.842233
v -2.480381 5.218223 -10.459892
v -2.480381 4.781781 -10.459892
v -9.519619 5.218222 -10.459892
v -9.519619 4.781781 -10.459892
v -2.987867 0.000000 -4.638929
v -2.987867 -0.000000 -4.334747
v -2.683684 0.000000 -4.638929
v -2.683684 -0.000000 -4.334747
v -9.012133 -0.000000 -4.638929
v -9.012133 0.000000 -4.334747
v -9.316317 0.000000 -4.334747
v -9.316317 0.000000 -4.638929
v -2.987867 -0.000000 -10.663195
v -2.987867 0.000000 -10.967377
v -2.683684 -0.000000 -10.967377
v -2.683684 -0.000000 -10.663195
v -9.012133 -0.000000 -10.663195
v -9.012133 0.000000 -10.967377
v -9.316317 0.000000 -10.663195
v -9.316317 0.000000 -10.967377
v -2.480381 5.218222 -4.486802
v -2.835740 5.218222 -4.131443
v -2.491045 4.512128 -4.142107
v -2.480381 4.781781 -4.486802
v -2.835740 4.781781 -4.131443
v -9.508955 4.512128 -4.142107
v -9.164259 4.781781 -4.131443
v -9.519619 4.781781 -4.486802
v -9.519619 5.218222 -4.486802
v -9.164259 5.218222 -4.131443
v -2.491045 4.512128 -11.160017
v -2.835740 4.781781 -11.170681
v -2.480381 4.781781 -10.815322
v -2.480381 5.218222 -10.815322
v -2.835740 5.218222 -11.170681
v -9.519619 5.218222 -10.815322
v -9.164259 5.218222 -11.170681
v -9.508955 4.512128 -11.160017
v -9.519619 4.781781 -10.815322
v -9.164259 4.781781 -11.170681
v -8.819624 4.512128 -11.159886
v -8.820093 4.512128 -10.471155
v -9.507978 4.512128 -10.471533
v -3.178771 4.512128 -11.158282
v -3.180001 4.512128 -10.471061
v -2.491597 4.512128 -10.471108
v -3.180157 4.512128 -4.142457
v -3.179367 4.512128 -4.830429
v -2.492559 4.512128 -4.830054
v -9.507652 4.512128 -4.830266
v -8.820095 4.512128 -4.830966
v -8.819359 4.512128 -4.141973
v -8.874207 1.517503 -10.525590
v -8.873938 1.517503 -10.161528
v -8.510040 1.517503 -10.161425
v -8.509912 1.517503 -10.525554
v -8.873663 1.517503 -5.140098
v -8.874018 1.517503 -4.776500
v -8.510027 1.517503 -4.776464
v -8.510229 1.517503 -5.140289
v -3.492788 1.517504 -10.157728
v -3.121408 1.517504 -10.157742
v -3.121247 1.517504 -10.529270
v -3.492430 1.517503 -10.528762
v -3.493864 1.517504 -5.145249
v -3.494101 1.517504 -4.771468
v -3.119979 1.517504 -4.771364
v -3.120432 1.517504 -5.145136
vt 0.536264 0.964527
vt 0.537498 0.863700
vt 0.545331 0.863796
vt 0.544098 0.964623
vt 0.526516 0.964408
vt 0.527750 0.863581
vt 0.535583 0.863677
vt 0.534350 0.964504
vt 0.706613 0.961090
vt 0.706613 0.970856
vt 0.698660 0.970856
vt 0.698660 0.961090
vt 0.690707 0.970856
vt 0.690707 0.961090
vt 0.690946 0.955056
vt 0.706341 0.955056
vt 0.705028 0.888043
vt 0.713392 0.888043
vt 0.695257 0.854084
vt 0.702064 0.854084
vt 0.677297 0.958059
vt 0.677297 0.950433
vt 0.683507 0.950433
vt 0.683507 0.958059
vt 0.689530 0.945721
vt 0.677506 0.945721
vt 0.689716 0.950433
vt 0.689716 0.958059
vt 0.672092 0.893397
vt 0.678445 0.893397
vt 0.680849 0.866882
vt 0.686164 0.866882
vt 0.657809 0.958059
vt 0.657809 0.950433
vt 0.664019 0.950433
vt 0.664019 0.958059
vt 0.670042 0.945721
vt 0.658005 0.945721
vt 0.670228 0.950433
vt 0.670228 0.958059
vt 0.652530 0.893397
vt 0.659021 0.893397
vt 0.661361 0.866882
vt 0.666676 0.866882
vt 0.645453 0.950433
vt 0.645453 0.958059
vt 0.639242 0.958059
vt 0.639242 0.950433
vt 0.633033 0.958059
vt 0.633033 0.950433
vt 0.633220 0.945721
vt 0.645249 0.945721
vt 0.644305 0.893397
vt 0.650666 0.893397
vt 0.636586 0.866882
vt 0.641900 0.866882
vt 0.646996 0.815074
vt 0.628399 0.815074
vt 0.619889 0.783989
vt 0.629993 0.783989
vt 0.647294 0.817873
vt 0.628080 0.817873
vt 0.633576 0.768236
vt 0.641798 0.768236
vt 0.669939 0.815074
vt 0.651315 0.815074
vt 0.668466 0.783989
vt 0.678301 0.783989
vt 0.670244 0.817873
vt 0.651030 0.817873
vt 0.656526 0.768236
vt 0.664748 0.768236
vt 0.695962 0.820977
vt 0.676748 0.820977
vt 0.677084 0.818178
vt 0.695660 0.818178
vt 0.694100 0.787093
vt 0.704130 0.787093
vt 0.682244 0.771340
vt 0.690466 0.771340
vt 0.734879 0.818178
vt 0.716262 0.818178
vt 0.707889 0.787092
vt 0.717732 0.787092
vt 0.735171 0.820977
vt 0.715957 0.820977
vt 0.721453 0.771340
vt 0.729675 0.771340
vt 0.284528 0.972595
vt 0.284528 0.879784
vt 0.377340 0.879784
vt 0.377340 0.972595
vt 0.272785 0.972595
vt 0.272785 0.879784
vt 0.284528 0.868041
vt 0.377340 0.868041
vt 0.389083 0.879784
vt 0.389083 0.972595
vt 0.377340 0.984339
vt 0.284528 0.984339
vt 0.284528 0.984339
vt 0.278656 0.984339
vt 0.272785 0.978468
vt 0.272785 0.873912
vt 0.278656 0.868041
vt 0.284528 0.868041
vt 0.377340 0.868041
vt 0.383212 0.868041
vt 0.389083 0.873912
vt 0.389083 0.978468
vt 0.383212 0.984339
vt 0.377340 0.984339
vt 0.303952 0.934773
vt 0.303952 0.843221
vt 0.395503 0.843221
vt 0.395503 0.934773
vt 0.292368 0.934773
vt 0.292368 0.843221
vt 0.303952 0.831637
vt 0.395503 0.831637
vt 0.407087 0.843221
vt 0.407087 0.934773
vt 0.395503 0.946357
vt 0.303952 0.946357
vt 0.562826 0.874584
vt 0.578780 0.874000
vt 0.579363 0.889954
vt 0.563409 0.890537
vt 0.579624 0.897103
vt 0.580207 0.913057
vt 0.564254 0.913640
vt 0.563670 0.897686
vt 0.565098 0.936743
vt 0.564515 0.920789
vt 0.580469 0.920206
vt 0.581052 0.936160
vt 0.581313 0.943309
vt 0.581897 0.959263
vt 0.565943 0.959846
vt 0.565360 0.943892
vt 0.727739 0.973650
vt 0.727739 0.853109
vt 0.737104 0.853109
vt 0.737104 0.973650
vt 0.727739 0.845483
vt 0.737104 0.845483
vt 0.737104 0.981277
vt 0.727739 0.981277
vt 0.721953 0.838086
vt 0.721953 0.852873
vt 0.721953 0.988673
vt 0.721953 0.973876
vt 0.657696 0.859609
vt 0.657696 0.851582
vt 0.657696 0.975049
vt 0.657696 0.967239
vt 0.625134 0.848747
vt 0.625134 0.842220
vt 0.625134 0.984540
vt 0.625134 0.978012
vt 0.510876 0.973650
vt 0.510876 0.853109
vt 0.520240 0.853109
vt 0.520240 0.973650
vt 0.510876 0.845483
vt 0.520240 0.845483
vt 0.520240 0.981277
vt 0.510876 0.981277
vt 0.526027 0.838086
vt 0.526027 0.852843
vt 0.526027 0.988673
vt 0.526027 0.973882
vt 0.590284 0.851609
vt 0.590284 0.859574
vt 0.590284 0.967236
vt 0.590284 0.975053
vt 0.622845 0.842220
vt 0.622845 0.848747
vt 0.622845 0.978012
vt 0.622845 0.984540
vt 0.618750 0.874508
vt 0.618750 0.866882
vt 0.631169 0.866882
vt 0.631169 0.874508
vt 0.630957 0.879220
vt 0.618956 0.879220
vt 0.619986 0.931544
vt 0.613461 0.931544
vt 0.627617 0.958059
vt 0.622302 0.958059
vt 0.547420 0.768236
vt 0.547420 0.772767
vt 0.528206 0.772767
vt 0.528206 0.768236
vt 0.547115 0.775566
vt 0.528530 0.775566
vt 0.555491 0.806651
vt 0.545667 0.806651
vt 0.541924 0.822404
vt 0.533702 0.822404
vt 0.566676 0.822404
vt 0.566676 0.817873
vt 0.585890 0.817873
vt 0.585890 0.822404
vt 0.566978 0.815074
vt 0.585587 0.815074
vt 0.558523 0.783989
vt 0.568562 0.783989
vt 0.572172 0.768236
vt 0.580394 0.768236
vt 0.608878 0.817873
vt 0.608878 0.822404
vt 0.589664 0.822404
vt 0.589664 0.817873
vt 0.589979 0.815074
vt 0.608573 0.815074
vt 0.607118 0.783989
vt 0.616954 0.783989
vt 0.595160 0.768236
vt 0.603382 0.768236
vn -0.000006 -0.001963 0.999998
vn -0.000017 -0.002020 0.999998
vn 0.000000 0.000000 1.000000
vn -0.000000 0.000000 1.000000
vn -0.000000 1.000000 0.000000
vn 0.000000 1.000000 0.000000
vn 0.000000 1.000000 -0.000000
vn -0.000000 1.000000 -0.000000
vn -0.000000 0.000000 -1.000000
vn -0.000000 0.000000 -1.000000
vn -0.000083 -0.002183 -0.999998
vn 0.000006 -0.001995 -0.999998
vn -0.000000 -1.000000 -0.000000
vn -0.000000 -1.000000 -0.000000
vn -0.000000 -1.000000 0.000000
vn -0.000000 -1.000000 0.000000
vn 1.000000 0.000000 0.000000
vn 1.000000 0.000000 0.000000
vn 1.000000 0.000000 0.000000
vn 1.000000 0.000000 0.000000
vn -1.000000 0.000000 0.000000
vn -1.000000 0.000000 0.000000
vn -1.000000 0.000000 0.000000
vn -1.000000 0.000000 0.000000
vn -0.000000 -1.000000 0.000001
vn -0.000000 -1.000000 0.000001
vn 0.999794 -0.020282 -0.000680
vn 1.000000 0.000000 0.000000
vn 1.000000 0.000000 0.000000
vn 0.999675 -0.025485 -0.000854
vn 0.000000 1.000000 0.000001
vn -0.000000 1.000000 0.000001
vn -1.000000 0.000000 0.000000
vn -0.999799 -0.020042 -0.000585
vn -0.999683 -0.025176 -0.000734
vn -1.000000 0.000000 0.000000
vn -0.000000 1.000000 -0.000002
vn -0.000000 1.000000 -0.000002
vn 1.000000 0.000000 0.000000
vn 0.999816 -0.019194 0.000248
vn 0.999710 -0.024086 0.000311
vn 1.000000 0.000000 0.000000
vn -0.000000 -1.000000 0.000000
vn -0.000000 -1.000000 0.000000
vn -0.999806 -0.019673 0.000438
vn -1.000000 0.000000 0.000000
vn -1.000000 0.000000 0.000000
vn -0.999695 -0.024701 0.000550
vn 0.000000 -1.000000 -0.000000
vn 0.000000 -1.000000 -0.000000
vn -0.000000 1.000000 0.000000
vn -0.000000 1.000000 0.000000
vn 0.000000 -1.000000 -0.000000
vn 0.000000 -1.000000 -0.000000
vn -0.000001 1.000000 0.000000
vn -0.000001 1.000000 0.000000
vn 0.000100 -0.016508 -0.999864
vn 0.000000 0.000000 -1.000000
vn 0.000000 0.000000 -1.000000
vn 0.000100 -0.016498 -0.999864
vn -0.000001 1.000000 -0.000001
vn -0.000001 1.000000 -0.000001
vn -0.000001 1.000000 -0.000001
vn -0.000197 -0.023790 0.999717
vn 0.000000 0.000000 1.000000
vn -0.000000 -1.000000 -0.000000
vn -0.000000 -1.000000 -0.000000
vn -0.000000 -1.000000 -0.000000
vn -0.000000 -1.000000 -0.000000
vn 0.000000 0.000000 -1.000000
vn -0.000186 -0.016011 -0.999872
vn -0.000186 -0.015994 -0.999872
vn 0.000000 0.000000 -1.000000
vn -0.000000 -1.000000 0.000000
vn -0.000000 -1.000000 0.000000
vn -0.000000 -1.000000 0.000000
vn -0.000000 -1.000000 0.000000
vn -0.000000 0.000000 1.000000
vn -0.000075 -0.023087 0.999734
vn 0.000000 1.000000 0.000001
vn 0.000000 1.000000 0.000001
vn 0.000000 1.000000 0.000001
vn 0.000000 0.000000 1.000000
vn 0.000012 -0.015435 0.999881
vn 0.000012 -0.015434 0.999881
vn 0.000000 0.000000 1.000000
vn -0.000000 -1.000000 -0.000000
vn -0.000000 -1.000000 -0.000000
vn -0.000000 -1.000000 -0.000000
vn -0.000000 -1.000000 -0.000000
vn -0.000000 0.000000 -1.000000
vn -0.000979 -0.025806 -0.999667
vn 0.000000 1.000000 -0.000001
vn 0.000000 1.000000 -0.000001
vn 0.000000 1.000000 -0.000001
vn -0.000100 -0.015787 0.999875
vn 0.000000 0.000000 1.000000
vn 0.000000 0.000000 1.000000
vn -0.000100 -0.015778 0.999876
vn 0.000000 1.000000 -0.000001
vn 0.000000 1.000000 -0.000001
vn 0.000000 1.000000 -0.000001
vn 0.000074 -0.023473 -0.999725
vn -0.000000 0.000000 -1.000000
vn -0.000000 -1.000000 0.000000
vn -0.000000 -1.000000 0.000000
vn -0.000000 -1.000000 0.000000
vn -0.000000 -1.000000 0.000000
vn -0.996239 0.086646 -0.000914
vn -0.995978 0.089594 -0.000922
vn -0.999956 0.009393 -0.000832
vn -0.999988 -0.004903 -0.000812
vn 0.000438 0.089384 -0.995997
vn 0.000434 0.086351 -0.996265
vn 0.000386 -0.004975 -0.999988
vn 0.000395 0.009359 -0.999956
vn 0.981240 -0.192783 -0.001787
vn 0.980067 -0.198659 -0.001800
vn 0.996439 -0.084309 -0.001550
vn 0.994887 -0.100983 -0.001587
vn 0.996095 0.088289 -0.000850
vn 0.996348 0.085382 -0.000843
vn 0.999988 -0.004926 -0.000744
vn 0.999958 0.009180 -0.000764
vn -0.000156 -0.194427 0.980917
vn -0.000157 -0.200542 0.979685
vn -0.000134 -0.085704 0.996321
vn -0.000138 -0.102500 0.994733
vn -0.000802 0.084749 -0.996402
vn -0.000809 0.087760 -0.996141
vn -0.000726 0.009045 -0.999959
vn -0.000707 -0.005107 -0.999987
vn -0.999046 -0.043665 -0.000879
vn -0.999046 -0.043665 -0.000879
vn -0.996316 0.085752 -0.001419
vn -0.996049 0.088792 -0.001432
vn -0.002058 -0.199147 -0.979967
vn -0.002043 -0.193254 -0.981147
vn 0.000054 0.089261 0.996008
vn 0.000053 0.086306 0.996269
vn 0.996351 0.085355 0.000536
vn 0.996095 0.088282 0.000541
vn 0.999958 0.009178 0.000485
vn 0.999988 -0.004950 0.000473
vn -0.000436 0.087970 0.996123
vn -0.000432 0.084982 0.996382
vn -0.000381 -0.005057 0.999987
vn -0.000391 0.009098 0.999959
vn -0.980920 -0.194410 0.001141
vn -0.979705 -0.200444 0.001149
vn -0.996347 -0.085390 0.000984
vn -0.994767 -0.102165 0.001009
vn -0.000415 -0.198976 0.980004
vn -0.000412 -0.193005 0.981198
vn -0.000366 -0.101381 0.994848
vn -0.000357 -0.084685 0.996408
vn -0.979706 -0.200437 -0.001531
vn -0.980916 -0.194424 -0.001520
vn -0.994774 -0.102091 -0.001343
vn -0.996352 -0.085328 -0.001310
vn 0.979958 -0.199205 0.000653
vn 0.981154 -0.193228 0.000649
vn 0.000155 -0.200505 -0.979693
vn 0.000154 -0.194412 -0.980920
vn 0.000136 -0.102405 -0.994743
vn 0.000133 -0.085612 -0.996329
vn 0.707107 0.000000 0.707107
vn 0.707107 0.000000 0.707107
vn 0.707107 0.000000 0.707107
vn 0.707107 0.000000 0.707107
vn -0.707106 0.000000 0.707108
vn -0.707106 0.000000 0.707108
vn -0.707106 0.000000 0.707108
vn -0.707106 0.000000 0.707108
vn 0.707107 0.000000 -0.707107
vn 0.707107 0.000000 -0.707107
vn 0.707107 0.000000 -0.707107
vn 0.707107 0.000000 -0.707107
vn -0.707106 0.000000 -0.707108
vn -0.707106 0.000000 -0.707108
vn -0.707106 0.000000 -0.707108
vn -0.707106 0.000000 -0.707108
vn 0.531908 0.658899 0.531907
vn 0.531908 0.658899 0.531907
vn 0.531908 0.658899 0.531907
vn -0.531907 0.658899 0.531909
vn -0.531907 0.658899 0.531909
vn -0.531907 0.658899 0.531909
vn 0.531907 0.658900 -0.531907
vn 0.531907 0.658900 -0.531907
vn 0.531907 0.658900 -0.531907
vn -0.531906 0.658900 -0.531909
vn -0.531906 0.658900 -0.531909
vn -0.531906 0.658900 -0.531909
vn 0.999164 -0.040870 0.000335
vn 0.999164 -0.040870 0.000335
vn -0.001769 -0.084510 -0.996421
vn -0.001812 -0.101199 -0.994865
vn -0.999986 -0.005146 -0.001258
vn -0.999957 0.009163 -0.001290
vn 0.000048 0.009282 0.999957
vn 0.000047 -0.004988 0.999988
vn 0.994833 -0.101523 0.000575
vn 0.996397 -0.084807 0.000562
vn -0.999106 -0.042274 -0.000564
vn -0.999106 -0.042274 -0.000564
vn 0.999184 -0.040385 -0.000526
vn 0.999184 -0.040385 -0.000526
vn -0.960094 0.279679 0.000386
vn -0.960093 0.279679 0.000386
vn -0.000146 -0.313868 0.949467
vn -0.000146 -0.313868 0.949467
vn 0.949355 -0.314207 0.000182
vn 0.949355 -0.314207 0.000182
vn 0.000052 0.279518 -0.960140
vn 0.000052 0.279518 -0.960140
vn -0.960064 0.279779 -0.000510
vn -0.960064 0.279779 -0.000510
vn -0.000052 0.279508 0.960143
vn -0.000052 0.279508 0.960143
vn 0.949373 -0.314151 -0.000287
vn 0.949373 -0.314151 -0.000287
vn -0.000272 -0.313577 -0.949563
vn -0.000272 -0.313577 -0.949563
vn 0.000019 -0.316011 0.948755
vn 0.000019 -0.316011 0.948756
vn 0.960859 0.277038 0.000229
vn 0.960859 0.277038 0.000229
vn -0.000723 0.277316 -0.960779
vn -0.000723 0.277316 -0.960779
vn -0.948935 -0.315471 -0.000504
vn -0.948935 -0.315471 -0.000504
vn -0.948600 -0.316478 -0.000331
vn -0.948600 -0.316478 -0.000331
vn -0.000148 0.276491 0.961017
vn -0.000148 0.276491 0.961017
vn 0.961082 0.276263 -0.000642
vn 0.961082 0.276263 -0.000642
vn 0.000157 -0.316426 -0.948617
vn 0.000157 -0.316426 -0.948617
s 1
g Tables_chairs Table_Mesh
usemtl initialShadingGroup
f 1120/2229/2220 1121/2230/2221 1122/2231/2222 1123/2232/2223
s 2
f 1114/2177/2224 1115/2178/2225 1117/2179/2226 1116/2180/2227
s 3
f 1124/2249/2228 1125/2250/2229 1126/2251/2230 1127/2252/2231
s 4
f 1118/2201/2232 1119/2202/2233 1113/2203/2234 1112/2204/2235
s off
f 1129/2089/2236 1128/2090/2237 1130/2091/2238 1131/2092/2239
f 1132/2093/2240 1133/2094/2241 1134/2095/2242 1135/2096/2243
s 4
f 1112/2204/2235 1113/2203/2234 1121/2209/2244 1120/2210/2245
s 5
f 1136/2097/2246 1137/2098/2247 1160/2099/2248 1163/2100/2249
s 2
f 1115/2178/2225 1114/2177/2224 1123/2181/2250 1122/2182/2251
s 6
f 1139/2109/2252 1138/2110/2253 1167/2111/2254 1168/2112/2255
s 2
f 1116/2180/2227 1117/2179/2226 1125/2185/2256 1124/2186/2257
s 7
f 1140/2121/2258 1141/2122/2259 1172/2123/2260 1173/2124/2261
s 4
f 1119/2202/2233 1118/2201/2232 1127/2205/2262 1126/2206/2263
s 8
f 1143/2133/2264 1142/2134/2265 1175/2135/2266 1178/2136/2267
s 4
f 1113/2203/2234 1119/2202/2233 1128/2207/2268 1129/2208/2269
s 2
f 1117/2179/2226 1115/2178/2225 1131/2183/2270 1130/2184/2271
s 4
f 1118/2201/2232 1112/2204/2235 1133/2211/2272 1132/2212/2273
s 2
f 1114/2177/2224 1116/2180/2227 1135/2187/2274 1134/2188/2275
s 9
f 1113/2269/2276 1115/2270/2277 1137/2271/2278 1136/2272/2279
s 2
f 1115/2178/2225 1122/2182/2251 1161/2192/2280 1160/2193/2281 1137/2194/2282
s 1
f 1122/2231/2222 1121/2230/2221 1164/2233/2283 1161/2234/2284
s off
f 1145/2213/2285 1144/2214/2286 1146/2215/2287 1147/2216/2288
s 10
f 1114/2279/2289 1112/2280/2290 1138/2281/2291 1139/2282/2292
s off
f 1148/2217/2293 1149/2218/2294 1150/2219/2295 1151/2220/2296
s 1
f 1120/2229/2220 1123/2232/2223 1169/2235/2297 1166/2236/2298
s 2
f 1123/2181/2250 1114/2177/2224 1139/2189/2299 1168/2190/2300 1169/2191/2301
s 11
f 1117/2289/2302 1119/2290/2303 1141/2291/2304 1140/2292/2305
s off
f 1152/2221/2306 1153/2222/2307 1154/2223/2308 1155/2224/2309
s 3
f 1126/2251/2230 1125/2250/2229 1174/2253/2310 1171/2254/2311
s 2
f 1125/2185/2256 1117/2179/2226 1140/2195/2312 1173/2196/2313 1174/2197/2314
s 12
f 1118/2299/2315 1116/2300/2316 1142/2301/2317 1143/2302/2318
s 2
f 1116/2180/2227 1124/2186/2257 1176/2198/2319 1175/2199/2320 1142/2200/2321
s 3
f 1124/2249/2228 1127/2252/2231 1179/2255/2322 1176/2256/2323
s off
f 1157/2225/2324 1156/2226/2325 1158/2227/2326 1159/2228/2327
s 13
f 1186/2145/2328 1187/2146/2329 1204/2147/2330 1205/2148/2331
s 9
f 1187/2274/2332 1188/2273/2333 1207/2275/2334 1204/2276/2335
s 5
f 1188/2104/2336 1162/2103/2337 1206/2105/2338 1207/2106/2339
s 14
f 1190/2153/2340 1191/2154/2341 1198/2155/2342 1199/2156/2343
s 1
f 1191/2240/2344 1165/2239/2345 1197/2243/2346 1198/2244/2347
s 10
f 1189/2284/2348 1190/2283/2349 1199/2285/2350 1196/2286/2351
s 15
f 1119/2161/2352 1126/2162/2353 1183/2163/2354 1184/2164/2355
s 3
f 1126/2251/2230 1171/2254/2311 1170/2257/2356 1183/2258/2357
s 11
f 1141/2291/2304 1119/2290/2303 1184/2293/2358 1185/2294/2359
s 16
f 1180/2169/2360 1181/2170/2361 1194/2171/2362 1195/2172/2363
s 12
f 1181/2304/2364 1182/2303/2365 1193/2305/2366 1194/2306/2367
s 8
f 1182/2140/2368 1177/2139/2369 1192/2141/2370 1193/2142/2371
s 1
f 1162/2237/2372 1186/2238/2373 1205/2241/2374 1206/2242/2375
s 6
f 1165/2113/2376 1189/2114/2377 1196/2117/2378 1197/2118/2379
s 7
f 1170/2125/2380 1172/2123/2260 1141/2122/2259 1185/2126/2381
s 3
f 1177/2259/2382 1180/2260/2383 1195/2263/2384 1192/2264/2385
s off
f 1160/2099/2386 1161/2101/2387 1164/2102/2388 1163/2100/2389
f 1167/2111/2390 1166/2115/2391 1169/2116/2392 1168/2112/2393
f 1172/2123/2394 1171/2127/2395 1174/2128/2396 1173/2124/2397
f 1175/2135/2398 1176/2137/2399 1179/2138/2400 1178/2136/2401
f 1162/2103/2402 1163/2100/2403 1164/2102/2404
f 1165/2113/2405 1166/2115/2406 1167/2111/2407
f 1170/2125/2408 1171/2127/2409 1172/2123/2410
f 1177/2139/2411 1178/2136/2412 1179/2138/2413
s 3
f 1177/2259/2382 1179/2255/2322 1127/2252/2231 1180/2260/2383
s 16
f 1127/2173/2414 1118/2174/2415 1181/2170/2361 1180/2169/2360
s 12
f 1118/2299/2315 1143/2302/2318 1182/2303/2365 1181/2304/2364
s 8
f 1143/2133/2264 1178/2136/2267 1177/2139/2369 1182/2140/2368
s 3
f 1183/2258/2357 1170/2257/2356 1202/2261/2416 1203/2262/2417
s 15
f 1184/2164/2355 1183/2163/2354 1203/2165/2418 1200/2166/2419
s 11
f 1185/2294/2359 1184/2293/2358 1200/2295/2420 1201/2296/2421
s 7
f 1170/2125/2380 1185/2126/2381 1201/2129/2422 1202/2130/2423
s 1
f 1162/2237/2372 1164/2233/2283 1121/2230/2221 1186/2238/2373
s 13
f 1121/2149/2424 1113/2150/2425 1187/2146/2329 1186/2145/2328
s 9
f 1113/2269/2276 1136/2272/2279 1188/2273/2333 1187/2274/2332
s 5
f 1136/2097/2246 1163/2100/2249 1162/2103/2337 1188/2104/2336
s 6
f 1165/2113/2376 1167/2111/2254 1138/2110/2253 1189/2114/2377
s 10
f 1138/2281/2291 1112/2280/2290 1190/2283/2349 1189/2284/2348
s 14
f 1112/2157/2426 1120/2158/2427 1191/2154/2341 1190/2153/2340
s 1
f 1120/2229/2220 1166/2236/2298 1165/2239/2345 1191/2240/2344
s 8
f 1193/2142/2371 1192/2141/2370 1159/2143/2428 1158/2144/2429
s 12
f 1194/2306/2367 1193/2305/2366 1158/2307/2430 1156/2308/2431
s 16
f 1195/2172/2363 1194/2171/2362 1156/2175/2432 1157/2176/2433
s 3
f 1192/2264/2385 1195/2263/2384 1157/2267/2434 1159/2268/2435
s 6
f 1197/2118/2379 1196/2117/2378 1151/2119/2436 1150/2120/2437
s 1
f 1198/2244/2347 1197/2243/2346 1150/2247/2438 1149/2248/2439
s 14
f 1199/2156/2343 1198/2155/2342 1149/2159/2440 1148/2160/2441
s 10
f 1196/2286/2351 1199/2285/2350 1148/2287/2442 1151/2288/2443
s 11
f 1201/2296/2421 1200/2295/2420 1152/2297/2444 1155/2298/2445
s 7
f 1202/2130/2423 1201/2129/2422 1155/2131/2446 1154/2132/2447
s 3
f 1203/2262/2417 1202/2261/2416 1154/2265/2448 1153/2266/2449
s 15
f 1200/2166/2419 1203/2165/2418 1153/2167/2450 1152/2168/2451
s 13
f 1205/2148/2331 1204/2147/2330 1144/2151/2452 1145/2152/2453
s 1
f 1206/2242/2375 1205/2241/2374 1145/2245/2454 1147/2246/2455
s 5
f 1207/2106/2339 1206/2105/2338 1147/2107/2456 1146/2108/2457
s 9
f 1204/2276/2335 1207/2275/2334 1146/2277/2458 1144/2278/2459
g default
v 1.000000 10.966671 8.000001
v 0.438204 10.966671 8.000001
v 1.000000 13.990593 8.000001
v 0.438204 13.990593 8.000001
v 1.000000 13.990593 9.673482
v 0.438204 13.990593 9.673482
v 1.000000 10.966671 9.673482
v 0.438204 10.966671 9.673482
v 0.949101 13.990593 8.142194
v 0.489103 13.990593 8.142194
v 0.489103 13.990593 9.642045
v 0.949101 13.990593 9.642045
v 0.489103 10.966671 9.642045
v 0.949101 10.966671 9.642045
v 0.489103 10.966671 8.142194
v 0.949101 10.966671 8.142194
v 0.949101 13.990593 8.134119
v 0.489103 13.990593 8.134119
v 0.489103 13.990593 9.642045
v 0.949101 13.990593 9.642045
v 0.489103 10.966671 9.642045
v 0.949101 10.966671 9.642045
v 0.489103 10.966671 8.134119
v 0.949101 10.966671 8.134119
v 0.949101 13.945934 8.134119
v 0.489103 13.945934 8.134119
v 0.489103 13.968264 9.612535
v 0.949101 13.968264 9.612535
v 0.489103 10.989000 9.612535
v 0.949101 10.989000 9.612535
v 0.489103 11.011330 8.134119
v 0.949101 11.011330 8.134119
vt 0.375000 0.000000
vt 0.625000 0.000000
vt 0.375000 0.250000
vt 0.625000 0.250000
vt 0.375000 0.500000
vt 0.625000 0.500000
vt 0.375000 0.750000
vt 0.625000 0.750000
vt 0.375000 1.000000
vt 0.625000 1.000000
vt 0.875000 0.000000
vt 0.875000 0.250000
vt 0.125000 0.000000
vt 0.125000 0.250000
vt 0.375000 0.250000
vt 0.625000 0.250000
vt 0.625000 0.500000
vt 0.375000 0.500000
vt 0.625000 0.750000
vt 0.375000 0.750000
vt 0.625000 1.000000
vt 0.375000 1.000000
vt 0.375000 0.250000
vt 0.625000 0.250000
vt 0.625000 0.500000
vt 0.375000 0.500000
vt 0.625000 0.750000
vt 0.375000 0.750000
vt 0.625000 1.000000
vt 0.375000 1.000000
vt 0.375000 0.250000
vt 0.625000 0.250000
vt 0.625000 0.500000
vt 0.375000 0.500000
vt 0.625000 0.750000
vt 0.375000 0.750000
vt 0.625000 1.000000
vt 0.375000 1.000000
vn 0.000000 0.000000 -1.000000
vn 0.000000 0.000000 -1.000000
vn 0.000000 0.000000 -1.000000
vn 0.000000 0.000000 -1.000000
vn 0.000000 0.999886 -0.015102
vn 0.000000 0.999886 -0.015102
vn 0.000000 0.999886 -0.015102
vn 0.000000 0.999886 -0.015102
vn 0.000000 0.000000 1.000000
vn 0.000000 0.000000 1.000000
vn 0.000000 0.000000 1.000000
vn 0.000000 0.000000 1.000000
vn 0.000000 -0.999886 -0.015102
vn 0.000000 -0.999886 -0.015102
vn 0.000000 -0.999886 -0.015102
vn 0.000000 -0.999886 -0.015102
vn -1.000000 0.000000 0.000000
vn -1.000000 0.000000 0.000000
vn -1.000000 0.000000 0.000000
vn -1.000000 0.000000 0.000000
vn 1.000000 0.000000 0.000000
vn 1.000000 0.000000 0.000000
vn 1.000000 0.000000 0.000000
vn 1.000000 0.000000 0.000000
vn 0.000000 1.000000 0.000007
vn 0.000000 1.000000 0.000007
vn 0.000000 1.000000 0.000007
vn 0.000000 1.000000 0.000007
vn 0.000000 1.000000 0.000000
vn 0.000000 1.000000 0.000000
vn 0.000000 1.000000 0.000000
vn 0.000000 1.000000 0.000000
vn 0.000000 1.000000 0.000000
vn 0.000000 1.000000 0.000000
vn 0.000000 1.000000 0.000000
vn 0.000000 1.000000 0.000000
vn 0.525479 0.000000 0.850806
vn 0.525479 0.000000 0.850806
vn 0.525479 0.000000 0.850806
vn 0.525479 0.000000 0.850806
vn -0.525480 0.000000 0.850806
vn -0.525480 0.000000 0.850806
vn -0.525480 0.000000 0.850806
vn -0.525480 0.000000 0.850806
vn 0.000000 -1.000000 0.000000
vn 0.000000 -1.000000 0.000000
vn 0.000000 -1.000000 0.000000
vn 0.000000 -1.000000 0.000000
vn 0.000000 -1.000000 -0.000005
vn 0.000000 -1.000000 -0.000005
vn 0.000000 -1.000000 -0.000005
vn 0.000000 -1.000000 -0.000005
vn 0.000000 -1.000000 0.000000
vn 0.000000 -1.000000 0.000000
vn 0.000000 -1.000000 0.000000
vn 0.000000 -1.000000 0.000000
vn 0.000000 -1.000000 0.000000
vn 0.000000 -1.000000 0.000000
vn 0.000000 -1.000000 0.000000
vn 0.000000 -1.000000 0.000000
vn 0.000000 0.000000 0.000000
vn 0.000000 0.000000 0.000000
vn 0.000000 0.000000 0.000000
vn 0.000000 0.000000 0.000000
vn 0.000000 0.000000 0.000000
vn 0.000000 0.000000 0.000000
vn 0.000000 0.000000 0.000000
vn 0.000000 0.000000 0.000000
vn 0.000000 0.000000 0.000000
vn 0.000000 0.000000 0.000000
vn 0.000000 0.000000 0.000000
vn 0.000000 0.000000 0.000000
vn 0.000000 0.000000 0.000000
vn 0.000000 0.000000 0.000000
vn 0.000000 0.000000 0.000000
vn 0.000000 0.000000 0.000000
vn 0.000000 0.000000 0.000000
vn 0.000000 0.000000 0.000000
vn 0.000000 0.000000 0.000000
vn 0.000000 0.000000 0.000000
vn 0.000000 1.000000 0.000000
vn 0.000000 1.000000 0.000000
vn 0.000000 1.000000 0.000000
vn 0.000000 1.000000 0.000000
vn 0.000000 -0.000000 0.000000
vn 0.000000 -0.000000 0.000000
vn 0.000000 -0.000000 0.000000
vn 0.000000 -0.000000 0.000000
vn 0.000000 0.000000 1.000000
vn 0.000000 0.000000 1.000000
vn 0.000000 0.000000 1.000000
vn 0.000000 0.000000 1.000000
vn 1.000000 -0.000001 0.000000
vn 1.000000 -0.000000 0.000000
vn 1.000000 -0.000000 0.000000
vn 1.000000 -0.000001 0.000000
vn -1.000000 -0.000000 0.000000
vn -1.000000 -0.000000 0.000000
vn -1.000000 -0.000000 0.000000
vn -1.000000 -0.000000 0.000000
vn 1.000000 0.000000 0.000000
vn 1.000000 0.000000 0.000000
vn -1.000000 0.000000 0.000000
vn -1.000000 0.000000 0.000000
vn 1.000000 0.000001 0.000000
vn 1.000000 0.000001 0.000000
vn 0.000000 0.000000 1.000000
vn 0.000000 0.000000 1.000000
vn 0.000000 0.000000 1.000000
vn 0.000000 0.000000 1.000000
vn -1.000000 0.000000 0.000000
vn -1.000000 0.000000 0.000000
s off
g book2 Books_top_shelf
usemtl initialShadingGroup
f 1208/2309/2460 1209/2310/2461 1211/2312/2462 1210/2311/2463
f 1232/2339/2464 1233/2340/2465 1234/2341/2466 1235/2342/2467
f 1235/2342/2468 1234/2341/2469 1236/2343/2470 1237/2344/2471
f 1237/2344/2472 1236/2343/2473 1238/2345/2474 1239/2346/2475
f 1209/2310/2476 1215/2319/2477 1213/2320/2478 1211/2312/2479
f 1214/2321/2480 1208/2309/2481 1210/2311/2482 1212/2322/2483
f 1210/2311/2484 1211/2312/2485 1217/2324/2486 1216/2323/2487
f 1211/2312/2488 1213/2314/2489 1218/2325/2490 1217/2324/2491
f 1212/2313/2492 1210/2311/2493 1216/2323/2494 1219/2326/2495
f 1213/2314/2496 1215/2316/2497 1220/2327/2498 1218/2325/2499
f 1214/2315/2500 1212/2313/2501 1219/2326/2502 1221/2328/2503
f 1215/2316/2504 1209/2318/2505 1222/2329/2506 1220/2327/2507
f 1209/2318/2508 1208/2317/2509 1223/2330/2510 1222/2329/2511
f 1208/2317/2512 1214/2315/2513 1221/2328/2514 1223/2330/2515
f 1216/2323/2516 1217/2324/2517 1225/2332/2518 1224/2331/2519
f 1217/2324/2520 1218/2325/2521 1226/2333/2522 1225/2332/2523
f 1219/2326/2524 1216/2323/2525 1224/2331/2526 1227/2334/2527
f 1218/2325/2528 1220/2327/2529 1228/2335/2530 1226/2333/2531
f 1221/2328/2532 1219/2326/2533 1227/2334/2534 1229/2336/2535
f 1220/2327/2536 1222/2329/2537 1230/2337/2538 1228/2335/2539
f 1222/2329/2540 1223/2330/2541 1231/2338/2542 1230/2337/2543
f 1223/2330/2544 1221/2328/2545 1229/2336/2546 1231/2338/2547
f 1224/2331/2548 1225/2332/2549 1233/2340/2550 1232/2339/2551
s 1
f 1225/2332/2552 1226/2333/2553 1234/2341/2554 1233/2340/2555
s 2
f 1227/2334/2556 1224/2331/2557 1232/2339/2558 1235/2342/2559
s 1
f 1226/2333/2553 1228/2335/2560 1236/2343/2561 1234/2341/2554
s 2
f 1229/2336/2562 1227/2334/2556 1235/2342/2559 1237/2344/2563
s 1
f 1228/2335/2560 1230/2337/2564 1238/2345/2565 1236/2343/2561
s off
f 1230/2337/2566 1231/2338/2567 1239/2346/2568 1238/2345/2569
s 2
f 1231/2338/2570 1229/2336/2562 1237/2344/2563 1239/2346/2571
g default
v 0.407525 10.966671 8.000001
v -0.154271 10.966671 8.000001
v 0.407525 13.990593 8.000001
v -0.154271 13.990593 8.000001
v 0.407525 13.990593 9.673482
v -0.154271 13.990593 9.673482
v 0.407525 10.966671 9.673482
v -0.154271 10.966671 9.673482
v 0.356625 13.990593 8.142194
v -0.103372 13.990593 8.142194
v -0.103372 13.990593 9.642045
v 0.356625 13.990593 9.642045
v -0.103372 10.966671 9.642045
v 0.356625 10.966671 9.642045
v -0.103372 10.966671 8.142194
v 0.356625 10.966671 8.142194
v 0.356625 13.990593 8.134119
v -0.103372 13.990593 8.134119
v -0.103372 13.990593 9.642045
v 0.356625 13.990593 9.642045
v -0.103372 10.966671 9.642045
v 0.356625 10.966671 9.642045
v -0.103372 10.966671 8.134119
v 0.356625 10.966671 8.134119
v 0.356625 13.945934 8.134119
v -0.103372 13.945934 8.134119
v -0.103372 13.968264 9.612535
v 0.356625 13.968264 9.612535
v -0.103372 10.989000 9.612535
v 0.356625 10.989000 9.612535
v -0.103372 11.011330 8.134119
v 0.356625 11.011330 8.134119
vt 0.375000 0.000000
vt 0.625000 0.000000
vt 0.375000 0.250000
vt 0.625000 0.250000
vt 0.375000 0.500000
vt 0.625000 0.500000
vt 0.375000 0.750000
vt 0.625000 0.750000
vt 0.375000 1.000000
vt 0.625000 1.000000
vt 0.875000 0.000000
vt 0.875000 0.250000
vt 0.125000 0.000000
vt 0.125000 0.250000
vt 0.375000 0.250000
vt 0.625000 0.250000
vt 0.625000 0.500000
vt 0.375000 0.500000
vt 0.625000 0.750000
vt 0.375000 0.750000
vt 0.625000 1.000000
vt 0.375000 1.000000
vt 0.375000 0.250000
vt 0.625000 0.250000
vt 0.625000 0.500000
vt 0.375000 0.500000
vt 0.625000 0.750000
vt 0.375000 0.750000
vt 0.625000 1.000000
vt 0.375000 1.000000
vt 0.375000 0.250000
vt 0.625000 0.250000
vt 0.625000 0.500000
vt 0.375000 0.500000
vt 0.625000 0.750000
vt 0.375000 0.750000
vt 0.625000 1.000000
vt 0.375000 1.000000
vn 0.000000 0.000000 -1.000000
vn 0.000000 0.000000 -1.000000
vn 0.000000 0.000000 -1.000000
vn 0.000000 0.000000 -1.000000
vn 0.000000 0.999886 -0.015102
vn 0.000000 0.999886 -0.015102
vn 0.000000 0.999886 -0.015102
vn 0.000000 0.999886 -0.015102
vn 0.000000 0.000000 1.000000
vn 0.000000 0.000000 1.000000
vn 0.000000 0.000000 1.000000
vn 0.000000 0.000000 1.000000
vn 0.000000 -0.999886 -0.015102
vn 0.000000 -0.999886 -0.015102
vn 0.000000 -0.999886 -0.015102
vn 0.000000 -0.999886 -0.015102
vn -1.000000 0.000000 0.000000
vn -1.000000 0.000000 0.000000
vn -1.000000 0.000000 0.000000
vn -1.000000 0.000000 0.000000
vn 1.000000 0.000000 0.000000
vn 1.000000 0.000000 0.000000
vn 1.000000 0.000000 0.000000
vn 1.000000 0.000000 0.000000
vn 0.000000 1.000000 0.000007
vn 0.000000 1.000000 0.000007
vn 0.000000 1.000000 0.000007
vn 0.000000 1.000000 0.000007
vn 0.000000 1.000000 0.000000
vn 0.000000 1.000000 0.000000
vn 0.000000 1.000000 0.000000
vn 0.000000 1.000000 0.000000
vn 0.000000 1.000000 0.000000
vn 0.000000 1.000000 0.000000
vn 0.000000 1.000000 0.000000
vn 0.000000 1.000000 0.000000
vn 0.525479 0.000000 0.850806
vn 0.525479 0.000000 0.850806
vn 0.525479 0.000000 0.850806
vn 0.525479 0.000000 0.850806
vn -0.525480 0.000000 0.850806
vn -0.525480 0.000000 0.850806
vn -0.525480 0.000000 0.850806
vn -0.525480 0.000000 0.850806
vn 0.000000 -1.000000 0.000000
vn 0.000000 -1.000000 0.000000
vn 0.000000 -1.000000 0.000000
vn 0.000000 -1.000000 0.000000
vn 0.000000 -1.000000 -0.000005
vn 0.000000 -1.000000 -0.000005
vn 0.000000 -1.000000 -0.000005
vn 0.000000 -1.000000 -0.000005
vn 0.000000 -1.000000 0.000000
vn 0.000000 -1.000000 0.000000
vn 0.000000 -1.000000 0.000000
vn 0.000000 -1.000000 0.000000
vn 0.000000 -1.000000 0.000000
vn 0.000000 -1.000000 0.000000
vn 0.000000 -1.000000 0.000000
vn 0.000000 -1.000000 0.000000
vn 0.000000 0.000000 0.000000
vn 0.000000 0.000000 0.000000
vn 0.000000 0.000000 0.000000
vn 0.000000 0.000000 0.000000
vn 0.000000 0.000000 0.000000
vn 0.000000 0.000000 0.000000
vn 0.000000 0.000000 0.000000
vn 0.000000 0.000000 0.000000
vn 0.000000 0.000000 0.000000
vn 0.000000 0.000000 0.000000
vn 0.000000 0.000000 0.000000
vn 0.000000 0.000000 0.000000
vn 0.000000 0.000000 0.000000
vn 0.000000 0.000000 0.000000
vn 0.000000 0.000000 0.000000
vn 0.000000 0.000000 0.000000
vn 0.000000 0.000000 0.000000
vn 0.000000 0.000000 0.000000
vn 0.000000 0.000000 0.000000
vn 0.000000 0.000000 0.000000
vn 0.000000 1.000000 0.000000
vn 0.000000 1.000000 0.000000
vn 0.000000 1.000000 0.000000
vn 0.000000 1.000000 0.000000
vn 0.000000 0.000000 0.000000
vn 0.000000 0.000000 0.000000
vn 0.000000 0.000000 0.000000
vn 0.000000 0.000000 0.000000
vn 0.000000 0.000000 1.000000
vn 0.000000 0.000000 1.000000
vn 0.000000 0.000000 1.000000
vn 0.000000 0.000000 1.000000
vn 1.000000 0.000000 0.000000
vn 1.000000 0.000000 0.000000
vn 1.000000 0.000000 0.000000
vn 1.000000 0.000000 0.000000
vn -1.000000 0.000000 0.000000
vn -1.000000 0.000000 0.000000
vn -1.000000 0.000000 0.000000
vn -1.000000 0.000000 0.000000
vn 1.000000 0.000000 0.000000
vn 1.000000 0.000000 0.000000
vn -1.000000 0.000000 0.000000
vn -1.000000 0.000000 0.000000
vn 1.000000 0.000000 0.000000
vn 1.000000 0.000000 0.000000
vn 0.000000 0.000000 1.000000
vn 0.000000 0.000000 1.000000
vn 0.000000 0.000000 1.000000
vn 0.000000 0.000000 1.000000
vn -1.000000 0.000000 0.000000
vn -1.000000 0.000000 0.000000
s off
g Books_top_shelf Book3
usemtl initialShadingGroup
f 1240/2347/2572 1241/2348/2573 1243/2350/2574 1242/2349/2575
f 1264/2377/2576 1265/2378/2577 1266/2379/2578 1267/2380/2579
f 1267/2380/2580 1266/2379/2581 1268/2381/2582 1269/2382/2583
f 1269/2382/2584 1268/2381/2585 1270/2383/2586 1271/2384/2587
f 1241/2348/2588 1247/2357/2589 1245/2358/2590 1243/2350/2591
f 1246/2359/2592 1240/2347/2593 1242/2349/2594 1244/2360/2595
f 1242/2349/2596 1243/2350/2597 1249/2362/2598 1248/2361/2599
f 1243/2350/2600 1245/2352/2601 1250/2363/2602 1249/2362/2603
f 1244/2351/2604 1242/2349/2605 1248/2361/2606 1251/2364/2607
f 1245/2352/2608 1247/2354/2609 1252/2365/2610 1250/2363/2611
f 1246/2353/2612 1244/2351/2613 1251/2364/2614 1253/2366/2615
f 1247/2354/2616 1241/2356/2617 1254/2367/2618 1252/2365/2619
f 1241/2356/2620 1240/2355/2621 1255/2368/2622 1254/2367/2623
f 1240/2355/2624 1246/2353/2625 1253/2366/2626 1255/2368/2627
f 1248/2361/2628 1249/2362/2629 1257/2370/2630 1256/2369/2631
f 1249/2362/2632 1250/2363/2633 1258/2371/2634 1257/2370/2635
f 1251/2364/2636 1248/2361/2637 1256/2369/2638 1259/2372/2639
f 1250/2363/2640 1252/2365/2641 1260/2373/2642 1258/2371/2643
f 1253/2366/2644 1251/2364/2645 1259/2372/2646 1261/2374/2647
f 1252/2365/2648 1254/2367/2649 1262/2375/2650 1260/2373/2651
f 1254/2367/2652 1255/2368/2653 1263/2376/2654 1262/2375/2655
f 1255/2368/2656 1253/2366/2657 1261/2374/2658 1263/2376/2659
f 1256/2369/2660 1257/2370/2661 1265/2378/2662 1264/2377/2663
s 1
f 1257/2370/2664 1258/2371/2665 1266/2379/2666 1265/2378/2667
s 2
f 1259/2372/2668 1256/2369/2669 1264/2377/2670 1267/2380/2671
s 1
f 1258/2371/2665 1260/2373/2672 1268/2381/2673 1266/2379/2666
s 2
f 1261/2374/2674 1259/2372/2668 1267/2380/2671 1269/2382/2675
s 1
f 1260/2373/2672 1262/2375/2676 1270/2383/2677 1268/2381/2673
s off
f 1262/2375/2678 1263/2376/2679 1271/2384/2680 1270/2383/2681
s 2
f 1263/2376/2682 1261/2374/2674 1269/2382/2675 1271/2384/2683
g default
v -0.200507 10.966671 8.028936
v -0.602472 10.966671 8.028936
v -0.200507 13.697157 8.028936
v -0.602472 13.697157 8.028936
v -0.200507 13.697157 9.540026
v -0.602472 13.697157 9.540026
v -0.200507 10.966671 9.540026
v -0.602472 10.966671 9.540026
v -0.236925 13.697157 8.157331
v -0.566054 13.697157 8.157331
v -0.566054 13.697157 9.511640
v -0.236925 13.697157 9.511640
v -0.566054 10.966671 9.511640
v -0.236925 10.966671 9.511640
v -0.566054 10.966671 8.157331
v -0.236925 10.966671 8.157331
v -0.236925 13.697157 8.150040
v -0.566054 13.697157 8.150040
v -0.566054 13.697157 9.511640
v -0.236925 13.697157 9.511640
v -0.566054 10.966671 9.511640
v -0.236925 10.966671 9.511640
v -0.566054 10.966671 8.150040
v -0.236925 10.966671 8.150040
v -0.236925 13.656832 8.150040
v -0.566054 13.656832 8.150040
v -0.566054 13.676994 9.484993
v -0.236925 13.676994 9.484993
v -0.566054 10.986834 9.484993
v -0.236925 10.986834 9.484993
v -0.566054 11.006996 8.150040
v -0.236925 11.006996 8.150040
vt 0.375000 0.000000
vt 0.625000 0.000000
vt 0.375000 0.250000
vt 0.625000 0.250000
vt 0.375000 0.500000
vt 0.625000 0.500000
vt 0.375000 0.750000
vt 0.625000 0.750000
vt 0.375000 1.000000
vt 0.625000 1.000000
vt 0.875000 0.000000
vt 0.875000 0.250000
vt 0.125000 0.000000
vt 0.125000 0.250000
vt 0.375000 0.250000
vt 0.625000 0.250000
vt 0.625000 0.500000
vt 0.375000 0.500000
vt 0.625000 0.750000
vt 0.375000 0.750000
vt 0.625000 1.000000
vt 0.375000 1.000000
vt 0.375000 0.250000
vt 0.625000 0.250000
vt 0.625000 0.500000
vt 0.375000 0.500000
vt 0.625000 0.750000
vt 0.375000 0.750000
vt 0.625000 1.000000
vt 0.375000 1.000000
vt 0.375000 0.250000
vt 0.625000 0.250000
vt 0.625000 0.500000
vt 0.375000 0.500000
vt 0.625000 0.750000
vt 0.375000 0.750000
vt 0.625000 1.000000
vt 0.375000 1.000000
vn 0.000000 0.000000 -1.000000
vn 0.000000 0.000000 -1.000000
vn 0.000000 0.000000 -1.000000
vn 0.000000 0.000000 -1.000000
vn 0.000000 0.999886 -0.015101
vn 0.000000 0.999886 -0.015101
vn 0.000000 0.999886 -0.015101
vn 0.000000 0.999886 -0.015101
vn 0.000000 0.000000 1.000000
vn 0.000000 0.000000 1.000000
vn 0.000000 0.000000 1.000000
vn 0.000000 0.000000 1.000000
vn 0.000000 -0.999886 -0.015102
vn 0.000000 -0.999886 -0.015102
vn 0.000000 -0.999886 -0.015102
vn 0.000000 -0.999886 -0.015102
vn -1.000000 0.000000 0.000000
vn -1.000000 0.000000 0.000000
vn -1.000000 0.000000 0.000000
vn -1.000000 0.000000 0.000000
vn 1.000000 0.000000 0.000000
vn 1.000000 0.000000 0.000000
vn 1.000000 0.000000 0.000000
vn 1.000000 0.000000 0.000000
vn 0.000000 1.000000 0.000006
vn 0.000000 1.000000 0.000006
vn 0.000000 1.000000 0.000006
vn 0.000000 1.000000 0.000006
vn 0.000000 1.000000 0.000000
vn 0.000000 1.000000 0.000000
vn 0.000000 1.000000 0.000000
vn 0.000000 1.000000 0.000000
vn 0.000000 1.000000 0.000000
vn 0.000000 1.000000 0.000000
vn 0.000000 1.000000 0.000000
vn 0.000000 1.000000 0.000000
vn 0.614763 0.000000 0.788712
vn 0.614763 0.000000 0.788712
vn 0.614763 0.000000 0.788712
vn 0.614763 0.000000 0.788712
vn -0.614764 0.000000 0.788711
vn -0.614764 0.000000 0.788711
vn -0.614764 0.000000 0.788711
vn -0.614764 0.000000 0.788711
vn 0.000000 -1.000000 0.000000
vn 0.000000 -1.000000 0.000000
vn 0.000000 -1.000000 0.000000
vn 0.000000 -1.000000 0.000000
vn 0.000000 -1.000000 0.000009
vn 0.000000 -1.000000 0.000009
vn 0.000000 -1.000000 0.000009
vn 0.000000 -1.000000 0.000009
vn 0.000000 -1.000000 0.000000
vn 0.000000 -1.000000 0.000000
vn 0.000000 -1.000000 0.000000
vn 0.000000 -1.000000 0.000000
vn 0.000000 -1.000000 0.000000
vn 0.000000 -1.000000 0.000000
vn 0.000000 -1.000000 0.000000
vn 0.000000 -1.000000 0.000000
vn 0.000000 -0.000000 0.000000
vn 0.000000 -0.000000 0.000000
vn 0.000000 -0.000000 0.000000
vn 0.000000 -0.000000 0.000000
vn 0.000000 0.000000 0.000000
vn 0.000000 0.000000 0.000000
vn 0.000000 0.000000 0.000000
vn 0.000000 0.000000 0.000000
vn 0.000000 0.000000 0.000000
vn 0.000000 0.000000 0.000000
vn 0.000000 0.000000 0.000000
vn 0.000000 0.000000 0.000000
vn 0.000000 0.000000 0.000000
vn 0.000000 0.000000 0.000000
vn 0.000000 0.000000 0.000000
vn 0.000000 0.000000 0.000000
vn 0.000000 0.000000 0.000000
vn 0.000000 0.000000 0.000000
vn 0.000000 0.000000 0.000000
vn 0.000000 0.000000 0.000000
vn 0.000000 1.000000 0.000000
vn 0.000000 1.000000 0.000000
vn 0.000000 1.000000 0.000000
vn 0.000000 1.000000 0.000000
vn 0.000000 0.000000 0.000000
vn 0.000000 0.000000 0.000000
vn 0.000000 0.000000 0.000000
vn 0.000000 0.000000 0.000000
vn 0.000000 0.000000 1.000000
vn 0.000000 0.000000 1.000000
vn 0.000000 0.000000 1.000000
vn 0.000000 0.000000 1.000000
vn 1.000000 -0.000001 0.000000
vn 1.000000 -0.000000 0.000000
vn 1.000000 -0.000001 0.000000
vn 1.000000 -0.000001 0.000000
vn -1.000000 -0.000000 0.000000
vn -1.000000 -0.000000 0.000000
vn -1.000000 -0.000000 0.000000
vn -1.000000 -0.000000 0.000000
vn 1.000000 0.000000 0.000000
vn 1.000000 0.000000 0.000000
vn -1.000000 0.000000 0.000000
vn -1.000000 0.000000 0.000000
vn 1.000000 0.000001 0.000000
vn 1.000000 0.000001 0.000000
vn 0.000000 0.000000 1.000000
vn 0.000000 0.000000 1.000000
vn 0.000000 0.000000 1.000000
vn 0.000000 0.000000 1.000000
vn -1.000000 0.000000 0.000000
vn -1.000000 0.000000 0.000000
s off
g Books_top_shelf book4
usemtl initialShadingGroup
f 1272/2385/2684 1273/2386/2685 1275/2388/2686 1274/2387/2687
f 1296/2415/2688 1297/2416/2689 1298/2417/2690 1299/2418/2691
f 1299/2418/2692 1298/2417/2693 1300/2419/2694 1301/2420/2695
f 1301/2420/2696 1300/2419/2697 1302/2421/2698 1303/2422/2699
f 1273/2386/2700 1279/2395/2701 1277/2396/2702 1275/2388/2703
f 1278/2397/2704 1272/2385/2705 1274/2387/2706 1276/2398/2707
f 1274/2387/2708 1275/2388/2709 1281/2400/2710 1280/2399/2711
f 1275/2388/2712 1277/2390/2713 1282/2401/2714 1281/2400/2715
f 1276/2389/2716 1274/2387/2717 1280/2399/2718 1283/2402/2719
f 1277/2390/2720 1279/2392/2721 1284/2403/2722 1282/2401/2723
f 1278/2391/2724 1276/2389/2725 1283/2402/2726 1285/2404/2727
f 1279/2392/2728 1273/2394/2729 1286/2405/2730 1284/2403/2731
f 1273/2394/2732 1272/2393/2733 1287/2406/2734 1286/2405/2735
f 1272/2393/2736 1278/2391/2737 1285/2404/2738 1287/2406/2739
f 1280/2399/2740 1281/2400/2741 1289/2408/2742 1288/2407/2743
f 1281/2400/2744 1282/2401/2745 1290/2409/2746 1289/2408/2747
f 1283/2402/2748 1280/2399/2749 1288/2407/2750 1291/2410/2751
f 1282/2401/2752 1284/2403/2753 1292/2411/2754 1290/2409/2755
f 1285/2404/2756 1283/2402/2757 1291/2410/2758 1293/2412/2759
f 1284/2403/2760 1286/2405/2761 1294/2413/2762 1292/2411/2763
f 1286/2405/2764 1287/2406/2765 1295/2414/2766 1294/2413/2767
f 1287/2406/2768 1285/2404/2769 1293/2412/2770 1295/2414/2771
f 1288/2407/2772 1289/2408/2773 1297/2416/2774 1296/2415/2775
s 1
f 1289/2408/2776 1290/2409/2777 1298/2417/2778 1297/2416/2779
s 2
f 1291/2410/2780 1288/2407/2781 1296/2415/2782 1299/2418/2783
s 1
f 1290/2409/2777 1292/2411/2784 1300/2419/2785 1298/2417/2778
s 2
f 1293/2412/2786 1291/2410/2780 1299/2418/2783 1301/2420/2787
s 1
f 1292/2411/2784 1294/2413/2788 1302/2421/2789 1300/2419/2785
s off
f 1294/2413/2790 1295/2414/2791 1303/2422/2792 1302/2421/2793
s 2
f 1295/2414/2794 1293/2412/2786 1301/2420/2787 1303/2422/2795
g default
v -0.674602 10.966671 8.000001
v -1.236398 10.966671 8.000001
v -0.674602 13.839958 8.000001
v -1.236398 13.839958 8.000001
v -0.674602 13.839958 9.673482
v -1.236398 13.839958 9.673482
v -0.674602 10.966671 9.673482
v -1.236398 10.966671 9.673482
v -0.725502 13.839958 8.142194
v -1.185499 13.839958 8.142194
v -1.185499 13.839958 9.642045
v -0.725502 13.839958 9.642045
v -1.185499 10.966671 9.642045
v -0.725502 10.966671 9.642045
v -1.185499 10.966671 8.142194
v -0.725502 10.966671 8.142194
v -0.725502 13.839958 8.134119
v -1.185499 13.839958 8.134119
v -1.185499 13.839958 9.642045
v -0.725502 13.839958 9.642045
v -1.185499 10.966671 9.642045
v -0.725502 10.966671 9.642045
v -1.185499 10.966671 8.134119
v -0.725502 10.966671 8.134119
v -0.725502 13.797524 8.134119
v -1.185499 13.797524 8.134119
v -1.185499 13.818742 9.612535
v -0.725502 13.818742 9.612535
v -1.185499 10.987888 9.612535
v -0.725502 10.987888 9.612535
v -1.185499 11.009105 8.134119
v -0.725502 11.009105 8.134119
vt 0.375000 0.000000
vt 0.625000 0.000000
vt 0.375000 0.250000
vt 0.625000 0.250000
vt 0.375000 0.500000
vt 0.625000 0.500000
vt 0.375000 0.750000
vt 0.625000 0.750000
vt 0.375000 1.000000
vt 0.625000 1.000000
vt 0.875000 0.000000
vt 0.875000 0.250000
vt 0.125000 0.000000
vt 0.125000 0.250000
vt 0.375000 0.250000
vt 0.625000 0.250000
vt 0.625000 0.500000
vt 0.375000 0.500000
vt 0.625000 0.750000
vt 0.375000 0.750000
vt 0.625000 1.000000
vt 0.375000 1.000000
vt 0.375000 0.250000
vt 0.625000 0.250000
vt 0.625000 0.500000
vt 0.375000 0.500000
vt 0.625000 0.750000
vt 0.375000 0.750000
vt 0.625000 1.000000
vt 0.375000 1.000000
vt 0.375000 0.250000
vt 0.625000 0.250000
vt 0.625000 0.500000
vt 0.375000 0.500000
vt 0.625000 0.750000
vt 0.375000 0.750000
vt 0.625000 1.000000
vt 0.375000 1.000000
vn 0.000000 0.000000 -1.000000
vn 0.000000 0.000000 -1.000000
vn 0.000000 0.000000 -1.000000
vn 0.000000 0.000000 -1.000000
vn 0.000000 0.999897 -0.014350
vn 0.000000 0.999897 -0.014350
vn 0.000000 0.999897 -0.014350
vn 0.000000 0.999897 -0.014350
vn 0.000000 0.000000 1.000000
vn 0.000000 0.000000 1.000000
vn 0.000000 0.000000 1.000000
vn 0.000000 0.000000 1.000000
vn 0.000000 -0.999897 -0.014349
vn 0.000000 -0.999897 -0.014349
vn 0.000000 -0.999897 -0.014349
vn 0.000000 -0.999897 -0.014349
vn -1.000000 0.000000 0.000000
vn -1.000000 0.000000 0.000000
vn -1.000000 0.000000 0.000000
vn -1.000000 0.000000 0.000000
vn 1.000000 0.000000 0.000000
vn 1.000000 0.000000 0.000000
vn 1.000000 0.000000 0.000000
vn 1.000000 0.000000 0.000000
vn 0.000000 1.000000 0.000002
vn 0.000000 1.000000 0.000002
vn 0.000000 1.000000 0.000002
vn 0.000000 1.000000 0.000002
vn 0.000000 1.000000 0.000000
vn 0.000000 1.000000 0.000000
vn 0.000000 1.000000 0.000000
vn 0.000000 1.000000 0.000000
vn 0.000000 1.000000 0.000000
vn 0.000000 1.000000 0.000000
vn 0.000000 1.000000 0.000000
vn 0.000000 1.000000 0.000000
vn 0.525477 0.000000 0.850808
vn 0.525477 0.000000 0.850808
vn 0.525477 0.000000 0.850808
vn 0.525477 0.000000 0.850808
vn -0.525478 0.000000 0.850807
vn -0.525478 0.000000 0.850807
vn -0.525478 0.000000 0.850807
vn -0.525478 0.000000 0.850807
vn 0.000000 -1.000000 0.000000
vn 0.000000 -1.000000 0.000000
vn 0.000000 -1.000000 0.000000
vn 0.000000 -1.000000 0.000000
vn 0.000000 -1.000000 0.000004
vn 0.000000 -1.000000 0.000004
vn 0.000000 -1.000000 0.000004
vn 0.000000 -1.000000 0.000004
vn 0.000000 -1.000000 0.000000
vn 0.000000 -1.000000 0.000000
vn 0.000000 -1.000000 0.000000
vn 0.000000 -1.000000 0.000000
vn 0.000000 -1.000000 0.000000
vn 0.000000 -1.000000 0.000000
vn 0.000000 -1.000000 0.000000
vn 0.000000 -1.000000 0.000000
vn 0.000000 -0.000000 0.000000
vn 0.000000 -0.000000 0.000000
vn 0.000000 -0.000000 0.000000
vn 0.000000 -0.000000 0.000000
vn 0.000000 -0.000000 0.000000
vn 0.000000 -1.000000 0.000000
vn 0.000000 -0.000000 0.000000
vn 0.000000 -0.000000 0.000000
vn 0.000000 0.000000 0.000000
vn 0.000000 0.000000 0.000000
vn 0.000000 0.000000 0.000000
vn 0.000000 0.000000 0.000000
vn 0.000000 0.000000 0.000000
vn 0.000000 0.000000 0.000000
vn 0.000000 0.000000 0.000000
vn 0.000000 0.000000 0.000000
vn 0.000000 0.000000 0.000000
vn 0.000000 0.000000 0.000000
vn 0.000000 0.000000 0.000000
vn 0.000000 0.000000 0.000000
vn 0.000000 1.000000 0.000000
vn 0.000000 1.000000 0.000000
vn 0.000000 1.000000 0.000000
vn 0.000000 1.000000 0.000000
vn 0.000000 1.000000 0.000000
vn 0.000000 0.000000 0.000000
vn 0.000000 0.000000 0.000000
vn 0.000000 0.000000 0.000000
vn 0.000000 0.000000 1.000000
vn 0.000000 0.000000 1.000000
vn 0.000000 0.000000 1.000000
vn 0.000000 0.000000 1.000000
vn 1.000000 0.000000 0.000000
vn 1.000000 0.000000 0.000000
vn 1.000000 0.000000 0.000000
vn 1.000000 0.000000 0.000000
vn -1.000000 0.000000 0.000000
vn -1.000000 0.000001 0.000000
vn -1.000000 0.000001 0.000000
vn -1.000000 0.000001 0.000000
vn 1.000000 0.000000 0.000000
vn 1.000000 0.000000 0.000000
vn -1.000000 -0.000001 0.000000
vn -1.000000 -0.000001 0.000000
vn 1.000000 0.000000 0.000000
vn 1.000000 0.000000 0.000000
vn 0.000000 0.000000 1.000000
vn 0.000000 0.000000 1.000000
vn 0.000000 0.000000 1.000000
vn 0.000000 0.000000 1.000000
vn -1.000000 -0.000003 0.000000
vn -1.000000 -0.000003 0.000000
s off
g Books_top_shelf book5
usemtl initialShadingGroup
f 1304/2423/2796 1305/2424/2797 1307/2426/2798 1306/2425/2799
f 1328/2453/2800 1329/2454/2801 1330/2455/2802 1331/2456/2803
f 1331/2456/2804 1330/2455/2805 1332/2457/2806 1333/2458/2807
f 1333/2458/2808 1332/2457/2809 1334/2459/2810 1335/2460/2811
f 1305/2424/2812 1311/2433/2813 1309/2434/2814 1307/2426/2815
f 1310/2435/2816 1304/2423/2817 1306/2425/2818 1308/2436/2819
f 1306/2425/2820 1307/2426/2821 1313/2438/2822 1312/2437/2823
f 1307/2426/2824 1309/2428/2825 1314/2439/2826 1313/2438/2827
f 1308/2427/2828 1306/2425/2829 1312/2437/2830 1315/2440/2831
f 1309/2428/2832 1311/2430/2833 1316/2441/2834 1314/2439/2835
f 1310/2429/2836 1308/2427/2837 1315/2440/2838 1317/2442/2839
f 1311/2430/2840 1305/2432/2841 1318/2443/2842 1316/2441/2843
f 1305/2432/2844 1304/2431/2845 1319/2444/2846 1318/2443/2847
f 1304/2431/2848 1310/2429/2849 1317/2442/2850 1319/2444/2851
f 1312/2437/2852 1313/2438/2853 1321/2446/2854 1320/2445/2855
f 1313/2438/2856 1314/2439/2857 1322/2447/2858 1321/2446/2859
f 1315/2440/2860 1312/2437/2861 1320/2445/2862 1323/2448/2863
f 1314/2439/2864 1316/2441/2865 1324/2449/2866 1322/2447/2867
f 1317/2442/2868 1315/2440/2869 1323/2448/2870 1325/2450/2871
f 1316/2441/2872 1318/2443/2873 1326/2451/2874 1324/2449/2875
f 1318/2443/2876 1319/2444/2877 1327/2452/2878 1326/2451/2879
f 1319/2444/2880 1317/2442/2881 1325/2450/2882 1327/2452/2883
f 1320/2445/2884 1321/2446/2885 1329/2454/2886 1328/2453/2887
s 1
f 1321/2446/2888 1322/2447/2889 1330/2455/2890 1329/2454/2891
s 2
f 1323/2448/2892 1320/2445/2893 1328/2453/2894 1331/2456/2895
s 1
f 1322/2447/2889 1324/2449/2896 1332/2457/2897 1330/2455/2890
s 2
f 1325/2450/2898 1323/2448/2892 1331/2456/2895 1333/2458/2899
s 1
f 1324/2449/2896 1326/2451/2900 1334/2459/2901 1332/2457/2897
s off
f 1326/2451/2902 1327/2452/2903 1335/2460/2904 1334/2459/2905
s 2
f 1327/2452/2906 1325/2450/2898 1333/2458/2899 1335/2460/2907
g default
v -1.228815 10.966671 7.880031
v -1.790611 10.966671 7.880031
v -1.228815 13.839958 7.880031
v -1.790611 13.839958 7.880031
v -1.228815 13.839958 9.553512
v -1.790611 13.839958 9.553512
v -1.228815 10.966671 9.553512
v -1.790611 10.966671 9.553512
v -1.279715 13.839958 8.022223
v -1.739712 13.839958 8.022223
v -1.739712 13.839958 9.522075
v -1.279715 13.839958 9.522075
v -1.739712 10.966671 9.522075
v -1.279715 10.966671 9.522075
v -1.739712 10.966671 8.022223
v -1.279715 10.966671 8.022223
v -1.279715 13.839958 8.014149
v -1.739712 13.839958 8.014149
v -1.739712 13.839958 9.522075
v -1.279715 13.839958 9.522075
v -1.739712 10.966671 9.522075
v -1.279715 10.966671 9.522075
v -1.739712 10.966671 8.014149
v -1.279715 10.966671 8.014149
v -1.279715 13.797524 8.014149
v -1.739712 13.797524 8.014149
v -1.739712 13.818742 9.492565
v -1.279715 13.818742 9.492565
v -1.739712 10.987888 9.492565
v -1.279715 10.987888 9.492565
v -1.739712 11.009105 8.014149
v -1.279715 11.009105 8.014149
vt 0.375000 0.000000
vt 0.625000 0.000000
vt 0.375000 0.250000
vt 0.625000 0.250000
vt 0.375000 0.500000
vt 0.625000 0.500000
vt 0.375000 0.750000
vt 0.625000 0.750000
vt 0.375000 1.000000
vt 0.625000 1.000000
vt 0.875000 0.000000
vt 0.875000 0.250000
vt 0.125000 0.000000
vt 0.125000 0.250000
vt 0.375000 0.250000
vt 0.625000 0.250000
vt 0.625000 0.500000
vt 0.375000 0.500000
vt 0.625000 0.750000
vt 0.375000 0.750000
vt 0.625000 1.000000
vt 0.375000 1.000000
vt 0.375000 0.250000
vt 0.625000 0.250000
vt 0.625000 0.500000
vt 0.375000 0.500000
vt 0.625000 0.750000
vt 0.375000 0.750000
vt 0.625000 1.000000
vt 0.375000 1.000000
vt 0.375000 0.250000
vt 0.625000 0.250000
vt 0.625000 0.500000
vt 0.375000 0.500000
vt 0.625000 0.750000
vt 0.375000 0.750000
vt 0.625000 1.000000
vt 0.375000 1.000000
vn 0.000000 0.000000 -1.000000
vn 0.000000 0.000000 -1.000000
vn 0.000000 0.000000 -1.000000
vn 0.000000 0.000000 -1.000000
vn 0.000000 0.999897 -0.014350
vn 0.000000 0.999897 -0.014350
vn 0.000000 0.999897 -0.014350
vn 0.000000 0.999897 -0.014350
vn 0.000000 0.000000 1.000000
vn 0.000000 0.000000 1.000000
vn 0.000000 0.000000 1.000000
vn 0.000000 0.000000 1.000000
vn 0.000000 -0.999897 -0.014349
vn 0.000000 -0.999897 -0.014349
vn 0.000000 -0.999897 -0.014349
vn 0.000000 -0.999897 -0.014349
vn -1.000000 0.000000 0.000000
vn -1.000000 0.000000 0.000000
vn -1.000000 0.000000 0.000000
vn -1.000000 0.000000 0.000000
vn 1.000000 0.000000 0.000000
vn 1.000000 0.000000 0.000000
vn 1.000000 0.000000 0.000000
vn 1.000000 0.000000 0.000000
vn 0.000000 1.000000 0.000002
vn 0.000000 1.000000 0.000002
vn 0.000000 1.000000 0.000002
vn 0.000000 1.000000 0.000002
vn 0.000000 1.000000 0.000000
vn 0.000000 1.000000 0.000000
vn 0.000000 1.000000 0.000000
vn 0.000000 1.000000 0.000000
vn 0.000000 1.000000 0.000000
vn 0.000000 1.000000 0.000000
vn 0.000000 1.000000 0.000000
vn 0.000000 1.000000 0.000000
vn 0.525486 0.000000 0.850803
vn 0.525486 0.000000 0.850803
vn 0.525486 0.000000 0.850803
vn 0.525486 0.000000 0.850803
vn -0.525486 0.000000 0.850802
vn -0.525486 0.000000 0.850802
vn -0.525486 0.000000 0.850802
vn -0.525486 0.000000 0.850802
vn 0.000000 -1.000000 0.000000
vn 0.000000 -1.000000 0.000000
vn 0.000000 -1.000000 0.000000
vn 0.000000 -1.000000 0.000000
vn 0.000000 -1.000000 0.000004
vn 0.000000 -1.000000 0.000004
vn 0.000000 -1.000000 0.000004
vn 0.000000 -1.000000 0.000004
vn 0.000000 -1.000000 0.000000
vn 0.000000 -1.000000 0.000000
vn 0.000000 -1.000000 0.000000
vn 0.000000 -1.000000 0.000000
vn 0.000000 -1.000000 0.000000
vn 0.000000 -1.000000 0.000000
vn 0.000000 -1.000000 0.000000
vn 0.000000 -1.000000 0.000000
vn 0.000000 1.000000 0.000000
vn 0.000000 0.000000 0.000000
vn 0.000000 0.000000 0.000000
vn 0.000000 0.000000 0.000000
vn 0.000000 0.000000 0.000000
vn 0.000000 0.000000 0.000000
vn 0.000000 0.000000 0.000000
vn 0.000000 0.000000 0.000000
vn 0.000000 0.000000 0.000000
vn 0.000000 0.000000 0.000000
vn 0.000000 0.000000 0.000000
vn 0.000000 0.000000 0.000000
vn 0.000000 0.000000 0.000000
vn 0.000000 0.000000 0.000000
vn 0.000000 0.000000 0.000000
vn 0.000000 0.000000 0.000000
vn 0.000000 -0.000000 0.000000
vn 0.000000 -1.000000 0.000000
vn 0.000000 -0.000000 0.000000
vn 0.000000 -0.000000 0.000000
vn 0.000000 1.000000 0.000000
vn 0.000000 1.000000 0.000000
vn 0.000000 1.000000 0.000000
vn 0.000000 1.000000 0.000000
vn 0.000000 -0.000000 0.000000
vn 0.000000 -0.000000 0.000000
vn 0.000000 -0.000000 0.000000
vn 0.000000 -0.000000 0.000000
vn 0.000000 0.000000 1.000000
vn 0.000000 0.000000 1.000000
vn 0.000000 0.000000 1.000000
vn 0.000000 0.000000 1.000000
vn 1.000000 -0.000005 0.000000
vn 1.000000 -0.000001 0.000000
vn 1.000000 -0.000002 0.000000
vn 1.000000 -0.000005 0.000000
vn -1.000000 -0.000000 0.000000
vn -1.000000 -0.000001 0.000000
vn -1.000000 -0.000001 0.000000
vn -1.000000 -0.000000 0.000000
vn 1.000000 0.000001 0.000000
vn 1.000000 0.000001 0.000000
vn -1.000000 0.000000 0.000000
vn -1.000000 0.000000 0.000000
vn 1.000000 0.000003 0.000000
vn 1.000000 0.000003 0.000000
vn 0.000000 0.000000 1.000000
vn 0.000000 0.000000 1.000000
vn 0.000000 0.000000 1.000000
vn 0.000000 0.000000 1.000000
vn -1.000000 0.000000 0.000000
vn -1.000000 0.000000 0.000000
s off
g Books_top_shelf book6
usemtl initialShadingGroup
f 1336/2461/2908 1337/2462/2909 1339/2464/2910 1338/2463/2911
f 1360/2491/2912 1361/2492/2913 1362/2493/2914 1363/2494/2915
f 1363/2494/2916 1362/2493/2917 1364/2495/2918 1365/2496/2919
f 1365/2496/2920 1364/2495/2921 1366/2497/2922 1367/2498/2923
f 1337/2462/2924 1343/2471/2925 1341/2472/2926 1339/2464/2927
f 1342/2473/2928 1336/2461/2929 1338/2463/2930 1340/2474/2931
f 1338/2463/2932 1339/2464/2933 1345/2476/2934 1344/2475/2935
f 1339/2464/2936 1341/2466/2937 1346/2477/2938 1345/2476/2939
f 1340/2465/2940 1338/2463/2941 1344/2475/2942 1347/2478/2943
f 1341/2466/2944 1343/2468/2945 1348/2479/2946 1346/2477/2947
f 1342/2467/2948 1340/2465/2949 1347/2478/2950 1349/2480/2951
f 1343/2468/2952 1337/2470/2953 1350/2481/2954 1348/2479/2955
f 1337/2470/2956 1336/2469/2957 1351/2482/2958 1350/2481/2959
f 1336/2469/2960 1342/2467/2961 1349/2480/2962 1351/2482/2963
f 1344/2475/2964 1345/2476/2965 1353/2484/2966 1352/2483/2967
f 1345/2476/2968 1346/2477/2969 1354/2485/2970 1353/2484/2971
f 1347/2478/2972 1344/2475/2973 1352/2483/2974 1355/2486/2975
f 1346/2477/2976 1348/2479/2977 1356/2487/2978 1354/2485/2979
f 1349/2480/2980 1347/2478/2981 1355/2486/2982 1357/2488/2983
f 1348/2479/2984 1350/2481/2985 1358/2489/2986 1356/2487/2987
f 1350/2481/2988 1351/2482/2989 1359/2490/2990 1358/2489/2991
f 1351/2482/2992 1349/2480/2993 1357/2488/2994 1359/2490/2995
f 1352/2483/2996 1353/2484/2997 1361/2492/2998 1360/2491/2999
s 1
f 1353/2484/3000 1354/2485/3001 1362/2493/3002 1361/2492/3003
s 2
f 1355/2486/3004 1352/2483/3005 1360/2491/3006 1363/2494/3007
s 1
f 1354/2485/3001 1356/2487/3008 1364/2495/3009 1362/2493/3002
s 2
f 1357/2488/3010 1355/2486/3004 1363/2494/3007 1365/2496/3011
s 1
f 1356/2487/3008 1358/2489/3012 1366/2497/3013 1364/2495/3009
s off
f 1358/2489/3014 1359/2490/3015 1367/2498/3016 1366/2497/3017
s 2
f 1359/2490/3018 1357/2488/3010 1365/2496/3011 1367/2498/3019
g default
v -1.847368 10.966671 8.062191
v -2.074986 10.966671 8.062191
v -1.847368 13.631456 8.062191
v -2.074986 13.631456 8.062191
v -1.847368 13.631456 9.436893
v -2.074986 13.631456 9.436893
v -1.847368 10.966671 9.436893
v -2.074986 10.966671 9.436893
v -1.867991 13.631456 8.178997
v -2.054363 13.631456 8.178997
v -2.054363 13.631456 9.411068
v -1.867991 13.631456 9.411068
v -2.054363 10.966671 9.411068
v -1.867991 10.966671 9.411068
v -2.054363 10.966671 8.178997
v -1.867991 10.966671 8.178997
v -1.867991 13.631456 8.172363
v -2.054363 13.631456 8.172363
v -2.054363 13.631456 9.411068
v -1.867991 13.631456 9.411068
v -2.054363 10.966671 9.411068
v -1.867991 10.966671 9.411068
v -2.054363 10.966671 8.172363
v -1.867991 10.966671 8.172363
v -1.867991 13.592102 8.172363
v -2.054363 13.592102 8.172363
v -2.054363 13.611779 9.386827
v -1.867991 13.611779 9.386827
v -2.054363 10.986348 9.386827
v -1.867991 10.986348 9.386827
v -2.054363 11.006025 8.172363
v -1.867991 11.006025 8.172363
vt 0.375000 0.000000
vt 0.625000 0.000000
vt 0.375000 0.250000
vt 0.625000 0.250000
vt 0.375000 0.500000
vt 0.625000 0.500000
vt 0.375000 0.750000
vt 0.625000 0.750000
vt 0.375000 1.000000
vt 0.625000 1.000000
vt 0.875000 0.000000
vt 0.875000 0.250000
vt 0.125000 0.000000
vt 0.125000 0.250000
vt 0.375000 0.250000
vt 0.625000 0.250000
vt 0.625000 0.500000
vt 0.375000 0.500000
vt 0.625000 0.750000
vt 0.375000 0.750000
vt 0.625000 1.000000
vt 0.375000 1.000000
vt 0.375000 0.250000
vt 0.625000 0.250000
vt 0.625000 0.500000
vt 0.375000 0.500000
vt 0.625000 0.750000
vt 0.375000 0.750000
vt 0.625000 1.000000
vt 0.375000 1.000000
vt 0.375000 0.250000
vt 0.625000 0.250000
vt 0.625000 0.500000
vt 0.375000 0.500000
vt 0.625000 0.750000
vt 0.375000 0.750000
vt 0.625000 1.000000
vt 0.375000 1.000000
vn 0.000000 0.000000 -1.000000
vn 0.000000 0.000000 -1.000000
vn 0.000000 0.000000 -1.000000
vn 0.000000 0.000000 -1.000000
vn 0.000000 0.999869 -0.016201
vn 0.000000 0.999869 -0.016201
vn 0.000000 0.999869 -0.016201
vn 0.000000 0.999869 -0.016201
vn 0.000000 0.000000 1.000000
vn 0.000000 0.000000 1.000000
vn 0.000000 0.000000 1.000000
vn 0.000000 0.000000 1.000000
vn 0.000000 -0.999869 -0.016201
vn 0.000000 -0.999869 -0.016201
vn 0.000000 -0.999869 -0.016201
vn 0.000000 -0.999869 -0.016201
vn -1.000000 0.000000 0.000000
vn -1.000000 0.000000 0.000000
vn -1.000000 0.000000 0.000000
vn -1.000000 0.000000 0.000000
vn 1.000000 0.000000 0.000000
vn 1.000000 0.000000 0.000000
vn 1.000000 0.000000 0.000000
vn 1.000000 0.000000 0.000000
vn 0.000000 1.000000 0.000009
vn 0.000000 1.000000 0.000009
vn 0.000000 1.000000 0.000009
vn 0.000000 1.000000 0.000009
vn 0.000000 1.000000 0.000000
vn 0.000000 1.000000 0.000000
vn 0.000000 1.000000 0.000000
vn 0.000000 1.000000 0.000000
vn 0.000000 1.000000 0.000000
vn 0.000000 1.000000 0.000000
vn 0.000000 1.000000 0.000000
vn 0.000000 1.000000 0.000000
vn 0.781418 0.000000 0.624008
vn 0.781418 0.000000 0.624008
vn 0.781418 0.000000 0.624008
vn 0.781418 0.000000 0.624008
vn -0.781418 0.000000 0.624008
vn -0.781418 0.000000 0.624008
vn -0.781418 0.000000 0.624008
vn -0.781418 0.000000 0.624008
vn 0.000000 -1.000000 0.000000
vn 0.000000 -1.000000 0.000000
vn 0.000000 -1.000000 0.000000
vn 0.000000 -1.000000 0.000000
vn 0.000000 -1.000000 0.000001
vn 0.000000 -1.000000 0.000001
vn 0.000000 -1.000000 0.000001
vn 0.000000 -1.000000 0.000001
vn 0.000000 -1.000000 0.000000
vn 0.000000 -1.000000 0.000000
vn 0.000000 -1.000000 0.000000
vn 0.000000 -1.000000 0.000000
vn 0.000000 -1.000000 0.000000
vn 0.000000 -1.000000 0.000000
vn 0.000000 -1.000000 0.000000
vn 0.000000 -1.000000 0.000000
vn 0.000000 1.000000 0.000000
vn 0.000000 0.000000 0.000000
vn 0.000000 0.000000 0.000000
vn 0.000000 0.000000 0.000000
vn 0.000000 0.000000 0.000000
vn 0.000000 0.000000 0.000000
vn 0.000000 0.000000 0.000000
vn 0.000000 0.000000 0.000000
vn 0.000000 0.000000 0.000000
vn 0.000000 0.000000 0.000000
vn 0.000000 0.000000 0.000000
vn 0.000000 0.000000 0.000000
vn 0.000000 0.000000 0.000000
vn 0.000000 0.000000 0.000000
vn 0.000000 0.000000 0.000000
vn 0.000000 0.000000 0.000000
vn 0.000000 -0.000000 0.000000
vn 0.000000 -1.000000 0.000000
vn 0.000000 -0.000000 0.000000
vn 0.000000 -0.000000 0.000000
vn 0.000000 1.000000 0.000000
vn 0.000000 1.000000 0.000000
vn 0.000000 1.000000 0.000000
vn 0.000000 1.000000 0.000000
vn 0.000000 -0.000000 0.000000
vn 0.000000 -0.000000 0.000000
vn 0.000000 -0.000000 0.000000
vn 0.000000 -0.000000 0.000000
vn 0.000000 0.000000 1.000000
vn 0.000000 0.000000 1.000000
vn 0.000000 0.000000 1.000000
vn 0.000000 0.000000 1.000000
vn 1.000000 0.000000 0.000000
vn 1.000000 0.000000 0.000000
vn 1.000000 0.000000 0.000000
vn 1.000000 0.000000 0.000000
vn -1.000000 0.000001 0.000000
vn -1.000000 0.000002 0.000000
vn -1.000000 0.000002 0.000000
vn -1.000000 0.000001 0.000000
vn 1.000000 0.000000 0.000000
vn 1.000000 0.000001 0.000000
vn -1.000000 0.000000 0.000000
vn -1.000000 0.000000 0.000000
vn 1.000000 0.000001 0.000000
vn 1.000000 0.000001 0.000000
vn 0.000000 0.000000 1.000000
vn 0.000000 0.000000 1.000000
vn 0.000000 0.000000 1.000000
vn 0.000000 0.000000 1.000000
vn -1.000000 0.000000 0.000000
vn -1.000000 0.000000 0.000000
s off
g Books_top_shelf book7
usemtl initialShadingGroup
f 1368/2499/3020 1369/2500/3021 1371/2502/3022 1370/2501/3023
f 1392/2529/3024 1393/2530/3025 1394/2531/3026 1395/2532/3027
f 1395/2532/3028 1394/2531/3029 1396/2533/3030 1397/2534/3031
f 1397/2534/3032 1396/2533/3033 1398/2535/3034 1399/2536/3035
f 1369/2500/3036 1375/2509/3037 1373/2510/3038 1371/2502/3039
f 1374/2511/3040 1368/2499/3041 1370/2501/3042 1372/2512/3043
f 1370/2501/3044 1371/2502/3045 1377/2514/3046 1376/2513/3047
f 1371/2502/3048 1373/2504/3049 1378/2515/3050 1377/2514/3051
f 1372/2503/3052 1370/2501/3053 1376/2513/3054 1379/2516/3055
f 1373/2504/3056 1375/2506/3057 1380/2517/3058 1378/2515/3059
f 1374/2505/3060 1372/2503/3061 1379/2516/3062 1381/2518/3063
f 1375/2506/3064 1369/2508/3065 1382/2519/3066 1380/2517/3067
f 1369/2508/3068 1368/2507/3069 1383/2520/3070 1382/2519/3071
f 1368/2507/3072 1374/2505/3073 1381/2518/3074 1383/2520/3075
f 1376/2513/3076 1377/2514/3077 1385/2522/3078 1384/2521/3079
f 1377/2514/3080 1378/2515/3081 1386/2523/3082 1385/2522/3083
f 1379/2516/3084 1376/2513/3085 1384/2521/3086 1387/2524/3087
f 1378/2515/3088 1380/2517/3089 1388/2525/3090 1386/2523/3091
f 1381/2518/3092 1379/2516/3093 1387/2524/3094 1389/2526/3095
f 1380/2517/3096 1382/2519/3097 1390/2527/3098 1388/2525/3099
f 1382/2519/3100 1383/2520/3101 1391/2528/3102 1390/2527/3103
f 1383/2520/3104 1381/2518/3105 1389/2526/3106 1391/2528/3107
f 1384/2521/3108 1385/2522/3109 1393/2530/3110 1392/2529/3111
s 1
f 1385/2522/3112 1386/2523/3113 1394/2531/3114 1393/2530/3115
s 2
f 1387/2524/3116 1384/2521/3117 1392/2529/3118 1395/2532/3119
s 1
f 1386/2523/3113 1388/2525/3120 1396/2533/3121 1394/2531/3114
s 2
f 1389/2526/3122 1387/2524/3116 1395/2532/3119 1397/2534/3123
s 1
f 1388/2525/3120 1390/2527/3124 1398/2535/3125 1396/2533/3121
s off
f 1390/2527/3126 1391/2528/3127 1399/2536/3128 1398/2535/3129
s 2
f 1391/2528/3130 1389/2526/3122 1397/2534/3123 1399/2536/3131
g default
v -2.111582 10.966671 8.000001
v -2.673378 10.966671 8.000001
v -2.111582 13.990593 8.000001
v -2.673378 13.990593 8.000001
v -2.111582 13.990593 9.673482
v -2.673378 13.990593 9.673482
v -2.111582 10.966671 9.673482
v -2.673378 10.966671 9.673482
v -2.162481 13.990593 8.142194
v -2.622478 13.990593 8.142194
v -2.622478 13.990593 9.642045
v -2.162481 13.990593 9.642045
v -2.622478 10.966671 9.642045
v -2.162481 10.966671 9.642045
v -2.622478 10.966671 8.142194
v -2.162481 10.966671 8.142194
v -2.162481 13.990593 8.134119
v -2.622478 13.990593 8.134119
v -2.622478 13.990593 9.642045
v -2.162481 13.990593 9.642045
v -2.622478 10.966671 9.642045
v -2.162481 10.966671 9.642045
v -2.622478 10.966671 8.134119
v -2.162481 10.966671 8.134119
v -2.162481 13.945934 8.134119
v -2.622478 13.945934 8.134119
v -2.622478 13.968264 9.612535
v -2.162481 13.968264 9.612535
v -2.622478 10.989000 9.612535
v -2.162481 10.989000 9.612535
v -2.622478 11.011330 8.134119
v -2.162481 11.011330 8.134119
vt 0.375000 0.000000
vt 0.625000 0.000000
vt 0.375000 0.250000
vt 0.625000 0.250000
vt 0.375000 0.500000
vt 0.625000 0.500000
vt 0.375000 0.750000
vt 0.625000 0.750000
vt 0.375000 1.000000
vt 0.625000 1.000000
vt 0.875000 0.000000
vt 0.875000 0.250000
vt 0.125000 0.000000
vt 0.125000 0.250000
vt 0.375000 0.250000
vt 0.625000 0.250000
vt 0.625000 0.500000
vt 0.375000 0.500000
vt 0.625000 0.750000
vt 0.375000 0.750000
vt 0.625000 1.000000
vt 0.375000 1.000000
vt 0.375000 0.250000
vt 0.625000 0.250000
vt 0.625000 0.500000
vt 0.375000 0.500000
vt 0.625000 0.750000
vt 0.375000 0.750000
vt 0.625000 1.000000
vt 0.375000 1.000000
vt 0.375000 0.250000
vt 0.625000 0.250000
vt 0.625000 0.500000
vt 0.375000 0.500000
vt 0.625000 0.750000
vt 0.375000 0.750000
vt 0.625000 1.000000
vt 0.375000 1.000000
vn 0.000000 0.000000 -1.000000
vn 0.000000 0.000000 -1.000000
vn 0.000000 0.000000 -1.000000
vn 0.000000 0.000000 -1.000000
vn 0.000000 0.999886 -0.015101
vn 0.000000 0.999886 -0.015101
vn 0.000000 0.999886 -0.015101
vn 0.000000 0.999886 -0.015101
vn 0.000000 0.000000 1.000000
vn 0.000000 0.000000 1.000000
vn 0.000000 0.000000 1.000000
vn 0.000000 0.000000 1.000000
vn 0.000000 -0.999886 -0.015102
vn 0.000000 -0.999886 -0.015102
vn 0.000000 -0.999886 -0.015102
vn 0.000000 -0.999886 -0.015102
vn -1.000000 0.000000 0.000000
vn -1.000000 0.000000 0.000000
vn -1.000000 0.000000 0.000000
vn -1.000000 0.000000 0.000000
vn 1.000000 0.000000 0.000000
vn 1.000000 0.000000 0.000000
vn 1.000000 0.000000 0.000000
vn 1.000000 0.000000 0.000000
vn 0.000000 1.000000 0.000001
vn 0.000000 1.000000 0.000001
vn 0.000000 1.000000 0.000001
vn 0.000000 1.000000 0.000001
vn 0.000000 1.000000 0.000000
vn 0.000000 1.000000 0.000000
vn 0.000000 1.000000 0.000000
vn 0.000000 1.000000 0.000000
vn 0.000000 1.000000 0.000000
vn 0.000000 1.000000 0.000000
vn 0.000000 1.000000 0.000000
vn 0.000000 1.000000 0.000000
vn 0.525480 0.000000 0.850806
vn 0.525480 0.000000 0.850806
vn 0.525480 0.000000 0.850806
vn 0.525480 0.000000 0.850806
vn -0.525480 0.000000 0.850806
vn -0.525480 0.000000 0.850806
vn -0.525480 0.000000 0.850806
vn -0.525480 0.000000 0.850806
vn 0.000000 -1.000000 0.000000
vn 0.000000 -1.000000 0.000000
vn 0.000000 -1.000000 0.000000
vn 0.000000 -1.000000 0.000000
vn 0.000000 -1.000000 0.000006
vn 0.000000 -1.000000 0.000006
vn 0.000000 -1.000000 0.000006
vn 0.000000 -1.000000 0.000006
vn 0.000000 -1.000000 0.000000
vn 0.000000 -1.000000 0.000000
vn 0.000000 -1.000000 0.000000
vn 0.000000 -1.000000 0.000000
vn 0.000000 -1.000000 0.000000
vn 0.000000 -1.000000 0.000000
vn 0.000000 -1.000000 0.000000
vn 0.000000 -1.000000 0.000000
vn 0.000000 0.000000 0.000000
vn 0.000000 0.000000 0.000000
vn 0.000000 0.000000 0.000000
vn 0.000000 0.000000 0.000000
vn 0.000000 0.000000 0.000000
vn 0.000000 0.000000 0.000000
vn 0.000000 0.000000 0.000000
vn 0.000000 0.000000 0.000000
vn 0.000000 0.000000 0.000000
vn 0.000000 0.000000 0.000000
vn 0.000000 0.000000 0.000000
vn 0.000000 0.000000 0.000000
vn 0.000000 0.000000 0.000000
vn 0.000000 0.000000 0.000000
vn 0.000000 0.000000 0.000000
vn 0.000000 0.000000 0.000000
vn 0.000000 0.000000 0.000000
vn 0.000000 0.000000 0.000000
vn 0.000000 0.000000 0.000000
vn 0.000000 0.000000 0.000000
vn 0.000000 1.000000 0.000000
vn 0.000000 1.000000 0.000000
vn 0.000000 1.000000 0.000000
vn 0.000000 1.000000 0.000000
vn 0.000000 -0.000000 0.000000
vn 0.000000 -0.000000 0.000000
vn 0.000000 -0.000000 0.000000
vn 0.000000 -0.000000 0.000000
vn 0.000000 0.000000 1.000000
vn 0.000000 0.000000 1.000000
vn 0.000000 0.000000 1.000000
vn 0.000000 0.000000 1.000000
vn 1.000000 0.000005 0.000000
vn 1.000000 0.000001 0.000000
vn 1.000000 0.000002 0.000000
vn 1.000000 0.000005 0.000000
vn -1.000000 -0.000001 0.000000
vn -1.000000 -0.000002 0.000000
vn -1.000000 -0.000002 0.000000
vn -1.000000 -0.000001 0.000000
vn 1.000000 -0.000001 0.000000
vn 1.000000 -0.000001 0.000000
vn -1.000000 0.000000 0.000000
vn -1.000000 0.000000 0.000000
vn 1.000000 -0.000003 0.000000
vn 1.000000 -0.000003 0.000000
vn 0.000000 0.000000 1.000000
vn 0.000000 0.000000 1.000000
vn 0.000000 0.000000 1.000000
vn 0.000000 0.000000 1.000000
vn -1.000000 0.000000 0.000000
vn -1.000000 0.000000 0.000000
s off
g Books_top_shelf book8
usemtl initialShadingGroup
f 1400/2537/3132 1401/2538/3133 1403/2540/3134 1402/2539/3135
f 1424/2567/3136 1425/2568/3137 1426/2569/3138 1427/2570/3139
f 1427/2570/3140 1426/2569/3141 1428/2571/3142 1429/2572/3143
f 1429/2572/3144 1428/2571/3145 1430/2573/3146 1431/2574/3147
f 1401/2538/3148 1407/2547/3149 1405/2548/3150 1403/2540/3151
f 1406/2549/3152 1400/2537/3153 1402/2539/3154 1404/2550/3155
f 1402/2539/3156 1403/2540/3157 1409/2552/3158 1408/2551/3159
f 1403/2540/3160 1405/2542/3161 1410/2553/3162 1409/2552/3163
f 1404/2541/3164 1402/2539/3165 1408/2551/3166 1411/2554/3167
f 1405/2542/3168 1407/2544/3169 1412/2555/3170 1410/2553/3171
f 1406/2543/3172 1404/2541/3173 1411/2554/3174 1413/2556/3175
f 1407/2544/3176 1401/2546/3177 1414/2557/3178 1412/2555/3179
f 1401/2546/3180 1400/2545/3181 1415/2558/3182 1414/2557/3183
f 1400/2545/3184 1406/2543/3185 1413/2556/3186 1415/2558/3187
f 1408/2551/3188 1409/2552/3189 1417/2560/3190 1416/2559/3191
f 1409/2552/3192 1410/2553/3193 1418/2561/3194 1417/2560/3195
f 1411/2554/3196 1408/2551/3197 1416/2559/3198 1419/2562/3199
f 1410/2553/3200 1412/2555/3201 1420/2563/3202 1418/2561/3203
f 1413/2556/3204 1411/2554/3205 1419/2562/3206 1421/2564/3207
f 1412/2555/3208 1414/2557/3209 1422/2565/3210 1420/2563/3211
f 1414/2557/3212 1415/2558/3213 1423/2566/3214 1422/2565/3215
f 1415/2558/3216 1413/2556/3217 1421/2564/3218 1423/2566/3219
f 1416/2559/3220 1417/2560/3221 1425/2568/3222 1424/2567/3223
s 1
f 1417/2560/3224 1418/2561/3225 1426/2569/3226 1425/2568/3227
s 2
f 1419/2562/3228 1416/2559/3229 1424/2567/3230 1427/2570/3231
s 1
f 1418/2561/3225 1420/2563/3232 1428/2571/3233 1426/2569/3226
s 2
f 1421/2564/3234 1419/2562/3228 1427/2570/3231 1429/2572/3235
s 1
f 1420/2563/3232 1422/2565/3236 1430/2573/3237 1428/2571/3233
s off
f 1422/2565/3238 1423/2566/3239 1431/2574/3240 1430/2573/3241
s 2
f 1423/2566/3242 1421/2564/3234 1429/2572/3235 1431/2574/3243
g default
v -2.111582 10.966671 8.000001
v -2.673378 10.966671 8.000001
v -2.111582 13.990593 8.000001
v -2.673378 13.990593 8.000001
v -2.111582 13.990593 9.673482
v -2.673378 13.990593 9.673482
v -2.111582 10.966671 9.673482
v -2.673378 10.966671 9.673482
v -2.162481 13.990593 8.142194
v -2.622478 13.990593 8.142194
v -2.622478 13.990593 9.642045
v -2.162481 13.990593 9.642045
v -2.622478 10.966671 9.642045
v -2.162481 10.966671 9.642045
v -2.622478 10.966671 8.142194
v -2.162481 10.966671 8.142194
v -2.162481 13.990593 8.134119
v -2.622478 13.990593 8.134119
v -2.622478 13.990593 9.642045
v -2.162481 13.990593 9.642045
v -2.622478 10.966671 9.642045
v -2.162481 10.966671 9.642045
v -2.622478 10.966671 8.134119
v -2.162481 10.966671 8.134119
v -2.162481 13.945934 8.134119
v -2.622478 13.945934 8.134119
v -2.622478 13.968264 9.612535
v -2.162481 13.968264 9.612535
v -2.622478 10.989000 9.612535
v -2.162481 10.989000 9.612535
v -2.622478 11.011330 8.134119
v -2.162481 11.011330 8.134119
vt 0.375000 0.000000
vt 0.625000 0.000000
vt 0.375000 0.250000
vt 0.625000 0.250000
vt 0.375000 0.500000
vt 0.625000 0.500000
vt 0.375000 0.750000
vt 0.625000 0.750000
vt 0.375000 1.000000
vt 0.625000 1.000000
vt 0.875000 0.000000
vt 0.875000 0.250000
vt 0.125000 0.000000
vt 0.125000 0.250000
vt 0.375000 0.250000
vt 0.625000 0.250000
vt 0.625000 0.500000
vt 0.375000 0.500000
vt 0.625000 0.750000
vt 0.375000 0.750000
vt 0.625000 1.000000
vt 0.375000 1.000000
vt 0.375000 0.250000
vt 0.625000 0.250000
vt 0.625000 0.500000
vt 0.375000 0.500000
vt 0.625000 0.750000
vt 0.375000 0.750000
vt 0.625000 1.000000
vt 0.375000 1.000000
vt 0.375000 0.250000
vt 0.625000 0.250000
vt 0.625000 0.500000
vt 0.375000 0.500000
vt 0.625000 0.750000
vt 0.375000 0.750000
vt 0.625000 1.000000
vt 0.375000 1.000000
vn 0.000000 0.000000 -1.000000
vn 0.000000 0.000000 -1.000000
vn 0.000000 0.000000 -1.000000
vn 0.000000 0.000000 -1.000000
vn 0.000000 0.999886 -0.015101
vn 0.000000 0.999886 -0.015101
vn 0.000000 0.999886 -0.015101
vn 0.000000 0.999886 -0.015101
vn 0.000000 0.000000 1.000000
vn 0.000000 0.000000 1.000000
vn 0.000000 0.000000 1.000000
vn 0.000000 0.000000 1.000000
vn 0.000000 -0.999886 -0.015102
vn 0.000000 -0.999886 -0.015102
vn 0.000000 -0.999886 -0.015102
vn 0.000000 -0.999886 -0.015102
vn -1.000000 0.000000 0.000000
vn -1.000000 0.000000 0.000000
vn -1.000000 0.000000 0.000000
vn -1.000000 0.000000 0.000000
vn 1.000000 0.000000 0.000000
vn 1.000000 0.000000 0.000000
vn 1.000000 0.000000 0.000000
vn 1.000000 0.000000 0.000000
vn 0.000000 1.000000 0.000001
vn 0.000000 1.000000 0.000001
vn 0.000000 1.000000 0.000001
vn 0.000000 1.000000 0.000001
vn 0.000000 1.000000 0.000000
vn 0.000000 1.000000 0.000000
vn 0.000000 1.000000 0.000000
vn 0.000000 1.000000 0.000000
vn 0.000000 1.000000 0.000000
vn 0.000000 1.000000 0.000000
vn 0.000000 1.000000 0.000000
vn 0.000000 1.000000 0.000000
vn 0.525480 0.000000 0.850806
vn 0.525480 0.000000 0.850806
vn 0.525480 0.000000 0.850806
vn 0.525480 0.000000 0.850806
vn -0.525480 0.000000 0.850806
vn -0.525480 0.000000 0.850806
vn -0.525480 0.000000 0.850806
vn -0.525480 0.000000 0.850806
vn 0.000000 -1.000000 0.000000
vn 0.000000 -1.000000 0.000000
vn 0.000000 -1.000000 0.000000
vn 0.000000 -1.000000 0.000000
vn 0.000000 -1.000000 0.000006
vn 0.000000 -1.000000 0.000006
vn 0.000000 -1.000000 0.000006
vn 0.000000 -1.000000 0.000006
vn 0.000000 -1.000000 0.000000
vn 0.000000 -1.000000 0.000000
vn 0.000000 -1.000000 0.000000
vn 0.000000 -1.000000 0.000000
vn 0.000000 -1.000000 0.000000
vn 0.000000 -1.000000 0.000000
vn 0.000000 -1.000000 0.000000
vn 0.000000 -1.000000 0.000000
vn 0.000000 0.000000 0.000000
vn 0.000000 0.000000 0.000000
vn 0.000000 0.000000 0.000000
vn 0.000000 0.000000 0.000000
vn 0.000000 0.000000 0.000000
vn 0.000000 0.000000 0.000000
vn 0.000000 0.000000 0.000000
vn 0.000000 0.000000 0.000000
vn 0.000000 0.000000 0.000000
vn 0.000000 0.000000 0.000000
vn 0.000000 0.000000 0.000000
vn 0.000000 0.000000 0.000000
vn 0.000000 0.000000 0.000000
vn 0.000000 0.000000 0.000000
vn 0.000000 0.000000 0.000000
vn 0.000000 0.000000 0.000000
vn 0.000000 0.000000 0.000000
vn 0.000000 0.000000 0.000000
vn 0.000000 0.000000 0.000000
vn 0.000000 0.000000 0.000000
vn 0.000000 1.000000 0.000000
vn 0.000000 1.000000 0.000000
vn 0.000000 1.000000 0.000000
vn 0.000000 1.000000 0.000000
vn 0.000000 -0.000000 0.000000
vn 0.000000 -0.000000 0.000000
vn 0.000000 -0.000000 0.000000
vn 0.000000 -0.000000 0.000000
vn 0.000000 0.000000 1.000000
vn 0.000000 0.000000 1.000000
vn 0.000000 0.000000 1.000000
vn 0.000000 0.000000 1.000000
vn 1.000000 0.000005 0.000000
vn 1.000000 0.000001 0.000000
vn 1.000000 0.000002 0.000000
vn 1.000000 0.000005 0.000000
vn -1.000000 -0.000001 0.000000
vn -1.000000 -0.000002 0.000000
vn -1.000000 -0.000002 0.000000
vn -1.000000 -0.000001 0.000000
vn 1.000000 -0.000001 0.000000
vn 1.000000 -0.000001 0.000000
vn -1.000000 0.000000 0.000000
vn -1.000000 0.000000 0.000000
vn 1.000000 -0.000003 0.000000
vn 1.000000 -0.000003 0.000000
vn 0.000000 0.000000 1.000000
vn 0.000000 0.000000 1.000000
vn 0.000000 0.000000 1.000000
vn 0.000000 0.000000 1.000000
vn -1.000000 0.000000 0.000000
vn -1.000000 0.000000 0.000000
s off
g Books_top_shelf book9
usemtl initialShadingGroup
f 1432/2575/3244 1433/2576/3245 1435/2578/3246 1434/2577/3247
f 1456/2605/3248 1457/2606/3249 1458/2607/3250 1459/2608/3251
f 1459/2608/3252 1458/2607/3253 1460/2609/3254 1461/2610/3255
f 1461/2610/3256 1460/2609/3257 1462/2611/3258 1463/2612/3259
f 1433/2576/3260 1439/2585/3261 1437/2586/3262 1435/2578/3263
f 1438/2587/3264 1432/2575/3265 1434/2577/3266 1436/2588/3267
f 1434/2577/3268 1435/2578/3269 1441/2590/3270 1440/2589/3271
f 1435/2578/3272 1437/2580/3273 1442/2591/3274 1441/2590/3275
f 1436/2579/3276 1434/2577/3277 1440/2589/3278 1443/2592/3279
f 1437/2580/3280 1439/2582/3281 1444/2593/3282 1442/2591/3283
f 1438/2581/3284 1436/2579/3285 1443/2592/3286 1445/2594/3287
f 1439/2582/3288 1433/2584/3289 1446/2595/3290 1444/2593/3291
f 1433/2584/3292 1432/2583/3293 1447/2596/3294 1446/2595/3295
f 1432/2583/3296 1438/2581/3297 1445/2594/3298 1447/2596/3299
f 1440/2589/3300 1441/2590/3301 1449/2598/3302 1448/2597/3303
f 1441/2590/3304 1442/2591/3305 1450/2599/3306 1449/2598/3307
f 1443/2592/3308 1440/2589/3309 1448/2597/3310 1451/2600/3311
f 1442/2591/3312 1444/2593/3313 1452/2601/3314 1450/2599/3315
f 1445/2594/3316 1443/2592/3317 1451/2600/3318 1453/2602/3319
f 1444/2593/3320 1446/2595/3321 1454/2603/3322 1452/2601/3323
f 1446/2595/3324 1447/2596/3325 1455/2604/3326 1454/2603/3327
f 1447/2596/3328 1445/2594/3329 1453/2602/3330 1455/2604/3331
f 1448/2597/3332 1449/2598/3333 1457/2606/3334 1456/2605/3335
s 1
f 1449/2598/3336 1450/2599/3337 1458/2607/3338 1457/2606/3339
s 2
f 1451/2600/3340 1448/2597/3341 1456/2605/3342 1459/2608/3343
s 1
f 1450/2599/3337 1452/2601/3344 1460/2609/3345 1458/2607/3338
s 2
f 1453/2602/3346 1451/2600/3340 1459/2608/3343 1461/2610/3347
s 1
f 1452/2601/3344 1454/2603/3348 1462/2611/3349 1460/2609/3345
s off
f 1454/2603/3350 1455/2604/3351 1463/2612/3352 1462/2611/3353
s 2
f 1455/2604/3354 1453/2602/3346 1461/2610/3347 1463/2612/3355
g default
v -2.704057 10.966671 8.000001
v -3.265853 10.966671 8.000001
v -2.704057 13.990593 8.000001
v -3.265853 13.990593 8.000001
v -2.704057 13.990593 9.673482
v -3.265853 13.990593 9.673482
v -2.704057 10.966671 9.673482
v -3.265853 10.966671 9.673482
v -2.754956 13.990593 8.142194
v -3.214954 13.990593 8.142194
v -3.214954 13.990593 9.642045
v -2.754956 13.990593 9.642045
v -3.214954 10.966671 9.642045
v -2.754956 10.966671 9.642045
v -3.214954 10.966671 8.142194
v -2.754956 10.966671 8.142194
v -2.754956 13.990593 8.134119
v -3.214954 13.990593 8.134119
v -3.214954 13.990593 9.642045
v -2.754956 13.990593 9.642045
v -3.214954 10.966671 9.642045
v -2.754956 10.966671 9.642045
v -3.214954 10.966671 8.134119
v -2.754956 10.966671 8.134119
v -2.754956 13.945934 8.134119
v -3.214954 13.945934 8.134119
v -3.214954 13.968264 9.612535
v -2.754956 13.968264 9.612535
v -3.214954 10.989000 9.612535
v -2.754956 10.989000 9.612535
v -3.214954 11.011330 8.134119
v -2.754956 11.011330 8.134119
vt 0.375000 0.000000
vt 0.625000 0.000000
vt 0.375000 0.250000
vt 0.625000 0.250000
vt 0.375000 0.500000
vt 0.625000 0.500000
vt 0.375000 0.750000
vt 0.625000 0.750000
vt 0.375000 1.000000
vt 0.625000 1.000000
vt 0.875000 0.000000
vt 0.875000 0.250000
vt 0.125000 0.000000
vt 0.125000 0.250000
vt 0.375000 0.250000
vt 0.625000 0.250000
vt 0.625000 0.500000
vt 0.375000 0.500000
vt 0.625000 0.750000
vt 0.375000 0.750000
vt 0.625000 1.000000
vt 0.375000 1.000000
vt 0.375000 0.250000
vt 0.625000 0.250000
vt 0.625000 0.500000
vt 0.375000 0.500000
vt 0.625000 0.750000
vt 0.375000 0.750000
vt 0.625000 1.000000
vt 0.375000 1.000000
vt 0.375000 0.250000
vt 0.625000 0.250000
vt 0.625000 0.500000
vt 0.375000 0.500000
vt 0.625000 0.750000
vt 0.375000 0.750000
vt 0.625000 1.000000
vt 0.375000 1.000000
vn 0.000000 0.000000 -1.000000
vn 0.000000 0.000000 -1.000000
vn 0.000000 0.000000 -1.000000
vn 0.000000 0.000000 -1.000000
vn 0.000000 0.999886 -0.015101
vn 0.000000 0.999886 -0.015101
vn 0.000000 0.999886 -0.015101
vn 0.000000 0.999886 -0.015101
vn 0.000000 0.000000 1.000000
vn 0.000000 0.000000 1.000000
vn 0.000000 0.000000 1.000000
vn 0.000000 0.000000 1.000000
vn 0.000000 -0.999886 -0.015102
vn 0.000000 -0.999886 -0.015102
vn 0.000000 -0.999886 -0.015102
vn 0.000000 -0.999886 -0.015102
vn -1.000000 0.000000 0.000000
vn -1.000000 0.000000 0.000000
vn -1.000000 0.000000 0.000000
vn -1.000000 0.000000 0.000000
vn 1.000000 0.000000 0.000000
vn 1.000000 0.000000 0.000000
vn 1.000000 0.000000 0.000000
vn 1.000000 0.000000 0.000000
vn 0.000000 1.000000 0.000001
vn 0.000000 1.000000 0.000001
vn 0.000000 1.000000 0.000001
vn 0.000000 1.000000 0.000001
vn 0.000000 1.000000 0.000000
vn 0.000000 1.000000 0.000000
vn 0.000000 1.000000 0.000000
vn 0.000000 1.000000 0.000000
vn 0.000000 1.000000 0.000000
vn 0.000000 1.000000 0.000000
vn 0.000000 1.000000 0.000000
vn 0.000000 1.000000 0.000000
vn 0.525480 0.000000 0.850806
vn 0.525480 0.000000 0.850806
vn 0.525480 0.000000 0.850806
vn 0.525480 0.000000 0.850806
vn -0.525480 0.000000 0.850806
vn -0.525480 0.000000 0.850806
vn -0.525480 0.000000 0.850806
vn -0.525480 0.000000 0.850806
vn 0.000000 -1.000000 0.000000
vn 0.000000 -1.000000 0.000000
vn 0.000000 -1.000000 0.000000
vn 0.000000 -1.000000 0.000000
vn 0.000000 -1.000000 0.000006
vn 0.000000 -1.000000 0.000006
vn 0.000000 -1.000000 0.000006
vn 0.000000 -1.000000 0.000006
vn 0.000000 -1.000000 0.000000
vn 0.000000 -1.000000 0.000000
vn 0.000000 -1.000000 0.000000
vn 0.000000 -1.000000 0.000000
vn 0.000000 -1.000000 0.000000
vn 0.000000 -1.000000 0.000000
vn 0.000000 -1.000000 0.000000
vn 0.000000 -1.000000 0.000000
vn 0.000000 0.000000 0.000000
vn 0.000000 0.000000 0.000000
vn 0.000000 0.000000 0.000000
vn 0.000000 0.000000 0.000000
vn 0.000000 0.000000 0.000000
vn 0.000000 1.000000 0.000000
vn 0.000000 0.000000 0.000000
vn 0.000000 0.000000 0.000000
vn 0.000000 0.000000 0.000000
vn 0.000000 0.000000 0.000000
vn 0.000000 0.000000 0.000000
vn 0.000000 0.000000 0.000000
vn 0.000000 0.000000 0.000000
vn 0.000000 0.000000 0.000000
vn 0.000000 0.000000 0.000000
vn 0.000000 0.000000 0.000000
vn 0.000000 0.000000 0.000000
vn 0.000000 0.000000 0.000000
vn 0.000000 0.000000 0.000000
vn 0.000000 0.000000 0.000000
vn 0.000000 1.000000 0.000000
vn 0.000000 1.000000 0.000000
vn 0.000000 1.000000 0.000000
vn 0.000000 1.000000 0.000000
vn 0.000000 -1.000000 0.000000
vn 0.000000 -0.000000 0.000000
vn 0.000000 -0.000000 0.000000
vn 0.000000 -0.000000 0.000000
vn 0.000000 0.000000 1.000000
vn 0.000000 0.000000 1.000000
vn 0.000000 0.000000 1.000000
vn 0.000000 0.000000 1.000000
vn 1.000000 -0.000010 0.000000
vn 1.000000 -0.000003 0.000000
vn 1.000000 -0.000004 0.000000
vn 1.000000 -0.000010 0.000000
vn -1.000000 -0.000002 0.000000
vn -1.000000 -0.000007 0.000000
vn -1.000000 -0.000007 0.000000
vn -1.000000 -0.000003 0.000000
vn 1.000000 0.000002 0.000000
vn 1.000000 0.000002 0.000000
vn -1.000000 0.000003 0.000000
vn -1.000000 0.000004 0.000000
vn 1.000000 0.000006 0.000000
vn 1.000000 0.000006 0.000000
vn 0.000000 0.000000 1.000000
vn 0.000000 0.000000 1.000000
vn 0.000000 0.000000 1.000000
vn 0.000000 0.000000 1.000000
vn -1.000000 0.000010 0.000000
vn -1.000000 0.000010 0.000000
s off
g Books_top_shelf book10
usemtl initialShadingGroup
f 1464/2613/3356 1465/2614/3357 1467/2616/3358 1466/2615/3359
f 1488/2643/3360 1489/2644/3361 1490/2645/3362 1491/2646/3363
f 1491/2646/3364 1490/2645/3365 1492/2647/3366 1493/2648/3367
f 1493/2648/3368 1492/2647/3369 1494/2649/3370 1495/2650/3371
f 1465/2614/3372 1471/2623/3373 1469/2624/3374 1467/2616/3375
f 1470/2625/3376 1464/2613/3377 1466/2615/3378 1468/2626/3379
f 1466/2615/3380 1467/2616/3381 1473/2628/3382 1472/2627/3383
f 1467/2616/3384 1469/2618/3385 1474/2629/3386 1473/2628/3387
f 1468/2617/3388 1466/2615/3389 1472/2627/3390 1475/2630/3391
f 1469/2618/3392 1471/2620/3393 1476/2631/3394 1474/2629/3395
f 1470/2619/3396 1468/2617/3397 1475/2630/3398 1477/2632/3399
f 1471/2620/3400 1465/2622/3401 1478/2633/3402 1476/2631/3403
f 1465/2622/3404 1464/2621/3405 1479/2634/3406 1478/2633/3407
f 1464/2621/3408 1470/2619/3409 1477/2632/3410 1479/2634/3411
f 1472/2627/3412 1473/2628/3413 1481/2636/3414 1480/2635/3415
f 1473/2628/3416 1474/2629/3417 1482/2637/3418 1481/2636/3419
f 1475/2630/3420 1472/2627/3421 1480/2635/3422 1483/2638/3423
f 1474/2629/3424 1476/2631/3425 1484/2639/3426 1482/2637/3427
f 1477/2632/3428 1475/2630/3429 1483/2638/3430 1485/2640/3431
f 1476/2631/3432 1478/2633/3433 1486/2641/3434 1484/2639/3435
f 1478/2633/3436 1479/2634/3437 1487/2642/3438 1486/2641/3439
f 1479/2634/3440 1477/2632/3441 1485/2640/3442 1487/2642/3443
f 1480/2635/3444 1481/2636/3445 1489/2644/3446 1488/2643/3447
s 1
f 1481/2636/3448 1482/2637/3449 1490/2645/3450 1489/2644/3451
s 2
f 1483/2638/3452 1480/2635/3453 1488/2643/3454 1491/2646/3455
s 1
f 1482/2637/3449 1484/2639/3456 1492/2647/3457 1490/2645/3450
s 2
f 1485/2640/3458 1483/2638/3452 1491/2646/3455 1493/2648/3459
s 1
f 1484/2639/3456 1486/2641/3460 1494/2649/3461 1492/2647/3457
s off
f 1486/2641/3462 1487/2642/3463 1495/2650/3464 1494/2649/3465
s 2
f 1487/2642/3466 1485/2640/3458 1493/2648/3459 1495/2650/3467
g default
v -3.312088 10.966671 8.028936
v -3.714054 10.966671 8.028936
v -3.312088 13.697157 8.028936
v -3.714054 13.697157 8.028936
v -3.312088 13.697157 9.540026
v -3.714054 13.697157 9.540026
v -3.312088 10.966671 9.540026
v -3.714054 10.966671 9.540026
v -3.348507 13.697157 8.157331
v -3.677635 13.697157 8.157331
v -3.677635 13.697157 9.511640
v -3.348507 13.697157 9.511640
v -3.677635 10.966671 9.511640
v -3.348507 10.966671 9.511640
v -3.677635 10.966671 8.157331
v -3.348507 10.966671 8.157331
v -3.348507 13.697157 8.150040
v -3.677635 13.697157 8.150040
v -3.677635 13.697157 9.511640
v -3.348507 13.697157 9.511640
v -3.677635 10.966671 9.511640
v -3.348507 10.966671 9.511640
v -3.677635 10.966671 8.150040
v -3.348507 10.966671 8.150040
v -3.348507 13.656832 8.150040
v -3.677635 13.656832 8.150040
v -3.677635 13.676994 9.484993
v -3.348507 13.676994 9.484993
v -3.677635 10.986834 9.484993
v -3.348507 10.986834 9.484993
v -3.677635 11.006996 8.150040
v -3.348507 11.006996 8.150040
vt 0.375000 0.000000
vt 0.625000 0.000000
vt 0.375000 0.250000
vt 0.625000 0.250000
vt 0.375000 0.500000
vt 0.625000 0.500000
vt 0.375000 0.750000
vt 0.625000 0.750000
vt 0.375000 1.000000
vt 0.625000 1.000000
vt 0.875000 0.000000
vt 0.875000 0.250000
vt 0.125000 0.000000
vt 0.125000 0.250000
vt 0.375000 0.250000
vt 0.625000 0.250000
vt 0.625000 0.500000
vt 0.375000 0.500000
vt 0.625000 0.750000
vt 0.375000 0.750000
vt 0.625000 1.000000
vt 0.375000 1.000000
vt 0.375000 0.250000
vt 0.625000 0.250000
vt 0.625000 0.500000
vt 0.375000 0.500000
vt 0.625000 0.750000
vt 0.375000 0.750000
vt 0.625000 1.000000
vt 0.375000 1.000000
vt 0.375000 0.250000
vt 0.625000 0.250000
vt 0.625000 0.500000
vt 0.375000 0.500000
vt 0.625000 0.750000
vt 0.375000 0.750000
vt 0.625000 1.000000
vt 0.375000 1.000000
vn 0.000000 0.000000 -1.000000
vn 0.000000 0.000000 -1.000000
vn 0.000000 0.000000 -1.000000
vn 0.000000 0.000000 -1.000000
vn 0.000000 0.999886 -0.015102
vn 0.000000 0.999886 -0.015102
vn 0.000000 0.999886 -0.015102
vn 0.000000 0.999886 -0.015102
vn 0.000000 0.000000 1.000000
vn 0.000000 0.000000 1.000000
vn 0.000000 0.000000 1.000000
vn 0.000000 0.000000 1.000000
vn 0.000000 -0.999886 -0.015102
vn 0.000000 -0.999886 -0.015102
vn 0.000000 -0.999886 -0.015102
vn 0.000000 -0.999886 -0.015102
vn -1.000000 0.000000 0.000000
vn -1.000000 0.000000 0.000000
vn -1.000000 0.000000 0.000000
vn -1.000000 0.000000 0.000000
vn 1.000000 0.000000 0.000000
vn 1.000000 0.000000 0.000000
vn 1.000000 0.000000 0.000000
vn 1.000000 0.000000 0.000000
vn 0.000000 1.000000 0.000008
vn 0.000000 1.000000 0.000008
vn 0.000000 1.000000 0.000008
vn 0.000000 1.000000 0.000008
vn 0.000000 1.000000 0.000000
vn 0.000000 1.000000 0.000000
vn 0.000000 1.000000 0.000000
vn 0.000000 1.000000 0.000000
vn 0.000000 1.000000 0.000000
vn 0.000000 1.000000 0.000000
vn 0.000000 1.000000 0.000000
vn 0.000000 1.000000 0.000000
vn 0.614762 0.000000 0.788713
vn 0.614762 0.000000 0.788713
vn 0.614762 0.000000 0.788713
vn 0.614762 0.000000 0.788713
vn -0.614762 0.000000 0.788713
vn -0.614762 0.000000 0.788713
vn -0.614762 0.000000 0.788713
vn -0.614762 0.000000 0.788713
vn 0.000000 -1.000000 0.000000
vn 0.000000 -1.000000 0.000000
vn 0.000000 -1.000000 0.000000
vn 0.000000 -1.000000 0.000000
vn 0.000000 -1.000000 0.000000
vn 0.000000 -1.000000 0.000000
vn 0.000000 -1.000000 0.000000
vn 0.000000 -1.000000 0.000000
vn 0.000000 -1.000000 0.000000
vn 0.000000 -1.000000 0.000000
vn 0.000000 -1.000000 0.000000
vn 0.000000 -1.000000 0.000000
vn 0.000000 -1.000000 0.000000
vn 0.000000 -1.000000 0.000000
vn 0.000000 -1.000000 0.000000
vn 0.000000 -1.000000 0.000000
vn 0.000000 0.000000 0.000000
vn 0.000000 0.000000 0.000000
vn 0.000000 0.000000 0.000000
vn 0.000000 0.000000 0.000000
vn 0.000000 0.000000 0.000000
vn 0.000000 0.000000 0.000000
vn 0.000000 0.000000 0.000000
vn 0.000000 0.000000 0.000000
vn 0.000000 0.000000 0.000000
vn 0.000000 0.000000 0.000000
vn 0.000000 0.000000 0.000000
vn 0.000000 0.000000 0.000000
vn 0.000000 0.000000 0.000000
vn 0.000000 0.000000 0.000000
vn 0.000000 0.000000 0.000000
vn 0.000000 0.000000 0.000000
vn 0.000000 0.000000 0.000000
vn 0.000000 0.000000 0.000000
vn 0.000000 0.000000 0.000000
vn 0.000000 0.000000 0.000000
vn 0.000000 1.000000 0.000000
vn 0.000000 1.000000 0.000000
vn 0.000000 1.000000 0.000000
vn 0.000000 1.000000 0.000000
vn 0.000000 0.000000 0.000000
vn 0.000000 0.000000 0.000000
vn 0.000000 0.000000 0.000000
vn 0.000000 0.000000 0.000000
vn 0.000000 0.000000 1.000000
vn 0.000000 0.000000 1.000000
vn 0.000000 0.000000 1.000000
vn 0.000000 0.000000 1.000000
vn 1.000000 0.000000 0.000000
vn 1.000000 0.000000 0.000000
vn 1.000000 0.000000 0.000000
vn 1.000000 0.000000 0.000000
vn -1.000000 0.000001 0.000000
vn -1.000000 0.000003 0.000000
vn -1.000000 0.000003 0.000000
vn -1.000000 0.000001 0.000000
vn 1.000000 -0.000001 0.000000
vn 1.000000 -0.000002 0.000000
vn -1.000000 0.000000 0.000000
vn -1.000000 0.000000 0.000000
vn 1.000000 -0.000005 0.000000
vn 1.000000 -0.000005 0.000000
vn 0.000000 0.000000 1.000000
vn 0.000000 0.000000 1.000000
vn 0.000000 0.000000 1.000000
vn 0.000000 0.000000 1.000000
vn -1.000000 0.000000 0.000000
vn -1.000000 0.000000 0.000000
s off
g Books_top_shelf book11
usemtl initialShadingGroup
f 1496/2651/3468 1497/2652/3469 1499/2654/3470 1498/2653/3471
f 1520/2681/3472 1521/2682/3473 1522/2683/3474 1523/2684/3475
f 1523/2684/3476 1522/2683/3477 1524/2685/3478 1525/2686/3479
f 1525/2686/3480 1524/2685/3481 1526/2687/3482 1527/2688/3483
f 1497/2652/3484 1503/2661/3485 1501/2662/3486 1499/2654/3487
f 1502/2663/3488 1496/2651/3489 1498/2653/3490 1500/2664/3491
f 1498/2653/3492 1499/2654/3493 1505/2666/3494 1504/2665/3495
f 1499/2654/3496 1501/2656/3497 1506/2667/3498 1505/2666/3499
f 1500/2655/3500 1498/2653/3501 1504/2665/3502 1507/2668/3503
f 1501/2656/3504 1503/2658/3505 1508/2669/3506 1506/2667/3507
f 1502/2657/3508 1500/2655/3509 1507/2668/3510 1509/2670/3511
f 1503/2658/3512 1497/2660/3513 1510/2671/3514 1508/2669/3515
f 1497/2660/3516 1496/2659/3517 1511/2672/3518 1510/2671/3519
f 1496/2659/3520 1502/2657/3521 1509/2670/3522 1511/2672/3523
f 1504/2665/3524 1505/2666/3525 1513/2674/3526 1512/2673/3527
f 1505/2666/3528 1506/2667/3529 1514/2675/3530 1513/2674/3531
f 1507/2668/3532 1504/2665/3533 1512/2673/3534 1515/2676/3535
f 1506/2667/3536 1508/2669/3537 1516/2677/3538 1514/2675/3539
f 1509/2670/3540 1507/2668/3541 1515/2676/3542 1517/2678/3543
f 1508/2669/3544 1510/2671/3545 1518/2679/3546 1516/2677/3547
f 1510/2671/3548 1511/2672/3549 1519/2680/3550 1518/2679/3551
f 1511/2672/3552 1509/2670/3553 1517/2678/3554 1519/2680/3555
f 1512/2673/3556 1513/2674/3557 1521/2682/3558 1520/2681/3559
s 1
f 1513/2674/3560 1514/2675/3561 1522/2683/3562 1521/2682/3563
s 2
f 1515/2676/3564 1512/2673/3565 1520/2681/3566 1523/2684/3567
s 1
f 1514/2675/3561 1516/2677/3568 1524/2685/3569 1522/2683/3562
s 2
f 1517/2678/3570 1515/2676/3564 1523/2684/3567 1525/2686/3571
s 1
f 1516/2677/3568 1518/2679/3572 1526/2687/3573 1524/2685/3569
s off
f 1518/2679/3574 1519/2680/3575 1527/2688/3576 1526/2687/3577
s 2
f 1519/2680/3578 1517/2678/3570 1525/2686/3571 1527/2688/3579
g default
v -3.786184 10.966671 8.000001
v -4.347980 10.966671 8.000001
v -3.786184 13.338540 8.000001
v -4.347980 13.338540 8.000001
v -3.786184 13.338540 9.375982
v -4.347980 13.338540 9.375982
v -3.786184 10.966671 9.375982
v -4.347980 10.966671 9.375982
v -3.837083 13.338540 8.116916
v -4.297081 13.338540 8.116916
v -4.297081 13.338540 9.350134
v -3.837083 13.338540 9.350134
v -4.297081 10.966671 9.350134
v -3.837083 10.966671 9.350134
v -4.297081 10.966671 8.116916
v -3.837083 10.966671 8.116916
v -3.837083 13.338540 8.110276
v -4.297081 13.338540 8.110276
v -4.297081 13.338540 9.350134
v -3.837083 13.338540 9.350134
v -4.297081 10.966671 9.350134
v -3.837083 10.966671 9.350134
v -4.297081 10.966671 8.110276
v -3.837083 10.966671 8.110276
v -3.837083 13.303511 8.110276
v -4.297081 13.303511 8.110276
v -4.297081 13.321025 9.325871
v -3.837083 13.321025 9.325871
v -4.297081 10.984185 9.325871
v -3.837083 10.984185 9.325871
v -4.297081 11.001699 8.110276
v -3.837083 11.001699 8.110276
vt 0.375000 0.000000
vt 0.625000 0.000000
vt 0.375000 0.250000
vt 0.625000 0.250000
vt 0.375000 0.500000
vt 0.625000 0.500000
vt 0.375000 0.750000
vt 0.625000 0.750000
vt 0.375000 1.000000
vt 0.625000 1.000000
vt 0.875000 0.000000
vt 0.875000 0.250000
vt 0.125000 0.000000
vt 0.125000 0.250000
vt 0.375000 0.250000
vt 0.625000 0.250000
vt 0.625000 0.500000
vt 0.375000 0.500000
vt 0.625000 0.750000
vt 0.375000 0.750000
vt 0.625000 1.000000
vt 0.375000 1.000000
vt 0.375000 0.250000
vt 0.625000 0.250000
vt 0.625000 0.500000
vt 0.375000 0.500000
vt 0.625000 0.750000
vt 0.375000 0.750000
vt 0.625000 1.000000
vt 0.375000 1.000000
vt 0.375000 0.250000
vt 0.625000 0.250000
vt 0.625000 0.500000
vt 0.375000 0.500000
vt 0.625000 0.750000
vt 0.375000 0.750000
vt 0.625000 1.000000
vt 0.375000 1.000000
vn 0.000000 0.000000 -1.000000
vn 0.000000 0.000000 -1.000000
vn 0.000000 0.000000 -1.000000
vn 0.000000 0.000000 -1.000000
vn 0.000000 0.999896 -0.014406
vn 0.000000 0.999896 -0.014406
vn 0.000000 0.999896 -0.014406
vn 0.000000 0.999896 -0.014406
vn 0.000000 0.000000 1.000000
vn 0.000000 0.000000 1.000000
vn 0.000000 0.000000 1.000000
vn 0.000000 0.000000 1.000000
vn 0.000000 -0.999896 -0.014407
vn 0.000000 -0.999896 -0.014407
vn 0.000000 -0.999896 -0.014407
vn 0.000000 -0.999896 -0.014407
vn -1.000000 0.000000 0.000000
vn -1.000000 0.000000 0.000000
vn -1.000000 0.000000 0.000000
vn -1.000000 0.000000 0.000000
vn 1.000000 0.000000 0.000000
vn 1.000000 0.000000 0.000000
vn 1.000000 0.000000 0.000000
vn 1.000000 0.000000 0.000000
vn 0.000000 1.000000 -0.000004
vn 0.000000 1.000000 -0.000004
vn 0.000000 1.000000 -0.000004
vn 0.000000 1.000000 -0.000004
vn 0.000000 1.000000 0.000000
vn 0.000000 1.000000 0.000000
vn 0.000000 1.000000 0.000000
vn 0.000000 1.000000 0.000000
vn 0.000000 1.000000 0.000000
vn 0.000000 1.000000 0.000000
vn 0.000000 1.000000 0.000000
vn 0.000000 1.000000 0.000000
vn 0.452785 0.000000 0.891620
vn 0.452785 0.000000 0.891620
vn 0.452785 0.000000 0.891620
vn 0.452785 0.000000 0.891620
vn -0.452787 0.000000 0.891619
vn -0.452787 0.000000 0.891619
vn -0.452787 0.000000 0.891619
vn -0.452787 0.000000 0.891619
vn 0.000000 -1.000000 0.000000
vn 0.000000 -1.000000 0.000000
vn 0.000000 -1.000000 0.000000
vn 0.000000 -1.000000 0.000000
vn 0.000000 -1.000000 0.000003
vn 0.000000 -1.000000 0.000003
vn 0.000000 -1.000000 0.000003
vn 0.000000 -1.000000 0.000003
vn 0.000000 -1.000000 0.000000
vn 0.000000 -1.000000 0.000000
vn 0.000000 -1.000000 0.000000
vn 0.000000 -1.000000 0.000000
vn 0.000000 -1.000000 0.000000
vn 0.000000 -1.000000 0.000000
vn 0.000000 -1.000000 0.000000
vn 0.000000 -1.000000 0.000000
vn 0.000000 -0.000000 0.000000
vn 0.000000 -0.000000 0.000000
vn 0.000000 -0.000000 0.000000
vn 0.000000 -0.000000 0.000000
vn 0.000000 -0.000000 0.000000
vn 0.000000 -1.000000 0.000000
vn 0.000000 -1.000000 0.000000
vn 0.000000 -0.000000 0.000000
vn 0.000000 0.000000 0.000000
vn 0.000000 0.000000 0.000000
vn 0.000000 0.000000 0.000000
vn 0.000000 0.000000 0.000000
vn 0.000000 0.000000 0.000000
vn 0.000000 0.000000 0.000000
vn 0.000000 0.000000 0.000000
vn 0.000000 0.000000 0.000000
vn 0.000000 0.000000 0.000000
vn 0.000000 0.000000 0.000000
vn 0.000000 0.000000 0.000000
vn 0.000000 0.000000 0.000000
vn 0.000000 1.000000 0.000000
vn 0.000000 1.000000 0.000000
vn 0.000000 1.000000 0.000000
vn 0.000000 1.000000 0.000000
vn 0.000000 1.000000 0.000000
vn 0.000000 0.000000 0.000000
vn 0.000000 0.000000 0.000000
vn 0.000000 1.000000 0.000000
vn 0.000000 0.000000 1.000000
vn 0.000000 0.000000 1.000000
vn 0.000000 0.000000 1.000000
vn 0.000000 0.000000 1.000000
vn 1.000000 0.000000 0.000000
vn 1.000000 0.000000 0.000000
vn 1.000000 0.000000 0.000000
vn 1.000000 0.000000 0.000000
vn -1.000000 0.000001 0.000000
vn -1.000000 0.000002 0.000000
vn -1.000000 0.000002 0.000000
vn -1.000000 0.000001 0.000000
vn 1.000000 -0.000001 0.000000
vn 1.000000 -0.000002 0.000000
vn -1.000000 0.000000 0.000000
vn -1.000000 0.000000 0.000000
vn 1.000000 -0.000005 0.000000
vn 1.000000 -0.000005 0.000000
vn 0.000000 0.000000 1.000000
vn 0.000000 0.000000 1.000000
vn 0.000000 0.000000 1.000000
vn 0.000000 0.000000 1.000000
vn -1.000000 0.000000 0.000000
vn -1.000000 0.000000 0.000000
s off
g Books_top_shelf book12
usemtl initialShadingGroup
f 1528/2689/3580 1529/2690/3581 1531/2692/3582 1530/2691/3583
f 1552/2719/3584 1553/2720/3585 1554/2721/3586 1555/2722/3587
f 1555/2722/3588 1554/2721/3589 1556/2723/3590 1557/2724/3591
f 1557/2724/3592 1556/2723/3593 1558/2725/3594 1559/2726/3595
f 1529/2690/3596 1535/2699/3597 1533/2700/3598 1531/2692/3599
f 1534/2701/3600 1528/2689/3601 1530/2691/3602 1532/2702/3603
f 1530/2691/3604 1531/2692/3605 1537/2704/3606 1536/2703/3607
f 1531/2692/3608 1533/2694/3609 1538/2705/3610 1537/2704/3611
f 1532/2693/3612 1530/2691/3613 1536/2703/3614 1539/2706/3615
f 1533/2694/3616 1535/2696/3617 1540/2707/3618 1538/2705/3619
f 1534/2695/3620 1532/2693/3621 1539/2706/3622 1541/2708/3623
f 1535/2696/3624 1529/2698/3625 1542/2709/3626 1540/2707/3627
f 1529/2698/3628 1528/2697/3629 1543/2710/3630 1542/2709/3631
f 1528/2697/3632 1534/2695/3633 1541/2708/3634 1543/2710/3635
f 1536/2703/3636 1537/2704/3637 1545/2712/3638 1544/2711/3639
f 1537/2704/3640 1538/2705/3641 1546/2713/3642 1545/2712/3643
f 1539/2706/3644 1536/2703/3645 1544/2711/3646 1547/2714/3647
f 1538/2705/3648 1540/2707/3649 1548/2715/3650 1546/2713/3651
f 1541/2708/3652 1539/2706/3653 1547/2714/3654 1549/2716/3655
f 1540/2707/3656 1542/2709/3657 1550/2717/3658 1548/2715/3659
f 1542/2709/3660 1543/2710/3661 1551/2718/3662 1550/2717/3663
f 1543/2710/3664 1541/2708/3665 1549/2716/3666 1551/2718/3667
f 1544/2711/3668 1545/2712/3669 1553/2720/3670 1552/2719/3671
s 1
f 1545/2712/3672 1546/2713/3673 1554/2721/3674 1553/2720/3675
s 2
f 1547/2714/3676 1544/2711/3677 1552/2719/3678 1555/2722/3679
s 1
f 1546/2713/3673 1548/2715/3680 1556/2723/3681 1554/2721/3674
s 2
f 1549/2716/3682 1547/2714/3676 1555/2722/3679 1557/2724/3683
s 1
f 1548/2715/3680 1550/2717/3684 1558/2725/3685 1556/2723/3681
s off
f 1550/2717/3686 1551/2718/3687 1559/2726/3688 1558/2725/3689
s 2
f 1551/2718/3690 1549/2716/3682 1557/2724/3683 1559/2726/3691
g default
v -4.340397 10.966671 7.880031
v -4.902193 10.966671 7.880031
v -4.340397 13.839958 7.880031
v -4.902193 13.839958 7.880031
v -4.340397 13.839958 9.553512
v -4.902193 13.839958 9.553512
v -4.340397 10.966671 9.553512
v -4.902193 10.966671 9.553512
v -4.391296 13.839958 8.022223
v -4.851294 13.839958 8.022223
v -4.851294 13.839958 9.522075
v -4.391296 13.839958 9.522075
v -4.851294 10.966671 9.522075
v -4.391296 10.966671 9.522075
v -4.851294 10.966671 8.022223
v -4.391296 10.966671 8.022223
v -4.391296 13.839958 8.014149
v -4.851294 13.839958 8.014149
v -4.851294 13.839958 9.522075
v -4.391296 13.839958 9.522075
v -4.851294 10.966671 9.522075
v -4.391296 10.966671 9.522075
v -4.851294 10.966671 8.014149
v -4.391296 10.966671 8.014149
v -4.391296 13.797524 8.014149
v -4.851294 13.797524 8.014149
v -4.851294 13.818742 9.492565
v -4.391296 13.818742 9.492565
v -4.851294 10.987888 9.492565
v -4.391296 10.987888 9.492565
v -4.851294 11.009105 8.014149
v -4.391296 11.009105 8.014149
vt 0.375000 0.000000
vt 0.625000 0.000000
vt 0.375000 0.250000
vt 0.625000 0.250000
vt 0.375000 0.500000
vt 0.625000 0.500000
vt 0.375000 0.750000
vt 0.625000 0.750000
vt 0.375000 1.000000
vt 0.625000 1.000000
vt 0.875000 0.000000
vt 0.875000 0.250000
vt 0.125000 0.000000
vt 0.125000 0.250000
vt 0.375000 0.250000
vt 0.625000 0.250000
vt 0.625000 0.500000
vt 0.375000 0.500000
vt 0.625000 0.750000
vt 0.375000 0.750000
vt 0.625000 1.000000
vt 0.375000 1.000000
vt 0.375000 0.250000
vt 0.625000 0.250000
vt 0.625000 0.500000
vt 0.375000 0.500000
vt 0.625000 0.750000
vt 0.375000 0.750000
vt 0.625000 1.000000
vt 0.375000 1.000000
vt 0.375000 0.250000
vt 0.625000 0.250000
vt 0.625000 0.500000
vt 0.375000 0.500000
vt 0.625000 0.750000
vt 0.375000 0.750000
vt 0.625000 1.000000
vt 0.375000 1.000000
vn 0.000000 0.000000 -1.000000
vn 0.000000 0.000000 -1.000000
vn 0.000000 0.000000 -1.000000
vn 0.000000 0.000000 -1.000000
vn 0.000000 0.999897 -0.014350
vn 0.000000 0.999897 -0.014350
vn 0.000000 0.999897 -0.014350
vn 0.000000 0.999897 -0.014350
vn 0.000000 0.000000 1.000000
vn 0.000000 0.000000 1.000000
vn 0.000000 0.000000 1.000000
vn 0.000000 0.000000 1.000000
vn 0.000000 -0.999897 -0.014349
vn 0.000000 -0.999897 -0.014349
vn 0.000000 -0.999897 -0.014349
vn 0.000000 -0.999897 -0.014349
vn -1.000000 0.000000 0.000000
vn -1.000000 0.000000 0.000000
vn -1.000000 0.000000 0.000000
vn -1.000000 0.000000 0.000000
vn 1.000000 0.000000 0.000000
vn 1.000000 0.000000 0.000000
vn 1.000000 0.000000 0.000000
vn 1.000000 0.000000 0.000000
vn 0.000000 1.000000 -0.000003
vn 0.000000 1.000000 -0.000003
vn 0.000000 1.000000 -0.000003
vn 0.000000 1.000000 -0.000003
vn 0.000000 1.000000 0.000000
vn 0.000000 1.000000 0.000000
vn 0.000000 1.000000 0.000000
vn 0.000000 1.000000 0.000000
vn 0.000000 1.000000 0.000000
vn 0.000000 1.000000 0.000000
vn 0.000000 1.000000 0.000000
vn 0.000000 1.000000 0.000000
vn 0.525485 0.000000 0.850803
vn 0.525485 0.000000 0.850803
vn 0.525485 0.000000 0.850803
vn 0.525485 0.000000 0.850803
vn -0.525485 0.000000 0.850803
vn -0.525485 0.000000 0.850803
vn -0.525485 0.000000 0.850803
vn -0.525485 0.000000 0.850803
vn 0.000000 -1.000000 0.000000
vn 0.000000 -1.000000 0.000000
vn 0.000000 -1.000000 0.000000
vn 0.000000 -1.000000 0.000000
vn 0.000000 -1.000000 -0.000004
vn 0.000000 -1.000000 -0.000004
vn 0.000000 -1.000000 -0.000004
vn 0.000000 -1.000000 -0.000004
vn 0.000000 -1.000000 0.000000
vn 0.000000 -1.000000 0.000000
vn 0.000000 -1.000000 0.000000
vn 0.000000 -1.000000 0.000000
vn 0.000000 -1.000000 0.000000
vn 0.000000 -1.000000 0.000000
vn 0.000000 -1.000000 0.000000
vn 0.000000 -1.000000 0.000000
vn 0.000000 -0.000000 0.000000
vn 0.000000 -0.000000 0.000000
vn 0.000000 -0.000000 0.000000
vn 0.000000 -0.000000 0.000000
vn 0.000000 0.000000 0.000000
vn 0.000000 0.000000 0.000000
vn 0.000000 0.000000 0.000000
vn 0.000000 0.000000 0.000000
vn 0.000000 0.000000 0.000000
vn 0.000000 0.000000 0.000000
vn 0.000000 0.000000 0.000000
vn 0.000000 0.000000 0.000000
vn 0.000000 0.000000 0.000000
vn 0.000000 0.000000 0.000000
vn 0.000000 0.000000 0.000000
vn 0.000000 0.000000 0.000000
vn 0.000000 0.000000 0.000000
vn 0.000000 0.000000 0.000000
vn 0.000000 0.000000 0.000000
vn 0.000000 0.000000 0.000000
vn 0.000000 1.000000 0.000000
vn 0.000000 1.000000 0.000000
vn 0.000000 1.000000 0.000000
vn 0.000000 1.000000 0.000000
vn 0.000000 0.000000 0.000000
vn 0.000000 0.000000 0.000000
vn 0.000000 0.000000 0.000000
vn 0.000000 0.000000 0.000000
vn 0.000000 0.000000 1.000000
vn 0.000000 0.000000 1.000000
vn 0.000000 0.000000 1.000000
vn 0.000000 0.000000 1.000000
vn 1.000000 0.000000 0.000000
vn 1.000000 0.000000 0.000000
vn 1.000000 0.000000 0.000000
vn 1.000000 0.000000 0.000000
vn -1.000000 -0.000001 0.000000
vn -1.000000 -0.000002 0.000000
vn -1.000000 -0.000002 0.000000
vn -1.000000 -0.000001 0.000000
vn 1.000000 0.000000 0.000000
vn 1.000000 0.000001 0.000000
vn -1.000000 0.000000 0.000000
vn -1.000000 0.000000 0.000000
vn 1.000000 0.000002 0.000000
vn 1.000000 0.000002 0.000000
vn 0.000000 0.000000 1.000000
vn 0.000000 0.000000 1.000000
vn 0.000000 0.000000 1.000000
vn 0.000000 0.000000 1.000000
vn -1.000000 0.000000 0.000000
vn -1.000000 0.000000 0.000000
s off
g Books_top_shelf book13
usemtl initialShadingGroup
f 1560/2727/3692 1561/2728/3693 1563/2730/3694 1562/2729/3695
f 1584/2757/3696 1585/2758/3697 1586/2759/3698 1587/2760/3699
f 1587/2760/3700 1586/2759/3701 1588/2761/3702 1589/2762/3703
f 1589/2762/3704 1588/2761/3705 1590/2763/3706 1591/2764/3707
f 1561/2728/3708 1567/2737/3709 1565/2738/3710 1563/2730/3711
f 1566/2739/3712 1560/2727/3713 1562/2729/3714 1564/2740/3715
f 1562/2729/3716 1563/2730/3717 1569/2742/3718 1568/2741/3719
f 1563/2730/3720 1565/2732/3721 1570/2743/3722 1569/2742/3723
f 1564/2731/3724 1562/2729/3725 1568/2741/3726 1571/2744/3727
f 1565/2732/3728 1567/2734/3729 1572/2745/3730 1570/2743/3731
f 1566/2733/3732 1564/2731/3733 1571/2744/3734 1573/2746/3735
f 1567/2734/3736 1561/2736/3737 1574/2747/3738 1572/2745/3739
f 1561/2736/3740 1560/2735/3741 1575/2748/3742 1574/2747/3743
f 1560/2735/3744 1566/2733/3745 1573/2746/3746 1575/2748/3747
f 1568/2741/3748 1569/2742/3749 1577/2750/3750 1576/2749/3751
f 1569/2742/3752 1570/2743/3753 1578/2751/3754 1577/2750/3755
f 1571/2744/3756 1568/2741/3757 1576/2749/3758 1579/2752/3759
f 1570/2743/3760 1572/2745/3761 1580/2753/3762 1578/2751/3763
f 1573/2746/3764 1571/2744/3765 1579/2752/3766 1581/2754/3767
f 1572/2745/3768 1574/2747/3769 1582/2755/3770 1580/2753/3771
f 1574/2747/3772 1575/2748/3773 1583/2756/3774 1582/2755/3775
f 1575/2748/3776 1573/2746/3777 1581/2754/3778 1583/2756/3779
f 1576/2749/3780 1577/2750/3781 1585/2758/3782 1584/2757/3783
s 1
f 1577/2750/3784 1578/2751/3785 1586/2759/3786 1585/2758/3787
s 2
f 1579/2752/3788 1576/2749/3789 1584/2757/3790 1587/2760/3791
s 1
f 1578/2751/3785 1580/2753/3792 1588/2761/3793 1586/2759/3786
s 2
f 1581/2754/3794 1579/2752/3788 1587/2760/3791 1589/2762/3795
s 1
f 1580/2753/3792 1582/2755/3796 1590/2763/3797 1588/2761/3793
s off
f 1582/2755/3798 1583/2756/3799 1591/2764/3800 1590/2763/3801
s 2
f 1583/2756/3802 1581/2754/3794 1589/2762/3795 1591/2764/3803
g default
v -4.958950 10.966671 8.062191
v -5.186568 10.966671 8.062191
v -4.958950 13.631456 8.062191
v -5.186568 13.631456 8.062191
v -4.958950 13.631456 9.436893
v -5.186568 13.631456 9.436893
v -4.958950 10.966671 9.436893
v -5.186568 10.966671 9.436893
v -4.979572 13.631456 8.178997
v -5.165945 13.631456 8.178997
v -5.165945 13.631456 9.411068
v -4.979572 13.631456 9.411068
v -5.165945 10.966671 9.411068
v -4.979572 10.966671 9.411068
v -5.165945 10.966671 8.178997
v -4.979572 10.966671 8.178997
v -4.979572 13.631456 8.172363
v -5.165945 13.631456 8.172363
v -5.165945 13.631456 9.411068
v -4.979572 13.631456 9.411068
v -5.165945 10.966671 9.411068
v -4.979572 10.966671 9.411068
v -5.165945 10.966671 8.172363
v -4.979572 10.966671 8.172363
v -4.979572 13.592102 8.172363
v -5.165945 13.592102 8.172363
v -5.165945 13.611779 9.386827
v -4.979572 13.611779 9.386827
v -5.165945 10.986348 9.386827
v -4.979572 10.986348 9.386827
v -5.165945 11.006025 8.172363
v -4.979572 11.006025 8.172363
vt 0.375000 0.000000
vt 0.625000 0.000000
vt 0.375000 0.250000
vt 0.625000 0.250000
vt 0.375000 0.500000
vt 0.625000 0.500000
vt 0.375000 0.750000
vt 0.625000 0.750000
vt 0.375000 1.000000
vt 0.625000 1.000000
vt 0.875000 0.000000
vt 0.875000 0.250000
vt 0.125000 0.000000
vt 0.125000 0.250000
vt 0.375000 0.250000
vt 0.625000 0.250000
vt 0.625000 0.500000
vt 0.375000 0.500000
vt 0.625000 0.750000
vt 0.375000 0.750000
vt 0.625000 1.000000
vt 0.375000 1.000000
vt 0.375000 0.250000
vt 0.625000 0.250000
vt 0.625000 0.500000
vt 0.375000 0.500000
vt 0.625000 0.750000
vt 0.375000 0.750000
vt 0.625000 1.000000
vt 0.375000 1.000000
vt 0.375000 0.250000
vt 0.625000 0.250000
vt 0.625000 0.500000
vt 0.375000 0.500000
vt 0.625000 0.750000
vt 0.375000 0.750000
vt 0.625000 1.000000
vt 0.375000 1.000000
vn 0.000000 0.000000 -1.000000
vn 0.000000 0.000000 -1.000000
vn 0.000000 0.000000 -1.000000
vn 0.000000 0.000000 -1.000000
vn 0.000000 0.999869 -0.016199
vn 0.000000 0.999869 -0.016199
vn 0.000000 0.999869 -0.016199
vn 0.000000 0.999869 -0.016199
vn 0.000000 0.000000 1.000000
vn 0.000000 0.000000 1.000000
vn 0.000000 0.000000 1.000000
vn 0.000000 0.000000 1.000000
vn 0.000000 -0.999869 -0.016201
vn 0.000000 -0.999869 -0.016201
vn 0.000000 -0.999869 -0.016201
vn 0.000000 -0.999869 -0.016201
vn -1.000000 0.000000 0.000000
vn -1.000000 0.000000 0.000000
vn -1.000000 0.000000 0.000000
vn -1.000000 0.000000 0.000000
vn 1.000000 0.000000 0.000000
vn 1.000000 0.000000 0.000000
vn 1.000000 0.000000 0.000000
vn 1.000000 0.000000 0.000000
vn 0.000000 1.000000 -0.000005
vn 0.000000 1.000000 -0.000005
vn 0.000000 1.000000 -0.000005
vn 0.000000 1.000000 -0.000005
vn 0.000000 1.000000 0.000000
vn 0.000000 1.000000 0.000000
vn 0.000000 1.000000 0.000000
vn 0.000000 1.000000 0.000000
vn 0.000000 1.000000 0.000000
vn 0.000000 1.000000 0.000000
vn 0.000000 1.000000 0.000000
vn 0.000000 1.000000 0.000000
vn 0.781415 0.000000 0.624012
vn 0.781415 0.000000 0.624012
vn 0.781415 0.000000 0.624012
vn 0.781415 0.000000 0.624012
vn -0.781421 0.000000 0.624004
vn -0.781421 0.000000 0.624004
vn -0.781421 0.000000 0.624004
vn -0.781421 0.000000 0.624004
vn 0.000000 -1.000000 0.000000
vn 0.000000 -1.000000 0.000000
vn 0.000000 -1.000000 0.000000
vn 0.000000 -1.000000 0.000000
vn 0.000000 -1.000000 0.000001
vn 0.000000 -1.000000 0.000001
vn 0.000000 -1.000000 0.000001
vn 0.000000 -1.000000 0.000001
vn 0.000000 -1.000000 0.000000
vn 0.000000 -1.000000 0.000000
vn 0.000000 -1.000000 0.000000
vn 0.000000 -1.000000 0.000000
vn 0.000000 -1.000000 0.000000
vn 0.000000 -1.000000 0.000000
vn 0.000000 -1.000000 0.000000
vn 0.000000 -1.000000 0.000000
vn 0.000000 -0.000000 0.000000
vn 0.000000 -0.000000 0.000000
vn 0.000000 -0.000000 0.000000
vn 0.000000 -0.000000 0.000000
vn 0.000000 0.000000 0.000000
vn 0.000000 0.000000 0.000000
vn 0.000000 0.000000 0.000000
vn 0.000000 0.000000 0.000000
vn 0.000000 0.000000 0.000000
vn 0.000000 0.000000 0.000000
vn 0.000000 0.000000 0.000000
vn 0.000000 0.000000 0.000000
vn 0.000000 0.000000 0.000000
vn 0.000000 0.000000 0.000000
vn 0.000000 0.000000 0.000000
vn 0.000000 0.000000 0.000000
vn 0.000000 0.000000 0.000000
vn 0.000000 0.000000 0.000000
vn 0.000000 0.000000 0.000000
vn 0.000000 0.000000 0.000000
vn 0.000000 1.000000 0.000000
vn 0.000000 1.000000 0.000000
vn 0.000000 1.000000 0.000000
vn 0.000000 1.000000 0.000000
vn 0.000000 -0.000000 0.000000
vn 0.000000 -0.000000 0.000000
vn 0.000000 -0.000000 0.000000
vn 0.000000 -0.000000 0.000000
vn 0.000000 0.000000 1.000000
vn 0.000000 0.000000 1.000000
vn 0.000000 0.000000 1.000000
vn 0.000000 0.000000 1.000000
vn 1.000000 0.000000 0.000000
vn 1.000000 0.000000 0.000000
vn 1.000000 0.000000 0.000000
vn 1.000000 0.000000 0.000000
vn -1.000000 -0.000002 0.000000
vn -1.000000 -0.000006 0.000000
vn -1.000000 -0.000006 0.000000
vn -1.000000 -0.000002 0.000000
vn 1.000000 -0.000000 0.000000
vn 1.000000 -0.000000 0.000000
vn -1.000000 0.000000 0.000000
vn -1.000000 0.000000 0.000000
vn 1.000000 -0.000000 0.000000
vn 1.000000 -0.000000 0.000000
vn 0.000000 0.000000 1.000000
vn 0.000000 0.000000 1.000000
vn 0.000000 0.000000 1.000000
vn 0.000000 0.000000 1.000000
vn -1.000000 0.000000 0.000000
vn -1.000000 0.000000 0.000000
s off
g Books_top_shelf book14
usemtl initialShadingGroup
f 1592/2765/3804 1593/2766/3805 1595/2768/3806 1594/2767/3807
f 1616/2795/3808 1617/2796/3809 1618/2797/3810 1619/2798/3811
f 1619/2798/3812 1618/2797/3813 1620/2799/3814 1621/2800/3815
f 1621/2800/3816 1620/2799/3817 1622/2801/3818 1623/2802/3819
f 1593/2766/3820 1599/2775/3821 1597/2776/3822 1595/2768/3823
f 1598/2777/3824 1592/2765/3825 1594/2767/3826 1596/2778/3827
f 1594/2767/3828 1595/2768/3829 1601/2780/3830 1600/2779/3831
f 1595/2768/3832 1597/2770/3833 1602/2781/3834 1601/2780/3835
f 1596/2769/3836 1594/2767/3837 1600/2779/3838 1603/2782/3839
f 1597/2770/3840 1599/2772/3841 1604/2783/3842 1602/2781/3843
f 1598/2771/3844 1596/2769/3845 1603/2782/3846 1605/2784/3847
f 1599/2772/3848 1593/2774/3849 1606/2785/3850 1604/2783/3851
f 1593/2774/3852 1592/2773/3853 1607/2786/3854 1606/2785/3855
f 1592/2773/3856 1598/2771/3857 1605/2784/3858 1607/2786/3859
f 1600/2779/3860 1601/2780/3861 1609/2788/3862 1608/2787/3863
f 1601/2780/3864 1602/2781/3865 1610/2789/3866 1609/2788/3867
f 1603/2782/3868 1600/2779/3869 1608/2787/3870 1611/2790/3871
f 1602/2781/3872 1604/2783/3873 1612/2791/3874 1610/2789/3875
f 1605/2784/3876 1603/2782/3877 1611/2790/3878 1613/2792/3879
f 1604/2783/3880 1606/2785/3881 1614/2793/3882 1612/2791/3883
f 1606/2785/3884 1607/2786/3885 1615/2794/3886 1614/2793/3887
f 1607/2786/3888 1605/2784/3889 1613/2792/3890 1615/2794/3891
f 1608/2787/3892 1609/2788/3893 1617/2796/3894 1616/2795/3895
s 1
f 1609/2788/3896 1610/2789/3897 1618/2797/3898 1617/2796/3899
s 2
f 1611/2790/3900 1608/2787/3901 1616/2795/3902 1619/2798/3903
s 1
f 1610/2789/3897 1612/2791/3904 1620/2799/3905 1618/2797/3898
s 2
f 1613/2792/3906 1611/2790/3900 1619/2798/3903 1621/2800/3907
s 1
f 1612/2791/3904 1614/2793/3908 1622/2801/3909 1620/2799/3905
s off
f 1614/2793/3910 1615/2794/3911 1623/2802/3912 1622/2801/3913
s 2
f 1615/2794/3914 1613/2792/3906 1621/2800/3907 1623/2802/3915
g default
v -5.280065 10.966671 8.000001
v -5.841861 10.966671 8.000001
v -5.280065 13.990593 8.000001
v -5.841861 13.990593 8.000001
v -5.280065 13.990593 9.673482
v -5.841861 13.990593 9.673482
v -5.280065 10.966671 9.673482
v -5.841861 10.966671 9.673482
v -5.330964 13.990593 8.142194
v -5.790961 13.990593 8.142194
v -5.790961 13.990593 9.642045
v -5.330964 13.990593 9.642045
v -5.790961 10.966671 9.642045
v -5.330964 10.966671 9.642045
v -5.790961 10.966671 8.142194
v -5.330964 10.966671 8.142194
v -5.330964 13.990593 8.134119
v -5.790961 13.990593 8.134119
v -5.790961 13.990593 9.642045
v -5.330964 13.990593 9.642045
v -5.790961 10.966671 9.642045
v -5.330964 10.966671 9.642045
v -5.790961 10.966671 8.134119
v -5.330964 10.966671 8.134119
v -5.330964 13.945934 8.134119
v -5.790961 13.945934 8.134119
v -5.790961 13.968264 9.612535
v -5.330964 13.968264 9.612535
v -5.790961 10.989000 9.612535
v -5.330964 10.989000 9.612535
v -5.790961 11.011330 8.134119
v -5.330964 11.011330 8.134119
vt 0.375000 0.000000
vt 0.625000 0.000000
vt 0.375000 0.250000
vt 0.625000 0.250000
vt 0.375000 0.500000
vt 0.625000 0.500000
vt 0.375000 0.750000
vt 0.625000 0.750000
vt 0.375000 1.000000
vt 0.625000 1.000000
vt 0.875000 0.000000
vt 0.875000 0.250000
vt 0.125000 0.000000
vt 0.125000 0.250000
vt 0.375000 0.250000
vt 0.625000 0.250000
vt 0.625000 0.500000
vt 0.375000 0.500000
vt 0.625000 0.750000
vt 0.375000 0.750000
vt 0.625000 1.000000
vt 0.375000 1.000000
vt 0.375000 0.250000
vt 0.625000 0.250000
vt 0.625000 0.500000
vt 0.375000 0.500000
vt 0.625000 0.750000
vt 0.375000 0.750000
vt 0.625000 1.000000
vt 0.375000 1.000000
vt 0.375000 0.250000
vt 0.625000 0.250000
vt 0.625000 0.500000
vt 0.375000 0.500000
vt 0.625000 0.750000
vt 0.375000 0.750000
vt 0.625000 1.000000
vt 0.375000 1.000000
vn 0.000000 0.000000 -1.000000
vn 0.000000 0.000000 -1.000000
vn 0.000000 0.000000 -1.000000
vn 0.000000 0.000000 -1.000000
vn 0.000000 0.999886 -0.015101
vn 0.000000 0.999886 -0.015101
vn 0.000000 0.999886 -0.015101
vn 0.000000 0.999886 -0.015101
vn 0.000000 0.000000 1.000000
vn 0.000000 0.000000 1.000000
vn 0.000000 0.000000 1.000000
vn 0.000000 0.000000 1.000000
vn 0.000000 -0.999886 -0.015102
vn 0.000000 -0.999886 -0.015102
vn 0.000000 -0.999886 -0.015102
vn 0.000000 -0.999886 -0.015102
vn -1.000000 0.000000 0.000000
vn -1.000000 0.000000 0.000000
vn -1.000000 0.000000 0.000000
vn -1.000000 0.000000 0.000000
vn 1.000000 0.000000 0.000000
vn 1.000000 0.000000 0.000000
vn 1.000000 0.000000 0.000000
vn 1.000000 0.000000 0.000000
vn 0.000000 1.000000 0.000001
vn 0.000000 1.000000 0.000001
vn 0.000000 1.000000 0.000001
vn 0.000000 1.000000 0.000001
vn 0.000000 1.000000 0.000000
vn 0.000000 1.000000 0.000000
vn 0.000000 1.000000 0.000000
vn 0.000000 1.000000 0.000000
vn 0.000000 1.000000 0.000000
vn 0.000000 1.000000 0.000000
vn 0.000000 1.000000 0.000000
vn 0.000000 1.000000 0.000000
vn 0.525479 0.000000 0.850807
vn 0.525479 0.000000 0.850807
vn 0.525479 0.000000 0.850807
vn 0.525479 0.000000 0.850807
vn -0.525479 0.000000 0.850807
vn -0.525479 0.000000 0.850807
vn -0.525479 0.000000 0.850807
vn -0.525479 0.000000 0.850807
vn 0.000000 -1.000000 0.000000
vn 0.000000 -1.000000 0.000000
vn 0.000000 -1.000000 0.000000
vn 0.000000 -1.000000 0.000000
vn 0.000000 -1.000000 -0.000004
vn 0.000000 -1.000000 -0.000004
vn 0.000000 -1.000000 -0.000004
vn 0.000000 -1.000000 -0.000004
vn 0.000000 -1.000000 0.000000
vn 0.000000 -1.000000 0.000000
vn 0.000000 -1.000000 0.000000
vn 0.000000 -1.000000 0.000000
vn 0.000000 -1.000000 0.000000
vn 0.000000 -1.000000 0.000000
vn 0.000000 -1.000000 0.000000
vn 0.000000 -1.000000 0.000000
vn 0.000000 0.000000 0.000000
vn 0.000000 0.000000 0.000000
vn 0.000000 0.000000 0.000000
vn 0.000000 0.000000 0.000000
vn 0.000000 0.000000 0.000000
vn 0.000000 0.000000 0.000000
vn 0.000000 0.000000 0.000000
vn 0.000000 0.000000 0.000000
vn 0.000000 0.000000 0.000000
vn 0.000000 0.000000 0.000000
vn 0.000000 0.000000 0.000000
vn 0.000000 0.000000 0.000000
vn 0.000000 0.000000 0.000000
vn 0.000000 0.000000 0.000000
vn 0.000000 0.000000 0.000000
vn 0.000000 0.000000 0.000000
vn 0.000000 0.000000 0.000000
vn 0.000000 0.000000 0.000000
vn 0.000000 0.000000 0.000000
vn 0.000000 0.000000 0.000000
vn 0.000000 1.000000 0.000000
vn 0.000000 1.000000 0.000000
vn 0.000000 1.000000 0.000000
vn 0.000000 1.000000 0.000000
vn 0.000000 0.000000 0.000000
vn 0.000000 0.000000 0.000000
vn 0.000000 0.000000 0.000000
vn 0.000000 0.000000 0.000000
vn 0.000000 0.000000 1.000000
vn 0.000000 0.000000 1.000000
vn 0.000000 0.000000 1.000000
vn 0.000000 0.000000 1.000000
vn 1.000000 0.000000 0.000000
vn 1.000000 0.000000 0.000000
vn 1.000000 0.000000 0.000000
vn 1.000000 0.000000 0.000000
vn -1.000000 0.000000 0.000000
vn -1.000000 0.000000 0.000000
vn -1.000000 0.000000 0.000000
vn -1.000000 0.000000 0.000000
vn 1.000000 -0.000002 0.000000
vn 1.000000 -0.000002 0.000000
vn -1.000000 0.000000 0.000000
vn -1.000000 0.000000 0.000000
vn 1.000000 -0.000005 0.000000
vn 1.000000 -0.000005 0.000000
vn 0.000000 0.000000 1.000000
vn 0.000000 0.000000 1.000000
vn 0.000000 0.000000 1.000000
vn 0.000000 0.000000 1.000000
vn -1.000000 0.000000 0.000000
vn -1.000000 0.000000 0.000000
s off
g Books_top_shelf book15
usemtl initialShadingGroup
f 1624/2803/3916 1625/2804/3917 1627/2806/3918 1626/2805/3919
f 1648/2833/3920 1649/2834/3921 1650/2835/3922 1651/2836/3923
f 1651/2836/3924 1650/2835/3925 1652/2837/3926 1653/2838/3927
f 1653/2838/3928 1652/2837/3929 1654/2839/3930 1655/2840/3931
f 1625/2804/3932 1631/2813/3933 1629/2814/3934 1627/2806/3935
f 1630/2815/3936 1624/2803/3937 1626/2805/3938 1628/2816/3939
f 1626/2805/3940 1627/2806/3941 1633/2818/3942 1632/2817/3943
f 1627/2806/3944 1629/2808/3945 1634/2819/3946 1633/2818/3947
f 1628/2807/3948 1626/2805/3949 1632/2817/3950 1635/2820/3951
f 1629/2808/3952 1631/2810/3953 1636/2821/3954 1634/2819/3955
f 1630/2809/3956 1628/2807/3957 1635/2820/3958 1637/2822/3959
f 1631/2810/3960 1625/2812/3961 1638/2823/3962 1636/2821/3963
f 1625/2812/3964 1624/2811/3965 1639/2824/3966 1638/2823/3967
f 1624/2811/3968 1630/2809/3969 1637/2822/3970 1639/2824/3971
f 1632/2817/3972 1633/2818/3973 1641/2826/3974 1640/2825/3975
f 1633/2818/3976 1634/2819/3977 1642/2827/3978 1641/2826/3979
f 1635/2820/3980 1632/2817/3981 1640/2825/3982 1643/2828/3983
f 1634/2819/3984 1636/2821/3985 1644/2829/3986 1642/2827/3987
f 1637/2822/3988 1635/2820/3989 1643/2828/3990 1645/2830/3991
f 1636/2821/3992 1638/2823/3993 1646/2831/3994 1644/2829/3995
f 1638/2823/3996 1639/2824/3997 1647/2832/3998 1646/2831/3999
f 1639/2824/4000 1637/2822/4001 1645/2830/4002 1647/2832/4003
f 1640/2825/4004 1641/2826/4005 1649/2834/4006 1648/2833/4007
s 1
f 1641/2826/4008 1642/2827/4009 1650/2835/4010 1649/2834/4011
s 2
f 1643/2828/4012 1640/2825/4013 1648/2833/4014 1651/2836/4015
s 1
f 1642/2827/4009 1644/2829/4016 1652/2837/4017 1650/2835/4010
s 2
f 1645/2830/4018 1643/2828/4012 1651/2836/4015 1653/2838/4019
s 1
f 1644/2829/4016 1646/2831/4020 1654/2839/4021 1652/2837/4017
s off
f 1646/2831/4022 1647/2832/4023 1655/2840/4024 1654/2839/4025
s 2
f 1647/2832/4026 1645/2830/4018 1653/2838/4019 1655/2840/4027
g default
v -5.280065 10.966671 8.000001
v -5.841861 10.966671 8.000001
v -5.280065 13.990593 8.000001
v -5.841861 13.990593 8.000001
v -5.280065 13.990593 9.673482
v -5.841861 13.990593 9.673482
v -5.280065 10.966671 9.673482
v -5.841861 10.966671 9.673482
v -5.330964 13.990593 8.142194
v -5.790961 13.990593 8.142194
v -5.790961 13.990593 9.642045
v -5.330964 13.990593 9.642045
v -5.790961 10.966671 9.642045
v -5.330964 10.966671 9.642045
v -5.790961 10.966671 8.142194
v -5.330964 10.966671 8.142194
v -5.330964 13.990593 8.134119
v -5.790961 13.990593 8.134119
v -5.790961 13.990593 9.642045
v -5.330964 13.990593 9.642045
v -5.790961 10.966671 9.642045
v -5.330964 10.966671 9.642045
v -5.790961 10.966671 8.134119
v -5.330964 10.966671 8.134119
v -5.330964 13.945934 8.134119
v -5.790961 13.945934 8.134119
v -5.790961 13.968264 9.612535
v -5.330964 13.968264 9.612535
v -5.790961 10.989000 9.612535
v -5.330964 10.989000 9.612535
v -5.790961 11.011330 8.134119
v -5.330964 11.011330 8.134119
vt 0.375000 0.000000
vt 0.625000 0.000000
vt 0.375000 0.250000
vt 0.625000 0.250000
vt 0.375000 0.500000
vt 0.625000 0.500000
vt 0.375000 0.750000
vt 0.625000 0.750000
vt 0.375000 1.000000
vt 0.625000 1.000000
vt 0.875000 0.000000
vt 0.875000 0.250000
vt 0.125000 0.000000
vt 0.125000 0.250000
vt 0.375000 0.250000
vt 0.625000 0.250000
vt 0.625000 0.500000
vt 0.375000 0.500000
vt 0.625000 0.750000
vt 0.375000 0.750000
vt 0.625000 1.000000
vt 0.375000 1.000000
vt 0.375000 0.250000
vt 0.625000 0.250000
vt 0.625000 0.500000
vt 0.375000 0.500000
vt 0.625000 0.750000
vt 0.375000 0.750000
vt 0.625000 1.000000
vt 0.375000 1.000000
vt 0.375000 0.250000
vt 0.625000 0.250000
vt 0.625000 0.500000
vt 0.375000 0.500000
vt 0.625000 0.750000
vt 0.375000 0.750000
vt 0.625000 1.000000
vt 0.375000 1.000000
vn 0.000000 0.000000 -1.000000
vn 0.000000 0.000000 -1.000000
vn 0.000000 0.000000 -1.000000
vn 0.000000 0.000000 -1.000000
vn 0.000000 0.999886 -0.015101
vn 0.000000 0.999886 -0.015101
vn 0.000000 0.999886 -0.015101
vn 0.000000 0.999886 -0.015101
vn 0.000000 0.000000 1.000000
vn 0.000000 0.000000 1.000000
vn 0.000000 0.000000 1.000000
vn 0.000000 0.000000 1.000000
vn 0.000000 -0.999886 -0.015102
vn 0.000000 -0.999886 -0.015102
vn 0.000000 -0.999886 -0.015102
vn 0.000000 -0.999886 -0.015102
vn -1.000000 0.000000 0.000000
vn -1.000000 0.000000 0.000000
vn -1.000000 0.000000 0.000000
vn -1.000000 0.000000 0.000000
vn 1.000000 0.000000 0.000000
vn 1.000000 0.000000 0.000000
vn 1.000000 0.000000 0.000000
vn 1.000000 0.000000 0.000000
vn 0.000000 1.000000 0.000001
vn 0.000000 1.000000 0.000001
vn 0.000000 1.000000 0.000001
vn 0.000000 1.000000 0.000001
vn 0.000000 1.000000 0.000000
vn 0.000000 1.000000 0.000000
vn 0.000000 1.000000 0.000000
vn 0.000000 1.000000 0.000000
vn 0.000000 1.000000 0.000000
vn 0.000000 1.000000 0.000000
vn 0.000000 1.000000 0.000000
vn 0.000000 1.000000 0.000000
vn 0.525479 0.000000 0.850807
vn 0.525479 0.000000 0.850807
vn 0.525479 0.000000 0.850807
vn 0.525479 0.000000 0.850807
vn -0.525479 0.000000 0.850807
vn -0.525479 0.000000 0.850807
vn -0.525479 0.000000 0.850807
vn -0.525479 0.000000 0.850807
vn 0.000000 -1.000000 0.000000
vn 0.000000 -1.000000 0.000000
vn 0.000000 -1.000000 0.000000
vn 0.000000 -1.000000 0.000000
vn 0.000000 -1.000000 -0.000004
vn 0.000000 -1.000000 -0.000004
vn 0.000000 -1.000000 -0.000004
vn 0.000000 -1.000000 -0.000004
vn 0.000000 -1.000000 0.000000
vn 0.000000 -1.000000 0.000000
vn 0.000000 -1.000000 0.000000
vn 0.000000 -1.000000 0.000000
vn 0.000000 -1.000000 0.000000
vn 0.000000 -1.000000 0.000000
vn 0.000000 -1.000000 0.000000
vn 0.000000 -1.000000 0.000000
vn 0.000000 0.000000 0.000000
vn 0.000000 0.000000 0.000000
vn 0.000000 0.000000 0.000000
vn 0.000000 0.000000 0.000000
vn 0.000000 0.000000 0.000000
vn 0.000000 0.000000 0.000000
vn 0.000000 0.000000 0.000000
vn 0.000000 0.000000 0.000000
vn 0.000000 0.000000 0.000000
vn 0.000000 0.000000 0.000000
vn 0.000000 0.000000 0.000000
vn 0.000000 0.000000 0.000000
vn 0.000000 0.000000 0.000000
vn 0.000000 0.000000 0.000000
vn 0.000000 0.000000 0.000000
vn 0.000000 0.000000 0.000000
vn 0.000000 0.000000 0.000000
vn 0.000000 0.000000 0.000000
vn 0.000000 0.000000 0.000000
vn 0.000000 0.000000 0.000000
vn 0.000000 1.000000 0.000000
vn 0.000000 1.000000 0.000000
vn 0.000000 1.000000 0.000000
vn 0.000000 1.000000 0.000000
vn 0.000000 0.000000 0.000000
vn 0.000000 0.000000 0.000000
vn 0.000000 0.000000 0.000000
vn 0.000000 0.000000 0.000000
vn 0.000000 0.000000 1.000000
vn 0.000000 0.000000 1.000000
vn 0.000000 0.000000 1.000000
vn 0.000000 0.000000 1.000000
vn 1.000000 0.000000 0.000000
vn 1.000000 0.000000 0.000000
vn 1.000000 0.000000 0.000000
vn 1.000000 0.000000 0.000000
vn -1.000000 0.000000 0.000000
vn -1.000000 0.000000 0.000000
vn -1.000000 0.000000 0.000000
vn -1.000000 0.000000 0.000000
vn 1.000000 -0.000002 0.000000
vn 1.000000 -0.000002 0.000000
vn -1.000000 0.000000 0.000000
vn -1.000000 0.000000 0.000000
vn 1.000000 -0.000005 0.000000
vn 1.000000 -0.000005 0.000000
vn 0.000000 0.000000 1.000000
vn 0.000000 0.000000 1.000000
vn 0.000000 0.000000 1.000000
vn 0.000000 0.000000 1.000000
vn -1.000000 0.000000 0.000000
vn -1.000000 0.000000 0.000000
s off
g Books_top_shelf book16
usemtl initialShadingGroup
f 1656/2841/4028 1657/2842/4029 1659/2844/4030 1658/2843/4031
f 1680/2871/4032 1681/2872/4033 1682/2873/4034 1683/2874/4035
f 1683/2874/4036 1682/2873/4037 1684/2875/4038 1685/2876/4039
f 1685/2876/4040 1684/2875/4041 1686/2877/4042 1687/2878/4043
f 1657/2842/4044 1663/2851/4045 1661/2852/4046 1659/2844/4047
f 1662/2853/4048 1656/2841/4049 1658/2843/4050 1660/2854/4051
f 1658/2843/4052 1659/2844/4053 1665/2856/4054 1664/2855/4055
f 1659/2844/4056 1661/2846/4057 1666/2857/4058 1665/2856/4059
f 1660/2845/4060 1658/2843/4061 1664/2855/4062 1667/2858/4063
f 1661/2846/4064 1663/2848/4065 1668/2859/4066 1666/2857/4067
f 1662/2847/4068 1660/2845/4069 1667/2858/4070 1669/2860/4071
f 1663/2848/4072 1657/2850/4073 1670/2861/4074 1668/2859/4075
f 1657/2850/4076 1656/2849/4077 1671/2862/4078 1670/2861/4079
f 1656/2849/4080 1662/2847/4081 1669/2860/4082 1671/2862/4083
f 1664/2855/4084 1665/2856/4085 1673/2864/4086 1672/2863/4087
f 1665/2856/4088 1666/2857/4089 1674/2865/4090 1673/2864/4091
f 1667/2858/4092 1664/2855/4093 1672/2863/4094 1675/2866/4095
f 1666/2857/4096 1668/2859/4097 1676/2867/4098 1674/2865/4099
f 1669/2860/4100 1667/2858/4101 1675/2866/4102 1677/2868/4103
f 1668/2859/4104 1670/2861/4105 1678/2869/4106 1676/2867/4107
f 1670/2861/4108 1671/2862/4109 1679/2870/4110 1678/2869/4111
f 1671/2862/4112 1669/2860/4113 1677/2868/4114 1679/2870/4115
f 1672/2863/4116 1673/2864/4117 1681/2872/4118 1680/2871/4119
s 1
f 1673/2864/4120 1674/2865/4121 1682/2873/4122 1681/2872/4123
s 2
f 1675/2866/4124 1672/2863/4125 1680/2871/4126 1683/2874/4127
s 1
f 1674/2865/4121 1676/2867/4128 1684/2875/4129 1682/2873/4122
s 2
f 1677/2868/4130 1675/2866/4124 1683/2874/4127 1685/2876/4131
s 1
f 1676/2867/4128 1678/2869/4132 1686/2877/4133 1684/2875/4129
s off
f 1678/2869/4134 1679/2870/4135 1687/2878/4136 1686/2877/4137
s 2
f 1679/2870/4138 1677/2868/4130 1685/2876/4131 1687/2878/4139
g default
v -5.913229 10.966671 7.600402
v -6.363294 10.966671 7.600402
v -5.913229 13.616437 7.600402
v -6.363294 13.616437 7.600402
v -5.913229 13.616437 9.273883
v -6.363294 13.616437 9.273883
v -5.913229 10.966671 9.273883
v -6.363294 10.966671 9.273883
v -5.954005 13.616437 7.742595
v -6.322517 13.616437 7.742595
v -6.322517 13.616437 9.242446
v -5.954005 13.616437 9.242446
v -6.322517 10.966671 9.242446
v -5.954005 10.966671 9.242446
v -6.322517 10.966671 7.742595
v -5.954005 10.966671 7.742595
v -5.954005 13.616437 7.734520
v -6.322517 13.616437 7.734520
v -6.322517 13.616437 9.242446
v -5.954005 13.616437 9.242446
v -6.322517 10.966671 9.242446
v -5.954005 10.966671 9.242446
v -6.322517 10.966671 7.734520
v -5.954005 10.966671 7.734520
v -5.954005 13.577304 7.734520
v -6.322517 13.577304 7.734520
v -6.322517 13.596870 9.212936
v -5.954005 13.596870 9.212936
v -6.322517 10.986238 9.212936
v -5.954005 10.986238 9.212936
v -6.322517 11.005804 7.734520
v -5.954005 11.005804 7.734520
vt 0.375000 0.000000
vt 0.625000 0.000000
vt 0.375000 0.250000
vt 0.625000 0.250000
vt 0.375000 0.500000
vt 0.625000 0.500000
vt 0.375000 0.750000
vt 0.625000 0.750000
vt 0.375000 1.000000
vt 0.625000 1.000000
vt 0.875000 0.000000
vt 0.875000 0.250000
vt 0.125000 0.000000
vt 0.125000 0.250000
vt 0.375000 0.250000
vt 0.625000 0.250000
vt 0.625000 0.500000
vt 0.375000 0.500000
vt 0.625000 0.750000
vt 0.375000 0.750000
vt 0.625000 1.000000
vt 0.375000 1.000000
vt 0.375000 0.250000
vt 0.625000 0.250000
vt 0.625000 0.500000
vt 0.375000 0.500000
vt 0.625000 0.750000
vt 0.375000 0.750000
vt 0.625000 1.000000
vt 0.375000 1.000000
vt 0.375000 0.250000
vt 0.625000 0.250000
vt 0.625000 0.500000
vt 0.375000 0.500000
vt 0.625000 0.750000
vt 0.375000 0.750000
vt 0.625000 1.000000
vt 0.375000 1.000000
vn 0.000000 0.000000 -1.000000
vn 0.000000 0.000000 -1.000000
vn 0.000000 0.000000 -1.000000
vn 0.000000 0.000000 -1.000000
vn 0.000000 0.999913 -0.013234
vn 0.000000 0.999913 -0.013234
vn 0.000000 0.999913 -0.013234
vn 0.000000 0.999913 -0.013234
vn 0.000000 0.000000 1.000000
vn 0.000000 0.000000 1.000000
vn 0.000000 0.000000 1.000000
vn 0.000000 0.000000 1.000000
vn 0.000000 -0.999913 -0.013234
vn 0.000000 -0.999913 -0.013234
vn 0.000000 -0.999913 -0.013234
vn 0.000000 -0.999913 -0.013234
vn -1.000000 0.000000 0.000000
vn -1.000000 0.000000 0.000000
vn -1.000000 0.000000 0.000000
vn -1.000000 0.000000 0.000000
vn 1.000000 0.000000 0.000000
vn 1.000000 0.000000 0.000000
vn 1.000000 0.000000 0.000000
vn 1.000000 0.000000 0.000000
vn 0.000000 1.000000 -0.000011
vn 0.000000 1.000000 -0.000011
vn 0.000000 1.000000 -0.000011
vn 0.000000 1.000000 -0.000011
vn 0.000000 1.000000 0.000000
vn 0.000000 1.000000 0.000000
vn 0.000000 1.000000 0.000000
vn 0.000000 1.000000 0.000000
vn 0.000000 1.000000 0.000000
vn 0.000000 1.000000 0.000000
vn 0.000000 1.000000 0.000000
vn 0.000000 1.000000 0.000000
vn 0.610572 0.000000 0.791961
vn 0.610572 0.000000 0.791961
vn 0.610572 0.000000 0.791961
vn 0.610572 0.000000 0.791961
vn -0.610581 0.000000 0.791954
vn -0.610581 0.000000 0.791954
vn -0.610581 0.000000 0.791954
vn -0.610581 0.000000 0.791954
vn 0.000000 -1.000000 0.000000
vn 0.000000 -1.000000 0.000000
vn 0.000000 -1.000000 0.000000
vn 0.000000 -1.000000 0.000000
vn 0.000000 -1.000000 -0.000001
vn 0.000000 -1.000000 -0.000001
vn 0.000000 -1.000000 -0.000001
vn 0.000000 -1.000000 -0.000001
vn 0.000000 -1.000000 0.000000
vn 0.000000 -1.000000 0.000000
vn 0.000000 -1.000000 0.000000
vn 0.000000 -1.000000 0.000000
vn 0.000000 -1.000000 0.000000
vn 0.000000 -1.000000 0.000000
vn 0.000000 -1.000000 0.000000
vn 0.000000 -1.000000 0.000000
vn 0.000000 1.000000 0.000000
vn 0.000000 0.000000 0.000000
vn 0.000000 0.000000 0.000000
vn 0.000000 0.000000 0.000000
vn 0.000000 -0.000000 0.000000
vn 0.000000 -1.000000 0.000000
vn 0.000000 -0.000000 0.000000
vn 0.000000 -0.000000 0.000000
vn 0.000000 0.000000 0.000000
vn 0.000000 0.000000 0.000000
vn 0.000000 0.000000 0.000000
vn 0.000000 0.000000 0.000000
vn 0.000000 0.000000 0.000000
vn 0.000000 0.000000 0.000000
vn 0.000000 0.000000 0.000000
vn 0.000000 0.000000 0.000000
vn 0.000000 -0.000000 0.000000
vn 0.000000 -1.000000 0.000000
vn 0.000000 -0.000000 0.000000
vn 0.000000 -0.000000 0.000000
vn 0.000000 1.000000 0.000000
vn 0.000000 1.000000 0.000000
vn 0.000000 1.000000 0.000000
vn 0.000000 1.000000 0.000000
vn 0.000000 1.000000 0.000000
vn 0.000000 0.000000 0.000000
vn 0.000000 0.000000 0.000000
vn 0.000000 0.000000 0.000000
vn 0.000000 0.000000 1.000000
vn 0.000000 0.000000 1.000000
vn 0.000000 0.000000 1.000000
vn 0.000000 0.000000 1.000000
vn 1.000000 -0.000022 0.000000
vn 1.000000 -0.000005 0.000000
vn 1.000000 -0.000009 0.000000
vn 1.000000 -0.000022 0.000000
vn -1.000000 -0.000001 0.000000
vn -1.000000 -0.000005 0.000000
vn -1.000000 -0.000005 0.000000
vn -1.000000 -0.000002 0.000000
vn 1.000000 0.000004 0.000000
vn 1.000000 0.000006 0.000000
vn -1.000000 0.000000 0.000000
vn -1.000000 0.000000 0.000000
vn 1.000000 0.000014 0.000000
vn 1.000000 0.000014 0.000000
vn 0.000000 0.000000 1.000000
vn 0.000000 0.000000 1.000000
vn 0.000000 0.000000 1.000000
vn 0.000000 0.000000 1.000000
vn -1.000000 0.000000 0.000000
vn -1.000000 0.000000 0.000000
s off
g Books_top_shelf book17
usemtl initialShadingGroup
f 1688/2879/4140 1689/2880/4141 1691/2882/4142 1690/2881/4143
f 1712/2909/4144 1713/2910/4145 1714/2911/4146 1715/2912/4147
f 1715/2912/4148 1714/2911/4149 1716/2913/4150 1717/2914/4151
f 1717/2914/4152 1716/2913/4153 1718/2915/4154 1719/2916/4155
f 1689/2880/4156 1695/2889/4157 1693/2890/4158 1691/2882/4159
f 1694/2891/4160 1688/2879/4161 1690/2881/4162 1692/2892/4163
f 1690/2881/4164 1691/2882/4165 1697/2894/4166 1696/2893/4167
f 1691/2882/4168 1693/2884/4169 1698/2895/4170 1697/2894/4171
f 1692/2883/4172 1690/2881/4173 1696/2893/4174 1699/2896/4175
f 1693/2884/4176 1695/2886/4177 1700/2897/4178 1698/2895/4179
f 1694/2885/4180 1692/2883/4181 1699/2896/4182 1701/2898/4183
f 1695/2886/4184 1689/2888/4185 1702/2899/4186 1700/2897/4187
f 1689/2888/4188 1688/2887/4189 1703/2900/4190 1702/2899/4191
f 1688/2887/4192 1694/2885/4193 1701/2898/4194 1703/2900/4195
f 1696/2893/4196 1697/2894/4197 1705/2902/4198 1704/2901/4199
f 1697/2894/4200 1698/2895/4201 1706/2903/4202 1705/2902/4203
f 1699/2896/4204 1696/2893/4205 1704/2901/4206 1707/2904/4207
f 1698/2895/4208 1700/2897/4209 1708/2905/4210 1706/2903/4211
f 1701/2898/4212 1699/2896/4213 1707/2904/4214 1709/2906/4215
f 1700/2897/4216 1702/2899/4217 1710/2907/4218 1708/2905/4219
f 1702/2899/4220 1703/2900/4221 1711/2908/4222 1710/2907/4223
f 1703/2900/4224 1701/2898/4225 1709/2906/4226 1711/2908/4227
f 1704/2901/4228 1705/2902/4229 1713/2910/4230 1712/2909/4231
s 1
f 1705/2902/4232 1706/2903/4233 1714/2911/4234 1713/2910/4235
s 2
f 1707/2904/4236 1704/2901/4237 1712/2909/4238 1715/2912/4239
s 1
f 1706/2903/4233 1708/2905/4240 1716/2913/4241 1714/2911/4234
s 2
f 1709/2906/4242 1707/2904/4236 1715/2912/4239 1717/2914/4243
s 1
f 1708/2905/4240 1710/2907/4244 1718/2915/4245 1716/2913/4241
s off
f 1710/2907/4246 1711/2908/4247 1719/2916/4248 1718/2915/4249
s 2
f 1711/2908/4250 1709/2906/4242 1717/2914/4243 1719/2916/4251
g default
v -6.480571 10.966671 8.028936
v -6.882537 10.966671 8.028936
v -6.480571 13.697157 8.028936
v -6.882537 13.697157 8.028936
v -6.480571 13.697157 9.540026
v -6.882537 13.697157 9.540026
v -6.480571 10.966671 9.540026
v -6.882537 10.966671 9.540026
v -6.516990 13.697157 8.157331
v -6.846118 13.697157 8.157331
v -6.846118 13.697157 9.511640
v -6.516990 13.697157 9.511640
v -6.846118 10.966671 9.511640
v -6.516990 10.966671 9.511640
v -6.846118 10.966671 8.157331
v -6.516990 10.966671 8.157331
v -6.516990 13.697157 8.150040
v -6.846118 13.697157 8.150040
v -6.846118 13.697157 9.511640
v -6.516990 13.697157 9.511640
v -6.846118 10.966671 9.511640
v -6.516990 10.966671 9.511640
v -6.846118 10.966671 8.150040
v -6.516990 10.966671 8.150040
v -6.516990 13.656832 8.150040
v -6.846118 13.656832 8.150040
v -6.846118 13.676994 9.484993
v -6.516990 13.676994 9.484993
v -6.846118 10.986834 9.484993
v -6.516990 10.986834 9.484993
v -6.846118 11.006996 8.150040
v -6.516990 11.006996 8.150040
vt 0.375000 0.000000
vt 0.625000 0.000000
vt 0.375000 0.250000
vt 0.625000 0.250000
vt 0.375000 0.500000
vt 0.625000 0.500000
vt 0.375000 0.750000
vt 0.625000 0.750000
vt 0.375000 1.000000
vt 0.625000 1.000000
vt 0.875000 0.000000
vt 0.875000 0.250000
vt 0.125000 0.000000
vt 0.125000 0.250000
vt 0.375000 0.250000
vt 0.625000 0.250000
vt 0.625000 0.500000
vt 0.375000 0.500000
vt 0.625000 0.750000
vt 0.375000 0.750000
vt 0.625000 1.000000
vt 0.375000 1.000000
vt 0.375000 0.250000
vt 0.625000 0.250000
vt 0.625000 0.500000
vt 0.375000 0.500000
vt 0.625000 0.750000
vt 0.375000 0.750000
vt 0.625000 1.000000
vt 0.375000 1.000000
vt 0.375000 0.250000
vt 0.625000 0.250000
vt 0.625000 0.500000
vt 0.375000 0.500000
vt 0.625000 0.750000
vt 0.375000 0.750000
vt 0.625000 1.000000
vt 0.375000 1.000000
vn 0.000000 0.000000 -1.000000
vn 0.000000 0.000000 -1.000000
vn 0.000000 0.000000 -1.000000
vn 0.000000 0.000000 -1.000000
vn 0.000000 0.999886 -0.015102
vn 0.000000 0.999886 -0.015102
vn 0.000000 0.999886 -0.015102
vn 0.000000 0.999886 -0.015102
vn 0.000000 0.000000 1.000000
vn 0.000000 0.000000 1.000000
vn 0.000000 0.000000 1.000000
vn 0.000000 0.000000 1.000000
vn 0.000000 -0.999886 -0.015102
vn 0.000000 -0.999886 -0.015102
vn 0.000000 -0.999886 -0.015102
vn 0.000000 -0.999886 -0.015102
vn -1.000000 0.000000 0.000000
vn -1.000000 0.000000 0.000000
vn -1.000000 0.000000 0.000000
vn -1.000000 0.000000 0.000000
vn 1.000000 0.000000 0.000000
vn 1.000000 0.000000 0.000000
vn 1.000000 0.000000 0.000000
vn 1.000000 0.000000 0.000000
vn 0.000000 1.000000 -0.000004
vn 0.000000 1.000000 -0.000004
vn 0.000000 1.000000 -0.000004
vn 0.000000 1.000000 -0.000004
vn 0.000000 1.000000 0.000000
vn 0.000000 1.000000 0.000000
vn 0.000000 1.000000 0.000000
vn 0.000000 1.000000 0.000000
vn 0.000000 1.000000 0.000000
vn 0.000000 1.000000 0.000000
vn 0.000000 1.000000 0.000000
vn 0.000000 1.000000 0.000000
vn 0.614759 0.000000 0.788715
vn 0.614759 0.000000 0.788715
vn 0.614759 0.000000 0.788715
vn 0.614759 0.000000 0.788715
vn -0.614764 0.000000 0.788711
vn -0.614764 0.000000 0.788711
vn -0.614764 0.000000 0.788711
vn -0.614764 0.000000 0.788711
vn 0.000000 -1.000000 0.000000
vn 0.000000 -1.000000 0.000000
vn 0.000000 -1.000000 0.000000
vn 0.000000 -1.000000 0.000000
vn 0.000000 -1.000000 -0.000001
vn 0.000000 -1.000000 -0.000001
vn 0.000000 -1.000000 -0.000001
vn 0.000000 -1.000000 -0.000001
vn 0.000000 -1.000000 0.000000
vn 0.000000 -1.000000 0.000000
vn 0.000000 -1.000000 0.000000
vn 0.000000 -1.000000 0.000000
vn 0.000000 -1.000000 0.000000
vn 0.000000 -1.000000 0.000000
vn 0.000000 -1.000000 0.000000
vn 0.000000 -1.000000 0.000000
vn 0.000000 0.000000 0.000000
vn 0.000000 0.000000 0.000000
vn 0.000000 0.000000 0.000000
vn 0.000000 0.000000 0.000000
vn 0.000000 0.000000 0.000000
vn 0.000000 0.000000 0.000000
vn 0.000000 0.000000 0.000000
vn 0.000000 0.000000 0.000000
vn 0.000000 0.000000 0.000000
vn 0.000000 0.000000 0.000000
vn 0.000000 0.000000 0.000000
vn 0.000000 0.000000 0.000000
vn 0.000000 0.000000 0.000000
vn 0.000000 0.000000 0.000000
vn 0.000000 0.000000 0.000000
vn 0.000000 0.000000 0.000000
vn 0.000000 0.000000 0.000000
vn 0.000000 0.000000 0.000000
vn 0.000000 0.000000 0.000000
vn 0.000000 0.000000 0.000000
vn 0.000000 1.000000 0.000000
vn 0.000000 1.000000 0.000000
vn 0.000000 1.000000 0.000000
vn 0.000000 1.000000 0.000000
vn 0.000000 -0.000000 0.000000
vn 0.000000 -0.000000 0.000000
vn 0.000000 -0.000000 0.000000
vn 0.000000 -0.000000 0.000000
vn 0.000000 0.000000 1.000000
vn 0.000000 0.000000 1.000000
vn 0.000000 0.000000 1.000000
vn 0.000000 0.000000 1.000000
vn 1.000000 0.000000 0.000000
vn 1.000000 0.000000 0.000000
vn 1.000000 0.000000 0.000000
vn 1.000000 0.000000 0.000000
vn -1.000000 0.000001 0.000000
vn -1.000000 0.000005 0.000000
vn -1.000000 0.000005 0.000000
vn -1.000000 0.000002 0.000000
vn 1.000000 0.000002 0.000000
vn 1.000000 0.000003 0.000000
vn -1.000000 0.000000 0.000000
vn -1.000000 0.000000 0.000000
vn 1.000000 0.000009 0.000000
vn 1.000000 0.000009 0.000000
vn 0.000000 0.000000 1.000000
vn 0.000000 0.000000 1.000000
vn 0.000000 0.000000 1.000000
vn 0.000000 0.000000 1.000000
vn -1.000000 0.000000 0.000000
vn -1.000000 0.000000 0.000000
s off
g Books_top_shelf book18
usemtl initialShadingGroup
f 1720/2917/4252 1721/2918/4253 1723/2920/4254 1722/2919/4255
f 1744/2947/4256 1745/2948/4257 1746/2949/4258 1747/2950/4259
f 1747/2950/4260 1746/2949/4261 1748/2951/4262 1749/2952/4263
f 1749/2952/4264 1748/2951/4265 1750/2953/4266 1751/2954/4267
f 1721/2918/4268 1727/2927/4269 1725/2928/4270 1723/2920/4271
f 1726/2929/4272 1720/2917/4273 1722/2919/4274 1724/2930/4275
f 1722/2919/4276 1723/2920/4277 1729/2932/4278 1728/2931/4279
f 1723/2920/4280 1725/2922/4281 1730/2933/4282 1729/2932/4283
f 1724/2921/4284 1722/2919/4285 1728/2931/4286 1731/2934/4287
f 1725/2922/4288 1727/2924/4289 1732/2935/4290 1730/2933/4291
f 1726/2923/4292 1724/2921/4293 1731/2934/4294 1733/2936/4295
f 1727/2924/4296 1721/2926/4297 1734/2937/4298 1732/2935/4299
f 1721/2926/4300 1720/2925/4301 1735/2938/4302 1734/2937/4303
f 1720/2925/4304 1726/2923/4305 1733/2936/4306 1735/2938/4307
f 1728/2931/4308 1729/2932/4309 1737/2940/4310 1736/2939/4311
f 1729/2932/4312 1730/2933/4313 1738/2941/4314 1737/2940/4315
f 1731/2934/4316 1728/2931/4317 1736/2939/4318 1739/2942/4319
f 1730/2933/4320 1732/2935/4321 1740/2943/4322 1738/2941/4323
f 1733/2936/4324 1731/2934/4325 1739/2942/4326 1741/2944/4327
f 1732/2935/4328 1734/2937/4329 1742/2945/4330 1740/2943/4331
f 1734/2937/4332 1735/2938/4333 1743/2946/4334 1742/2945/4335
f 1735/2938/4336 1733/2936/4337 1741/2944/4338 1743/2946/4339
f 1736/2939/4340 1737/2940/4341 1745/2948/4342 1744/2947/4343
s 1
f 1737/2940/4344 1738/2941/4345 1746/2949/4346 1745/2948/4347
s 2
f 1739/2942/4348 1736/2939/4349 1744/2947/4350 1747/2950/4351
s 1
f 1738/2941/4345 1740/2943/4352 1748/2951/4353 1746/2949/4346
s 2
f 1741/2944/4354 1739/2942/4348 1747/2950/4351 1749/2952/4355
s 1
f 1740/2943/4352 1742/2945/4356 1750/2953/4357 1748/2951/4353
s off
f 1742/2945/4358 1743/2946/4359 1751/2954/4360 1750/2953/4361
s 2
f 1743/2946/4362 1741/2944/4354 1749/2952/4355 1751/2954/4363
g default
v -6.954667 10.966671 8.000001
v -7.516463 10.966671 8.000001
v -6.954667 13.839958 8.000001
v -7.516463 13.839958 8.000001
v -6.954667 13.839958 9.673482
v -7.516463 13.839958 9.673482
v -6.954667 10.966671 9.673482
v -7.516463 10.966671 9.673482
v -7.005566 13.839958 8.142194
v -7.465563 13.839958 8.142194
v -7.465563 13.839958 9.642045
v -7.005566 13.839958 9.642045
v -7.465563 10.966671 9.642045
v -7.005566 10.966671 9.642045
v -7.465563 10.966671 8.142194
v -7.005566 10.966671 8.142194
v -7.005566 13.839958 8.134119
v -7.465563 13.839958 8.134119
v -7.465563 13.839958 9.642045
v -7.005566 13.839958 9.642045
v -7.465563 10.966671 9.642045
v -7.005566 10.966671 9.642045
v -7.465563 10.966671 8.134119
v -7.005566 10.966671 8.134119
v -7.005566 13.797524 8.134119
v -7.465563 13.797524 8.134119
v -7.465563 13.818742 9.612535
v -7.005566 13.818742 9.612535
v -7.465563 10.987888 9.612535
v -7.005566 10.987888 9.612535
v -7.465563 11.009105 8.134119
v -7.005566 11.009105 8.134119
vt 0.375000 0.000000
vt 0.625000 0.000000
vt 0.375000 0.250000
vt 0.625000 0.250000
vt 0.375000 0.500000
vt 0.625000 0.500000
vt 0.375000 0.750000
vt 0.625000 0.750000
vt 0.375000 1.000000
vt 0.625000 1.000000
vt 0.875000 0.000000
vt 0.875000 0.250000
vt 0.125000 0.000000
vt 0.125000 0.250000
vt 0.375000 0.250000
vt 0.625000 0.250000
vt 0.625000 0.500000
vt 0.375000 0.500000
vt 0.625000 0.750000
vt 0.375000 0.750000
vt 0.625000 1.000000
vt 0.375000 1.000000
vt 0.375000 0.250000
vt 0.625000 0.250000
vt 0.625000 0.500000
vt 0.375000 0.500000
vt 0.625000 0.750000
vt 0.375000 0.750000
vt 0.625000 1.000000
vt 0.375000 1.000000
vt 0.375000 0.250000
vt 0.625000 0.250000
vt 0.625000 0.500000
vt 0.375000 0.500000
vt 0.625000 0.750000
vt 0.375000 0.750000
vt 0.625000 1.000000
vt 0.375000 1.000000
vn 0.000000 0.000000 -1.000000
vn 0.000000 0.000000 -1.000000
vn 0.000000 0.000000 -1.000000
vn 0.000000 0.000000 -1.000000
vn 0.000000 0.999897 -0.014350
vn 0.000000 0.999897 -0.014350
vn 0.000000 0.999897 -0.014350
vn 0.000000 0.999897 -0.014350
vn 0.000000 0.000000 1.000000
vn 0.000000 0.000000 1.000000
vn 0.000000 0.000000 1.000000
vn 0.000000 0.000000 1.000000
vn 0.000000 -0.999897 -0.014349
vn 0.000000 -0.999897 -0.014349
vn 0.000000 -0.999897 -0.014349
vn 0.000000 -0.999897 -0.014349
vn -1.000000 0.000000 0.000000
vn -1.000000 0.000000 0.000000
vn -1.000000 0.000000 0.000000
vn -1.000000 0.000000 0.000000
vn 1.000000 0.000000 0.000000
vn 1.000000 0.000000 0.000000
vn 1.000000 0.000000 0.000000
vn 1.000000 0.000000 0.000000
vn 0.000000 1.000000 -0.000004
vn 0.000000 1.000000 -0.000004
vn 0.000000 1.000000 -0.000004
vn 0.000000 1.000000 -0.000004
vn 0.000000 1.000000 0.000000
vn 0.000000 1.000000 0.000000
vn 0.000000 1.000000 0.000000
vn 0.000000 1.000000 0.000000
vn 0.000000 1.000000 0.000000
vn 0.000000 1.000000 0.000000
vn 0.000000 1.000000 0.000000
vn 0.000000 1.000000 0.000000
vn 0.525477 0.000000 0.850808
vn 0.525477 0.000000 0.850808
vn 0.525477 0.000000 0.850808
vn 0.525477 0.000000 0.850808
vn -0.525480 0.000000 0.850806
vn -0.525480 0.000000 0.850806
vn -0.525480 0.000000 0.850806
vn -0.525480 0.000000 0.850806
vn 0.000000 -1.000000 0.000000
vn 0.000000 -1.000000 0.000000
vn 0.000000 -1.000000 0.000000
vn 0.000000 -1.000000 0.000000
vn 0.000000 -1.000000 -0.000004
vn 0.000000 -1.000000 -0.000004
vn 0.000000 -1.000000 -0.000004
vn 0.000000 -1.000000 -0.000004
vn 0.000000 -1.000000 0.000000
vn 0.000000 -1.000000 0.000000
vn 0.000000 -1.000000 0.000000
vn 0.000000 -1.000000 0.000000
vn 0.000000 -1.000000 0.000000
vn 0.000000 -1.000000 0.000000
vn 0.000000 -1.000000 0.000000
vn 0.000000 -1.000000 0.000000
vn 0.000000 -0.000000 0.000000
vn 0.000000 -0.000000 0.000000
vn 0.000000 -0.000000 0.000000
vn 0.000000 -0.000000 0.000000
vn 0.000000 0.000000 0.000000
vn 0.000000 0.000000 0.000000
vn 0.000000 0.000000 0.000000
vn 0.000000 0.000000 0.000000
vn 0.000000 0.000000 0.000000
vn 0.000000 0.000000 0.000000
vn 0.000000 0.000000 0.000000
vn 0.000000 0.000000 0.000000
vn 0.000000 0.000000 0.000000
vn 0.000000 0.000000 0.000000
vn 0.000000 0.000000 0.000000
vn 0.000000 0.000000 0.000000
vn 0.000000 0.000000 0.000000
vn 0.000000 0.000000 0.000000
vn 0.000000 0.000000 0.000000
vn 0.000000 0.000000 0.000000
vn 0.000000 1.000000 0.000000
vn 0.000000 1.000000 0.000000
vn 0.000000 1.000000 0.000000
vn 0.000000 1.000000 0.000000
vn 0.000000 0.000000 0.000000
vn 0.000000 0.000000 0.000000
vn 0.000000 0.000000 0.000000
vn 0.000000 0.000000 0.000000
vn 0.000000 0.000000 1.000000
vn 0.000000 0.000000 1.000000
vn 0.000000 0.000000 1.000000
vn 0.000000 0.000000 1.000000
vn 1.000000 0.000000 0.000000
vn 1.000000 0.000000 0.000000
vn 1.000000 0.000000 0.000000
vn 1.000000 0.000000 0.000000
vn -1.000000 0.000001 0.000000
vn -1.000000 0.000004 0.000000
vn -1.000000 0.000004 0.000000
vn -1.000000 0.000002 0.000000
vn 1.000000 -0.000000 0.000000
vn 1.000000 -0.000001 0.000000
vn -1.000000 0.000000 0.000000
vn -1.000000 0.000000 0.000000
vn 1.000000 -0.000002 0.000000
vn 1.000000 -0.000002 0.000000
vn 0.000000 0.000000 1.000000
vn 0.000000 0.000000 1.000000
vn 0.000000 0.000000 1.000000
vn 0.000000 0.000000 1.000000
vn -1.000000 0.000000 0.000000
vn -1.000000 0.000000 0.000000
s off
g Books_top_shelf book19
usemtl initialShadingGroup
f 1752/2955/4364 1753/2956/4365 1755/2958/4366 1754/2957/4367
f 1776/2985/4368 1777/2986/4369 1778/2987/4370 1779/2988/4371
f 1779/2988/4372 1778/2987/4373 1780/2989/4374 1781/2990/4375
f 1781/2990/4376 1780/2989/4377 1782/2991/4378 1783/2992/4379
f 1753/2956/4380 1759/2965/4381 1757/2966/4382 1755/2958/4383
f 1758/2967/4384 1752/2955/4385 1754/2957/4386 1756/2968/4387
f 1754/2957/4388 1755/2958/4389 1761/2970/4390 1760/2969/4391
f 1755/2958/4392 1757/2960/4393 1762/2971/4394 1761/2970/4395
f 1756/2959/4396 1754/2957/4397 1760/2969/4398 1763/2972/4399
f 1757/2960/4400 1759/2962/4401 1764/2973/4402 1762/2971/4403
f 1758/2961/4404 1756/2959/4405 1763/2972/4406 1765/2974/4407
f 1759/2962/4408 1753/2964/4409 1766/2975/4410 1764/2973/4411
f 1753/2964/4412 1752/2963/4413 1767/2976/4414 1766/2975/4415
f 1752/2963/4416 1758/2961/4417 1765/2974/4418 1767/2976/4419
f 1760/2969/4420 1761/2970/4421 1769/2978/4422 1768/2977/4423
f 1761/2970/4424 1762/2971/4425 1770/2979/4426 1769/2978/4427
f 1763/2972/4428 1760/2969/4429 1768/2977/4430 1771/2980/4431
f 1762/2971/4432 1764/2973/4433 1772/2981/4434 1770/2979/4435
f 1765/2974/4436 1763/2972/4437 1771/2980/4438 1773/2982/4439
f 1764/2973/4440 1766/2975/4441 1774/2983/4442 1772/2981/4443
f 1766/2975/4444 1767/2976/4445 1775/2984/4446 1774/2983/4447
f 1767/2976/4448 1765/2974/4449 1773/2982/4450 1775/2984/4451
f 1768/2977/4452 1769/2978/4453 1777/2986/4454 1776/2985/4455
s 1
f 1769/2978/4456 1770/2979/4457 1778/2987/4458 1777/2986/4459
s 2
f 1771/2980/4460 1768/2977/4461 1776/2985/4462 1779/2988/4463
s 1
f 1770/2979/4457 1772/2981/4464 1780/2989/4465 1778/2987/4458
s 2
f 1773/2982/4466 1771/2980/4460 1779/2988/4463 1781/2990/4467
s 1
f 1772/2981/4464 1774/2983/4468 1782/2991/4469 1780/2989/4465
s off
f 1774/2983/4470 1775/2984/4471 1783/2992/4472 1782/2991/4473
s 2
f 1775/2984/4474 1773/2982/4466 1781/2990/4467 1783/2992/4475
g default
v -7.508880 11.009105 7.880031
v -8.070676 11.009105 7.880031
v -7.508880 13.882392 7.880031
v -8.070676 13.882392 7.880031
v -7.508880 13.882392 9.553512
v -8.070676 13.882392 9.553512
v -7.508880 11.009105 9.553512
v -8.070676 11.009105 9.553512
v -7.559779 13.882392 8.022223
v -8.019776 13.882392 8.022223
v -8.019776 13.882392 9.522075
v -7.559779 13.882392 9.522075
v -8.019776 11.009105 9.522075
v -7.559779 11.009105 9.522075
v -8.019776 11.009105 8.022223
v -7.559779 11.009105 8.022223
v -7.559779 13.882392 8.014149
v -8.019776 13.882392 8.014149
v -8.019776 13.882392 9.522075
v -7.559779 13.882392 9.522075
v -8.019776 11.009105 9.522075
v -7.559779 11.009105 9.522075
v -8.019776 11.009105 8.014149
v -7.559779 11.009105 8.014149
v -7.559779 13.839958 8.014149
v -8.019776 13.839958 8.014149
v -8.019776 13.861176 9.492565
v -7.559779 13.861176 9.492565
v -8.019776 11.030322 9.492565
v -7.559779 11.030322 9.492565
v -8.019776 11.051538 8.014149
v -7.559779 11.051538 8.014149
vt 0.375000 0.000000
vt 0.625000 0.000000
vt 0.375000 0.250000
vt 0.625000 0.250000
vt 0.375000 0.500000
vt 0.625000 0.500000
vt 0.375000 0.750000
vt 0.625000 0.750000
vt 0.375000 1.000000
vt 0.625000 1.000000
vt 0.875000 0.000000
vt 0.875000 0.250000
vt 0.125000 0.000000
vt 0.125000 0.250000
vt 0.375000 0.250000
vt 0.625000 0.250000
vt 0.625000 0.500000
vt 0.375000 0.500000
vt 0.625000 0.750000
vt 0.375000 0.750000
vt 0.625000 1.000000
vt 0.375000 1.000000
vt 0.375000 0.250000
vt 0.625000 0.250000
vt 0.625000 0.500000
vt 0.375000 0.500000
vt 0.625000 0.750000
vt 0.375000 0.750000
vt 0.625000 1.000000
vt 0.375000 1.000000
vt 0.375000 0.250000
vt 0.625000 0.250000
vt 0.625000 0.500000
vt 0.375000 0.500000
vt 0.625000 0.750000
vt 0.375000 0.750000
vt 0.625000 1.000000
vt 0.375000 1.000000
vn 0.000000 0.000000 -1.000000
vn 0.000000 0.000000 -1.000000
vn 0.000000 0.000000 -1.000000
vn 0.000000 0.000000 -1.000000
vn 0.000000 0.999897 -0.014350
vn 0.000000 0.999897 -0.014350
vn 0.000000 0.999897 -0.014350
vn 0.000000 0.999897 -0.014350
vn 0.000000 0.000000 1.000000
vn 0.000000 0.000000 1.000000
vn 0.000000 0.000000 1.000000
vn 0.000000 0.000000 1.000000
vn 0.000000 -0.999897 -0.014349
vn 0.000000 -0.999897 -0.014349
vn 0.000000 -0.999897 -0.014349
vn 0.000000 -0.999897 -0.014349
vn -1.000000 0.000000 0.000000
vn -1.000000 0.000000 0.000000
vn -1.000000 0.000000 0.000000
vn -1.000000 0.000000 0.000000
vn 1.000000 0.000000 0.000000
vn 1.000000 0.000000 0.000000
vn 1.000000 0.000000 0.000000
vn 1.000000 0.000000 0.000000
vn 0.000000 1.000000 0.000000
vn 0.000000 1.000000 0.000000
vn 0.000000 1.000000 0.000000
vn 0.000000 1.000000 0.000000
vn 0.000000 1.000000 0.000000
vn 0.000000 1.000000 0.000000
vn 0.000000 1.000000 0.000000
vn 0.000000 1.000000 0.000000
vn 0.000000 1.000000 0.000000
vn 0.000000 1.000000 0.000000
vn 0.000000 1.000000 0.000000
vn 0.000000 1.000000 0.000000
vn 0.525485 0.000000 0.850803
vn 0.525485 0.000000 0.850803
vn 0.525485 0.000000 0.850803
vn 0.525485 0.000000 0.850803
vn -0.525485 0.000000 0.850803
vn -0.525485 0.000000 0.850803
vn -0.525485 0.000000 0.850803
vn -0.525485 0.000000 0.850803
vn 0.000000 -1.000000 0.000000
vn 0.000000 -1.000000 0.000000
vn 0.000000 -1.000000 0.000000
vn 0.000000 -1.000000 0.000000
vn 0.000000 -1.000000 -0.000001
vn 0.000000 -1.000000 -0.000001
vn 0.000000 -1.000000 -0.000001
vn 0.000000 -1.000000 -0.000001
vn 0.000000 -1.000000 0.000000
vn 0.000000 -1.000000 0.000000
vn 0.000000 -1.000000 0.000000
vn 0.000000 -1.000000 0.000000
vn 0.000000 -1.000000 0.000000
vn 0.000000 -1.000000 0.000000
vn 0.000000 -1.000000 0.000000
vn 0.000000 -1.000000 0.000000
vn 0.000000 -1.000000 0.000000
vn 0.000000 -0.000000 0.000000
vn 0.000000 -0.000000 0.000000
vn 0.000000 -0.000000 0.000000
vn 0.000000 0.000000 0.000000
vn 0.000000 0.000000 0.000000
vn 0.000000 0.000000 0.000000
vn 0.000000 0.000000 0.000000
vn 0.000000 0.000000 0.000000
vn 0.000000 0.000000 0.000000
vn 0.000000 0.000000 0.000000
vn 0.000000 0.000000 0.000000
vn 0.000000 0.000000 0.000000
vn 0.000000 0.000000 0.000000
vn 0.000000 0.000000 0.000000
vn 0.000000 0.000000 0.000000
vn 0.000000 0.000000 0.000000
vn 0.000000 1.000000 0.000000
vn 0.000000 0.000000 0.000000
vn 0.000000 0.000000 0.000000
vn 0.000000 1.000000 0.000000
vn 0.000000 1.000000 0.000000
vn 0.000000 1.000000 0.000000
vn 0.000000 1.000000 0.000000
vn 0.000000 -0.000000 0.000000
vn 0.000000 -0.000000 0.000000
vn 0.000000 -0.000000 0.000000
vn 0.000000 -0.000000 0.000000
vn 0.000000 0.000000 1.000000
vn 0.000000 0.000000 1.000000
vn 0.000000 0.000000 1.000000
vn 0.000000 0.000000 1.000000
vn 1.000000 0.000000 0.000000
vn 1.000000 0.000000 0.000000
vn 1.000000 0.000000 0.000000
vn 1.000000 0.000000 0.000000
vn -1.000000 0.000001 0.000000
vn -1.000000 0.000005 0.000000
vn -1.000000 0.000005 0.000000
vn -1.000000 0.000002 0.000000
vn 1.000000 -0.000000 0.000000
vn 1.000000 -0.000000 0.000000
vn -1.000000 0.000000 0.000000
vn -1.000000 0.000000 0.000000
vn 1.000000 -0.000001 0.000000
vn 1.000000 -0.000001 0.000000
vn 0.000000 0.000000 1.000000
vn 0.000000 0.000000 1.000000
vn 0.000000 0.000000 1.000000
vn 0.000000 0.000000 1.000000
vn -1.000000 0.000000 0.000000
vn -1.000000 0.000000 0.000000
s off
g Books_top_shelf book20
usemtl initialShadingGroup
f 1784/2993/4476 1785/2994/4477 1787/2996/4478 1786/2995/4479
f 1808/3023/4480 1809/3024/4481 1810/3025/4482 1811/3026/4483
f 1811/3026/4484 1810/3025/4485 1812/3027/4486 1813/3028/4487
f 1813/3028/4488 1812/3027/4489 1814/3029/4490 1815/3030/4491
f 1785/2994/4492 1791/3003/4493 1789/3004/4494 1787/2996/4495
f 1790/3005/4496 1784/2993/4497 1786/2995/4498 1788/3006/4499
f 1786/2995/4500 1787/2996/4501 1793/3008/4502 1792/3007/4503
f 1787/2996/4504 1789/2998/4505 1794/3009/4506 1793/3008/4507
f 1788/2997/4508 1786/2995/4509 1792/3007/4510 1795/3010/4511
f 1789/2998/4512 1791/3000/4513 1796/3011/4514 1794/3009/4515
f 1790/2999/4516 1788/2997/4517 1795/3010/4518 1797/3012/4519
f 1791/3000/4520 1785/3002/4521 1798/3013/4522 1796/3011/4523
f 1785/3002/4524 1784/3001/4525 1799/3014/4526 1798/3013/4527
f 1784/3001/4528 1790/2999/4529 1797/3012/4530 1799/3014/4531
f 1792/3007/4532 1793/3008/4533 1801/3016/4534 1800/3015/4535
f 1793/3008/4536 1794/3009/4537 1802/3017/4538 1801/3016/4539
f 1795/3010/4540 1792/3007/4541 1800/3015/4542 1803/3018/4543
f 1794/3009/4544 1796/3011/4545 1804/3019/4546 1802/3017/4547
f 1797/3012/4548 1795/3010/4549 1803/3018/4550 1805/3020/4551
f 1796/3011/4552 1798/3013/4553 1806/3021/4554 1804/3019/4555
f 1798/3013/4556 1799/3014/4557 1807/3022/4558 1806/3021/4559
f 1799/3014/4560 1797/3012/4561 1805/3020/4562 1807/3022/4563
f 1800/3015/4564 1801/3016/4565 1809/3024/4566 1808/3023/4567
s 1
f 1801/3016/4568 1802/3017/4569 1810/3025/4570 1809/3024/4571
s 2
f 1803/3018/4572 1800/3015/4573 1808/3023/4574 1811/3026/4575
s 1
f 1802/3017/4569 1804/3019/4576 1812/3027/4577 1810/3025/4570
s 2
f 1805/3020/4578 1803/3018/4572 1811/3026/4575 1813/3028/4579
s 1
f 1804/3019/4576 1806/3021/4580 1814/3029/4581 1812/3027/4577
s off
f 1806/3021/4582 1807/3022/4583 1815/3030/4584 1814/3029/4585
s 2
f 1807/3022/4586 1805/3020/4578 1813/3028/4579 1815/3030/4587
g default
v -8.127433 10.966671 8.062191
v -8.355050 10.966671 8.062191
v -8.127433 13.631456 8.062191
v -8.355050 13.631456 8.062191
v -8.127433 13.631456 9.436893
v -8.355050 13.631456 9.436893
v -8.127433 10.966671 9.436893
v -8.355050 10.966671 9.436893
v -8.148055 13.631456 8.178997
v -8.334428 13.631456 8.178997
v -8.334428 13.631456 9.411068
v -8.148055 13.631456 9.411068
v -8.334428 10.966671 9.411068
v -8.148055 10.966671 9.411068
v -8.334428 10.966671 8.178997
v -8.148055 10.966671 8.178997
v -8.148055 13.631456 8.172363
v -8.334428 13.631456 8.172363
v -8.334428 13.631456 9.411068
v -8.148055 13.631456 9.411068
v -8.334428 10.966671 9.411068
v -8.148055 10.966671 9.411068
v -8.334428 10.966671 8.172363
v -8.148055 10.966671 8.172363
v -8.148055 13.592102 8.172363
v -8.334428 13.592102 8.172363
v -8.334428 13.611779 9.386827
v -8.148055 13.611779 9.386827
v -8.334428 10.986348 9.386827
v -8.148055 10.986348 9.386827
v -8.334428 11.006025 8.172363
v -8.148055 11.006025 8.172363
vt 0.375000 0.000000
vt 0.625000 0.000000
vt 0.375000 0.250000
vt 0.625000 0.250000
vt 0.375000 0.500000
vt 0.625000 0.500000
vt 0.375000 0.750000
vt 0.625000 0.750000
vt 0.375000 1.000000
vt 0.625000 1.000000
vt 0.875000 0.000000
vt 0.875000 0.250000
vt 0.125000 0.000000
vt 0.125000 0.250000
vt 0.375000 0.250000
vt 0.625000 0.250000
vt 0.625000 0.500000
vt 0.375000 0.500000
vt 0.625000 0.750000
vt 0.375000 0.750000
vt 0.625000 1.000000
vt 0.375000 1.000000
vt 0.375000 0.250000
vt 0.625000 0.250000
vt 0.625000 0.500000
vt 0.375000 0.500000
vt 0.625000 0.750000
vt 0.375000 0.750000
vt 0.625000 1.000000
vt 0.375000 1.000000
vt 0.375000 0.250000
vt 0.625000 0.250000
vt 0.625000 0.500000
vt 0.375000 0.500000
vt 0.625000 0.750000
vt 0.375000 0.750000
vt 0.625000 1.000000
vt 0.375000 1.000000
vn 0.000000 0.000000 -1.000000
vn 0.000000 0.000000 -1.000000
vn 0.000000 0.000000 -1.000000
vn 0.000000 0.000000 -1.000000
vn 0.000000 0.999869 -0.016199
vn 0.000000 0.999869 -0.016199
vn 0.000000 0.999869 -0.016199
vn 0.000000 0.999869 -0.016199
vn 0.000000 0.000000 1.000000
vn 0.000000 0.000000 1.000000
vn 0.000000 0.000000 1.000000
vn 0.000000 0.000000 1.000000
vn 0.000000 -0.999869 -0.016201
vn 0.000000 -0.999869 -0.016201
vn 0.000000 -0.999869 -0.016201
vn 0.000000 -0.999869 -0.016201
vn -1.000000 0.000000 0.000000
vn -1.000000 0.000000 0.000000
vn -1.000000 0.000000 0.000000
vn -1.000000 0.000000 0.000000
vn 1.000000 0.000000 0.000000
vn 1.000000 0.000000 0.000000
vn 1.000000 0.000000 0.000000
vn 1.000000 0.000000 0.000000
vn 0.000000 1.000000 -0.000005
vn 0.000000 1.000000 -0.000005
vn 0.000000 1.000000 -0.000005
vn 0.000000 1.000000 -0.000005
vn 0.000000 1.000000 0.000000
vn 0.000000 1.000000 0.000000
vn 0.000000 1.000000 0.000000
vn 0.000000 1.000000 0.000000
vn 0.000000 1.000000 0.000000
vn 0.000000 1.000000 0.000000
vn 0.000000 1.000000 0.000000
vn 0.000000 1.000000 0.000000
vn 0.781421 0.000000 0.624004
vn 0.781421 0.000000 0.624004
vn 0.781421 0.000000 0.624004
vn 0.781421 0.000000 0.624004
vn -0.781421 0.000000 0.624004
vn -0.781421 0.000000 0.624004
vn -0.781421 0.000000 0.624004
vn -0.781421 0.000000 0.624004
vn 0.000000 -1.000000 0.000000
vn 0.000000 -1.000000 0.000000
vn 0.000000 -1.000000 0.000000
vn 0.000000 -1.000000 0.000000
vn 0.000000 -1.000000 0.000002
vn 0.000000 -1.000000 0.000002
vn 0.000000 -1.000000 0.000002
vn 0.000000 -1.000000 0.000002
vn 0.000000 -1.000000 0.000000
vn 0.000000 -1.000000 0.000000
vn 0.000000 -1.000000 0.000000
vn 0.000000 -1.000000 0.000000
vn 0.000000 -1.000000 0.000000
vn 0.000000 -1.000000 0.000000
vn 0.000000 -1.000000 0.000000
vn 0.000000 -1.000000 0.000000
vn 0.000000 0.000000 0.000000
vn 0.000000 0.000000 0.000000
vn 0.000000 0.000000 0.000000
vn 0.000000 0.000000 0.000000
vn 0.000000 0.000000 0.000000
vn 0.000000 0.000000 0.000000
vn 0.000000 0.000000 0.000000
vn 0.000000 0.000000 0.000000
vn 0.000000 0.000000 0.000000
vn 0.000000 0.000000 0.000000
vn 0.000000 0.000000 0.000000
vn 0.000000 0.000000 0.000000
vn 0.000000 0.000000 0.000000
vn 0.000000 0.000000 0.000000
vn 0.000000 0.000000 0.000000
vn 0.000000 0.000000 0.000000
vn 0.000000 0.000000 0.000000
vn 0.000000 0.000000 0.000000
vn 0.000000 0.000000 0.000000
vn 0.000000 0.000000 0.000000
vn 0.000000 1.000000 0.000000
vn 0.000000 1.000000 0.000000
vn 0.000000 1.000000 0.000000
vn 0.000000 1.000000 0.000000
vn 0.000000 -0.000000 0.000000
vn 0.000000 -0.000000 0.000000
vn 0.000000 -0.000000 0.000000
vn 0.000000 -0.000000 0.000000
vn 0.000000 0.000000 1.000000
vn 0.000000 0.000000 1.000000
vn 0.000000 0.000000 1.000000
vn 0.000000 0.000000 1.000000
vn 1.000000 0.000000 0.000000
vn 1.000000 0.000000 0.000000
vn 1.000000 0.000000 0.000000
vn 1.000000 0.000000 0.000000
vn -1.000000 0.000002 0.000000
vn -1.000000 0.000007 0.000000
vn -1.000000 0.000007 0.000000
vn -1.000000 0.000003 0.000000
vn 1.000000 0.000004 0.000000
vn 1.000000 0.000005 0.000000
vn -1.000000 0.000000 0.000000
vn -1.000000 0.000000 0.000000
vn 1.000000 0.000013 0.000000
vn 1.000000 0.000013 0.000000
vn 0.000000 0.000000 1.000000
vn 0.000000 0.000000 1.000000
vn 0.000000 0.000000 1.000000
vn 0.000000 0.000000 1.000000
vn -1.000000 0.000000 0.000000
vn -1.000000 0.000000 0.000000
s off
g Books_top_shelf book21
usemtl initialShadingGroup
f 1816/3031/4588 1817/3032/4589 1819/3034/4590 1818/3033/4591
f 1840/3061/4592 1841/3062/4593 1842/3063/4594 1843/3064/4595
f 1843/3064/4596 1842/3063/4597 1844/3065/4598 1845/3066/4599
f 1845/3066/4600 1844/3065/4601 1846/3067/4602 1847/3068/4603
f 1817/3032/4604 1823/3041/4605 1821/3042/4606 1819/3034/4607
f 1822/3043/4608 1816/3031/4609 1818/3033/4610 1820/3044/4611
f 1818/3033/4612 1819/3034/4613 1825/3046/4614 1824/3045/4615
f 1819/3034/4616 1821/3036/4617 1826/3047/4618 1825/3046/4619
f 1820/3035/4620 1818/3033/4621 1824/3045/4622 1827/3048/4623
f 1821/3036/4624 1823/3038/4625 1828/3049/4626 1826/3047/4627
f 1822/3037/4628 1820/3035/4629 1827/3048/4630 1829/3050/4631
f 1823/3038/4632 1817/3040/4633 1830/3051/4634 1828/3049/4635
f 1817/3040/4636 1816/3039/4637 1831/3052/4638 1830/3051/4639
f 1816/3039/4640 1822/3037/4641 1829/3050/4642 1831/3052/4643
f 1824/3045/4644 1825/3046/4645 1833/3054/4646 1832/3053/4647
f 1825/3046/4648 1826/3047/4649 1834/3055/4650 1833/3054/4651
f 1827/3048/4652 1824/3045/4653 1832/3053/4654 1835/3056/4655
f 1826/3047/4656 1828/3049/4657 1836/3057/4658 1834/3055/4659
f 1829/3050/4660 1827/3048/4661 1835/3056/4662 1837/3058/4663
f 1828/3049/4664 1830/3051/4665 1838/3059/4666 1836/3057/4667
f 1830/3051/4668 1831/3052/4669 1839/3060/4670 1838/3059/4671
f 1831/3052/4672 1829/3050/4673 1837/3058/4674 1839/3060/4675
f 1832/3053/4676 1833/3054/4677 1841/3062/4678 1840/3061/4679
s 1
f 1833/3054/4680 1834/3055/4681 1842/3063/4682 1841/3062/4683
s 2
f 1835/3056/4684 1832/3053/4685 1840/3061/4686 1843/3064/4687
s 1
f 1834/3055/4681 1836/3057/4688 1844/3065/4689 1842/3063/4682
s 2
f 1837/3058/4690 1835/3056/4684 1843/3064/4687 1845/3066/4691
s 1
f 1836/3057/4688 1838/3059/4692 1846/3067/4693 1844/3065/4689
s off
f 1838/3059/4694 1839/3060/4695 1847/3068/4696 1846/3067/4697
s 2
f 1839/3060/4698 1837/3058/4690 1845/3066/4691 1847/3068/4699
g default
v -1.644950 5.678456 8.000001
v -2.206746 5.678456 8.000001
v -1.644950 8.702378 8.000001
v -2.206746 8.702378 8.000001
v -1.644950 8.702378 9.673482
v -2.206746 8.702378 9.673482
v -1.644950 5.678456 9.673482
v -2.206746 5.678456 9.673482
v -1.695849 8.702378 8.142194
v -2.155846 8.702378 8.142194
v -2.155846 8.702378 9.642045
v -1.695849 8.702378 9.642045
v -2.155846 5.678456 9.642045
v -1.695849 5.678456 9.642045
v -2.155846 5.678456 8.142194
v -1.695849 5.678456 8.142194
v -1.695849 8.702378 8.134119
v -2.155846 8.702378 8.134119
v -2.155846 8.702378 9.642045
v -1.695849 8.702378 9.642045
v -2.155846 5.678456 9.642045
v -1.695849 5.678456 9.642045
v -2.155846 5.678456 8.134119
v -1.695849 5.678456 8.134119
v -1.695849 8.657720 8.134119
v -2.155846 8.657720 8.134119
v -2.155846 8.680049 9.612535
v -1.695849 8.680049 9.612535
v -2.155846 5.700786 9.612535
v -1.695849 5.700786 9.612535
v -2.155846 5.723115 8.134119
v -1.695849 5.723115 8.134119
vt 0.375000 0.000000
vt 0.625000 0.000000
vt 0.375000 0.250000
vt 0.625000 0.250000
vt 0.375000 0.500000
vt 0.625000 0.500000
vt 0.375000 0.750000
vt 0.625000 0.750000
vt 0.375000 1.000000
vt 0.625000 1.000000
vt 0.875000 0.000000
vt 0.875000 0.250000
vt 0.125000 0.000000
vt 0.125000 0.250000
vt 0.375000 0.250000
vt 0.625000 0.250000
vt 0.625000 0.500000
vt 0.375000 0.500000
vt 0.625000 0.750000
vt 0.375000 0.750000
vt 0.625000 1.000000
vt 0.375000 1.000000
vt 0.375000 0.250000
vt 0.625000 0.250000
vt 0.625000 0.500000
vt 0.375000 0.500000
vt 0.625000 0.750000
vt 0.375000 0.750000
vt 0.625000 1.000000
vt 0.375000 1.000000
vt 0.375000 0.250000
vt 0.625000 0.250000
vt 0.625000 0.500000
vt 0.375000 0.500000
vt 0.625000 0.750000
vt 0.375000 0.750000
vt 0.625000 1.000000
vt 0.375000 1.000000
vn 0.000000 0.000000 -1.000000
vn 0.000000 0.000000 -1.000000
vn 0.000000 0.000000 -1.000000
vn 0.000000 0.000000 -1.000000
vn 0.000000 0.999886 -0.015102
vn 0.000000 0.999886 -0.015102
vn 0.000000 0.999886 -0.015102
vn 0.000000 0.999886 -0.015102
vn 0.000000 0.000000 1.000000
vn 0.000000 0.000000 1.000000
vn 0.000000 0.000000 1.000000
vn 0.000000 0.000000 1.000000
vn 0.000000 -0.999886 -0.015102
vn 0.000000 -0.999886 -0.015102
vn 0.000000 -0.999886 -0.015102
vn 0.000000 -0.999886 -0.015102
vn -1.000000 0.000000 0.000000
vn -1.000000 0.000000 0.000000
vn -1.000000 0.000000 0.000000
vn -1.000000 0.000000 0.000000
vn 1.000000 0.000000 0.000000
vn 1.000000 0.000000 0.000000
vn 1.000000 0.000000 0.000000
vn 1.000000 0.000000 0.000000
vn 0.000000 1.000000 0.000007
vn 0.000000 1.000000 0.000007
vn 0.000000 1.000000 0.000007
vn 0.000000 1.000000 0.000007
vn 0.000000 1.000000 0.000000
vn 0.000000 1.000000 0.000000
vn 0.000000 1.000000 0.000000
vn 0.000000 1.000000 0.000000
vn 0.000000 1.000000 0.000000
vn 0.000000 1.000000 0.000000
vn 0.000000 1.000000 0.000000
vn 0.000000 1.000000 0.000000
vn 0.525479 0.000000 0.850806
vn 0.525479 0.000000 0.850806
vn 0.525479 0.000000 0.850806
vn 0.525479 0.000000 0.850806
vn -0.525480 0.000000 0.850806
vn -0.525480 0.000000 0.850806
vn -0.525480 0.000000 0.850806
vn -0.525480 0.000000 0.850806
vn 0.000000 -1.000000 0.000000
vn 0.000000 -1.000000 0.000000
vn 0.000000 -1.000000 0.000000
vn 0.000000 -1.000000 0.000000
vn 0.000000 -1.000000 -0.000005
vn 0.000000 -1.000000 -0.000005
vn 0.000000 -1.000000 -0.000005
vn 0.000000 -1.000000 -0.000005
vn 0.000000 -1.000000 0.000000
vn 0.000000 -1.000000 0.000000
vn 0.000000 -1.000000 0.000000
vn 0.000000 -1.000000 0.000000
vn 0.000000 -1.000000 0.000000
vn 0.000000 -1.000000 0.000000
vn 0.000000 -1.000000 0.000000
vn 0.000000 -1.000000 0.000000
vn 0.000000 0.000000 0.000000
vn 0.000000 0.000000 0.000000
vn 0.000000 0.000000 0.000000
vn 0.000000 0.000000 0.000000
vn 0.000000 0.000000 0.000000
vn 0.000000 0.000000 0.000000
vn 0.000000 0.000000 0.000000
vn 0.000000 0.000000 0.000000
vn 0.000000 0.000000 0.000000
vn 0.000000 0.000000 0.000000
vn 0.000000 0.000000 0.000000
vn 0.000000 0.000000 0.000000
vn 0.000000 0.000000 0.000000
vn 0.000000 0.000000 0.000000
vn 0.000000 0.000000 0.000000
vn 0.000000 0.000000 0.000000
vn 0.000000 0.000000 0.000000
vn 0.000000 0.000000 0.000000
vn 0.000000 0.000000 0.000000
vn 0.000000 0.000000 0.000000
vn 0.000000 1.000000 0.000000
vn 0.000000 1.000000 0.000000
vn 0.000000 1.000000 0.000000
vn 0.000000 1.000000 0.000000
vn 0.000000 -0.000000 0.000000
vn 0.000000 -0.000000 0.000000
vn 0.000000 -0.000000 0.000000
vn 0.000000 -0.000000 0.000000
vn 0.000000 0.000000 1.000000
vn 0.000000 0.000000 1.000000
vn 0.000000 0.000000 1.000000
vn 0.000000 0.000000 1.000000
vn 1.000000 -0.000001 0.000000
vn 1.000000 -0.000000 0.000000
vn 1.000000 -0.000000 0.000000
vn 1.000000 -0.000001 0.000000
vn -1.000000 -0.000000 0.000000
vn -1.000000 -0.000000 0.000000
vn -1.000000 -0.000000 0.000000
vn -1.000000 -0.000000 0.000000
vn 1.000000 0.000000 0.000000
vn 1.000000 0.000000 0.000000
vn -1.000000 0.000000 0.000000
vn -1.000000 0.000000 0.000000
vn 1.000000 0.000001 0.000000
vn 1.000000 0.000001 0.000000
vn 0.000000 0.000000 1.000000
vn 0.000000 0.000000 1.000000
vn 0.000000 0.000000 1.000000
vn 0.000000 0.000000 1.000000
vn -1.000000 0.000000 0.000000
vn -1.000000 0.000000 0.000000
s off
g book2 Books_Middle_Shelf
usemtl initialShadingGroup
f 1848/3069/4700 1849/3070/4701 1851/3072/4702 1850/3071/4703
f 1872/3099/4704 1873/3100/4705 1874/3101/4706 1875/3102/4707
f 1875/3102/4708 1874/3101/4709 1876/3103/4710 1877/3104/4711
f 1877/3104/4712 1876/3103/4713 1878/3105/4714 1879/3106/4715
f 1849/3070/4716 1855/3079/4717 1853/3080/4718 1851/3072/4719
f 1854/3081/4720 1848/3069/4721 1850/3071/4722 1852/3082/4723
f 1850/3071/4724 1851/3072/4725 1857/3084/4726 1856/3083/4727
f 1851/3072/4728 1853/3074/4729 1858/3085/4730 1857/3084/4731
f 1852/3073/4732 1850/3071/4733 1856/3083/4734 1859/3086/4735
f 1853/3074/4736 1855/3076/4737 1860/3087/4738 1858/3085/4739
f 1854/3075/4740 1852/3073/4741 1859/3086/4742 1861/3088/4743
f 1855/3076/4744 1849/3078/4745 1862/3089/4746 1860/3087/4747
f 1849/3078/4748 1848/3077/4749 1863/3090/4750 1862/3089/4751
f 1848/3077/4752 1854/3075/4753 1861/3088/4754 1863/3090/4755
f 1856/3083/4756 1857/3084/4757 1865/3092/4758 1864/3091/4759
f 1857/3084/4760 1858/3085/4761 1866/3093/4762 1865/3092/4763
f 1859/3086/4764 1856/3083/4765 1864/3091/4766 1867/3094/4767
f 1858/3085/4768 1860/3087/4769 1868/3095/4770 1866/3093/4771
f 1861/3088/4772 1859/3086/4773 1867/3094/4774 1869/3096/4775
f 1860/3087/4776 1862/3089/4777 1870/3097/4778 1868/3095/4779
f 1862/3089/4780 1863/3090/4781 1871/3098/4782 1870/3097/4783
f 1863/3090/4784 1861/3088/4785 1869/3096/4786 1871/3098/4787
f 1864/3091/4788 1865/3092/4789 1873/3100/4790 1872/3099/4791
s 1
f 1865/3092/4792 1866/3093/4793 1874/3101/4794 1873/3100/4795
s 2
f 1867/3094/4796 1864/3091/4797 1872/3099/4798 1875/3102/4799
s 1
f 1866/3093/4793 1868/3095/4800 1876/3103/4801 1874/3101/4794
s 2
f 1869/3096/4802 1867/3094/4796 1875/3102/4799 1877/3104/4803
s 1
f 1868/3095/4800 1870/3097/4804 1878/3105/4805 1876/3103/4801
s off
f 1870/3097/4806 1871/3098/4807 1879/3106/4808 1878/3105/4809
s 2
f 1871/3098/4810 1869/3096/4802 1877/3104/4803 1879/3106/4811
g default
v -2.237425 5.678456 8.000001
v -2.799221 5.678456 8.000001
v -2.237425 8.702378 8.000001
v -2.799221 8.702378 8.000001
v -2.237425 8.702378 9.673482
v -2.799221 8.702378 9.673482
v -2.237425 5.678456 9.673482
v -2.799221 5.678456 9.673482
v -2.288324 8.702378 8.142194
v -2.748322 8.702378 8.142194
v -2.748322 8.702378 9.642045
v -2.288324 8.702378 9.642045
v -2.748322 5.678456 9.642045
v -2.288324 5.678456 9.642045
v -2.748322 5.678456 8.142194
v -2.288324 5.678456 8.142194
v -2.288324 8.702378 8.134119
v -2.748322 8.702378 8.134119
v -2.748322 8.702378 9.642045
v -2.288324 8.702378 9.642045
v -2.748322 5.678456 9.642045
v -2.288324 5.678456 9.642045
v -2.748322 5.678456 8.134119
v -2.288324 5.678456 8.134119
v -2.288324 8.657720 8.134119
v -2.748322 8.657720 8.134119
v -2.748322 8.680049 9.612535
v -2.288324 8.680049 9.612535
v -2.748322 5.700786 9.612535
v -2.288324 5.700786 9.612535
v -2.748322 5.723115 8.134119
v -2.288324 5.723115 8.134119
vt 0.375000 0.000000
vt 0.625000 0.000000
vt 0.375000 0.250000
vt 0.625000 0.250000
vt 0.375000 0.500000
vt 0.625000 0.500000
vt 0.375000 0.750000
vt 0.625000 0.750000
vt 0.375000 1.000000
vt 0.625000 1.000000
vt 0.875000 0.000000
vt 0.875000 0.250000
vt 0.125000 0.000000
vt 0.125000 0.250000
vt 0.375000 0.250000
vt 0.625000 0.250000
vt 0.625000 0.500000
vt 0.375000 0.500000
vt 0.625000 0.750000
vt 0.375000 0.750000
vt 0.625000 1.000000
vt 0.375000 1.000000
vt 0.375000 0.250000
vt 0.625000 0.250000
vt 0.625000 0.500000
vt 0.375000 0.500000
vt 0.625000 0.750000
vt 0.375000 0.750000
vt 0.625000 1.000000
vt 0.375000 1.000000
vt 0.375000 0.250000
vt 0.625000 0.250000
vt 0.625000 0.500000
vt 0.375000 0.500000
vt 0.625000 0.750000
vt 0.375000 0.750000
vt 0.625000 1.000000
vt 0.375000 1.000000
vn 0.000000 0.000000 -1.000000
vn 0.000000 0.000000 -1.000000
vn 0.000000 0.000000 -1.000000
vn 0.000000 0.000000 -1.000000
vn 0.000000 0.999886 -0.015102
vn 0.000000 0.999886 -0.015102
vn 0.000000 0.999886 -0.015102
vn 0.000000 0.999886 -0.015102
vn 0.000000 0.000000 1.000000
vn 0.000000 0.000000 1.000000
vn 0.000000 0.000000 1.000000
vn 0.000000 0.000000 1.000000
vn 0.000000 -0.999886 -0.015102
vn 0.000000 -0.999886 -0.015102
vn 0.000000 -0.999886 -0.015102
vn 0.000000 -0.999886 -0.015102
vn -1.000000 0.000000 0.000000
vn -1.000000 0.000000 0.000000
vn -1.000000 0.000000 0.000000
vn -1.000000 0.000000 0.000000
vn 1.000000 0.000000 0.000000
vn 1.000000 0.000000 0.000000
vn 1.000000 0.000000 0.000000
vn 1.000000 0.000000 0.000000
vn 0.000000 1.000000 0.000007
vn 0.000000 1.000000 0.000007
vn 0.000000 1.000000 0.000007
vn 0.000000 1.000000 0.000007
vn 0.000000 1.000000 0.000000
vn 0.000000 1.000000 0.000000
vn 0.000000 1.000000 0.000000
vn 0.000000 1.000000 0.000000
vn 0.000000 1.000000 0.000000
vn 0.000000 1.000000 0.000000
vn 0.000000 1.000000 0.000000
vn 0.000000 1.000000 0.000000
vn 0.525479 0.000000 0.850806
vn 0.525479 0.000000 0.850806
vn 0.525479 0.000000 0.850806
vn 0.525479 0.000000 0.850806
vn -0.525480 0.000000 0.850806
vn -0.525480 0.000000 0.850806
vn -0.525480 0.000000 0.850806
vn -0.525480 0.000000 0.850806
vn 0.000000 -1.000000 0.000000
vn 0.000000 -1.000000 0.000000
vn 0.000000 -1.000000 0.000000
vn 0.000000 -1.000000 0.000000
vn 0.000000 -1.000000 -0.000005
vn 0.000000 -1.000000 -0.000005
vn 0.000000 -1.000000 -0.000005
vn 0.000000 -1.000000 -0.000005
vn 0.000000 -1.000000 0.000000
vn 0.000000 -1.000000 0.000000
vn 0.000000 -1.000000 0.000000
vn 0.000000 -1.000000 0.000000
vn 0.000000 -1.000000 0.000000
vn 0.000000 -1.000000 0.000000
vn 0.000000 -1.000000 0.000000
vn 0.000000 -1.000000 0.000000
vn 0.000000 0.000000 0.000000
vn 0.000000 0.000000 0.000000
vn 0.000000 0.000000 0.000000
vn 0.000000 0.000000 0.000000
vn 0.000000 0.000000 0.000000
vn 0.000000 0.000000 0.000000
vn 0.000000 0.000000 0.000000
vn 0.000000 0.000000 0.000000
vn 0.000000 0.000000 0.000000
vn 0.000000 0.000000 0.000000
vn 0.000000 0.000000 0.000000
vn 0.000000 0.000000 0.000000
vn 0.000000 0.000000 0.000000
vn 0.000000 0.000000 0.000000
vn 0.000000 0.000000 0.000000
vn 0.000000 0.000000 0.000000
vn 0.000000 0.000000 0.000000
vn 0.000000 0.000000 0.000000
vn 0.000000 0.000000 0.000000
vn 0.000000 0.000000 0.000000
vn 0.000000 1.000000 0.000000
vn 0.000000 1.000000 0.000000
vn 0.000000 1.000000 0.000000
vn 0.000000 1.000000 0.000000
vn 0.000000 0.000000 0.000000
vn 0.000000 0.000000 0.000000
vn 0.000000 0.000000 0.000000
vn 0.000000 0.000000 0.000000
vn 0.000000 0.000000 1.000000
vn 0.000000 0.000000 1.000000
vn 0.000000 0.000000 1.000000
vn 0.000000 0.000000 1.000000
vn 1.000000 0.000000 0.000000
vn 1.000000 0.000000 0.000000
vn 1.000000 0.000000 0.000000
vn 1.000000 0.000000 0.000000
vn -1.000000 0.000000 0.000000
vn -1.000000 0.000000 0.000000
vn -1.000000 0.000000 0.000000
vn -1.000000 0.000000 0.000000
vn 1.000000 0.000000 0.000000
vn 1.000000 0.000000 0.000000
vn -1.000000 0.000000 0.000000
vn -1.000000 0.000000 0.000000
vn 1.000000 0.000000 0.000000
vn 1.000000 0.000000 0.000000
vn 0.000000 0.000000 1.000000
vn 0.000000 0.000000 1.000000
vn 0.000000 0.000000 1.000000
vn 0.000000 0.000000 1.000000
vn -1.000000 0.000000 0.000000
vn -1.000000 0.000000 0.000000
s off
g Books_Middle_Shelf Book3
usemtl initialShadingGroup
f 1880/3107/4812 1881/3108/4813 1883/3110/4814 1882/3109/4815
f 1904/3137/4816 1905/3138/4817 1906/3139/4818 1907/3140/4819
f 1907/3140/4820 1906/3139/4821 1908/3141/4822 1909/3142/4823
f 1909/3142/4824 1908/3141/4825 1910/3143/4826 1911/3144/4827
f 1881/3108/4828 1887/3117/4829 1885/3118/4830 1883/3110/4831
f 1886/3119/4832 1880/3107/4833 1882/3109/4834 1884/3120/4835
f 1882/3109/4836 1883/3110/4837 1889/3122/4838 1888/3121/4839
f 1883/3110/4840 1885/3112/4841 1890/3123/4842 1889/3122/4843
f 1884/3111/4844 1882/3109/4845 1888/3121/4846 1891/3124/4847
f 1885/3112/4848 1887/3114/4849 1892/3125/4850 1890/3123/4851
f 1886/3113/4852 1884/3111/4853 1891/3124/4854 1893/3126/4855
f 1887/3114/4856 1881/3116/4857 1894/3127/4858 1892/3125/4859
f 1881/3116/4860 1880/3115/4861 1895/3128/4862 1894/3127/4863
f 1880/3115/4864 1886/3113/4865 1893/3126/4866 1895/3128/4867
f 1888/3121/4868 1889/3122/4869 1897/3130/4870 1896/3129/4871
f 1889/3122/4872 1890/3123/4873 1898/3131/4874 1897/3130/4875
f 1891/3124/4876 1888/3121/4877 1896/3129/4878 1899/3132/4879
f 1890/3123/4880 1892/3125/4881 1900/3133/4882 1898/3131/4883
f 1893/3126/4884 1891/3124/4885 1899/3132/4886 1901/3134/4887
f 1892/3125/4888 1894/3127/4889 1902/3135/4890 1900/3133/4891
f 1894/3127/4892 1895/3128/4893 1903/3136/4894 1902/3135/4895
f 1895/3128/4896 1893/3126/4897 1901/3134/4898 1903/3136/4899
f 1896/3129/4900 1897/3130/4901 1905/3138/4902 1904/3137/4903
s 1
f 1897/3130/4904 1898/3131/4905 1906/3139/4906 1905/3138/4907
s 2
f 1899/3132/4908 1896/3129/4909 1904/3137/4910 1907/3140/4911
s 1
f 1898/3131/4905 1900/3133/4912 1908/3141/4913 1906/3139/4906
s 2
f 1901/3134/4914 1899/3132/4908 1907/3140/4911 1909/3142/4915
s 1
f 1900/3133/4912 1902/3135/4916 1910/3143/4917 1908/3141/4913
s off
f 1902/3135/4918 1903/3136/4919 1911/3144/4920 1910/3143/4921
s 2
f 1903/3136/4922 1901/3134/4914 1909/3142/4915 1911/3144/4923
g default
v -2.845457 5.678456 8.028936
v -3.247422 5.678456 8.028936
v -2.845457 8.408942 8.028936
v -3.247422 8.408942 8.028936
v -2.845457 8.408942 9.540026
v -3.247422 8.408942 9.540026
v -2.845457 5.678456 9.540026
v -3.247422 5.678456 9.540026
v -2.881875 8.408942 8.157331
v -3.211003 8.408942 8.157331
v -3.211003 8.408942 9.511640
v -2.881875 8.408942 9.511640
v -3.211003 5.678456 9.511640
v -2.881875 5.678456 9.511640
v -3.211003 5.678456 8.157331
v -2.881875 5.678456 8.157331
v -2.881875 8.408942 8.150040
v -3.211003 8.408942 8.150040
v -3.211003 8.408942 9.511640
v -2.881875 8.408942 9.511640
v -3.211003 5.678456 9.511640
v -2.881875 5.678456 9.511640
v -3.211003 5.678456 8.150040
v -2.881875 5.678456 8.150040
v -2.881875 8.368617 8.150040
v -3.211003 8.368617 8.150040
v -3.211003 8.388780 9.484993
v -2.881875 8.388780 9.484993
v -3.211003 5.698619 9.484993
v -2.881875 5.698619 9.484993
v -3.211003 5.718781 8.150040
v -2.881875 5.718781 8.150040
vt 0.375000 0.000000
vt 0.625000 0.000000
vt 0.375000 0.250000
vt 0.625000 0.250000
vt 0.375000 0.500000
vt 0.625000 0.500000
vt 0.375000 0.750000
vt 0.625000 0.750000
vt 0.375000 1.000000
vt 0.625000 1.000000
vt 0.875000 0.000000
vt 0.875000 0.250000
vt 0.125000 0.000000
vt 0.125000 0.250000
vt 0.375000 0.250000
vt 0.625000 0.250000
vt 0.625000 0.500000
vt 0.375000 0.500000
vt 0.625000 0.750000
vt 0.375000 0.750000
vt 0.625000 1.000000
vt 0.375000 1.000000
vt 0.375000 0.250000
vt 0.625000 0.250000
vt 0.625000 0.500000
vt 0.375000 0.500000
vt 0.625000 0.750000
vt 0.375000 0.750000
vt 0.625000 1.000000
vt 0.375000 1.000000
vt 0.375000 0.250000
vt 0.625000 0.250000
vt 0.625000 0.500000
vt 0.375000 0.500000
vt 0.625000 0.750000
vt 0.375000 0.750000
vt 0.625000 1.000000
vt 0.375000 1.000000
vn 0.000000 0.000000 -1.000000
vn 0.000000 0.000000 -1.000000
vn 0.000000 0.000000 -1.000000
vn 0.000000 0.000000 -1.000000
vn 0.000000 0.999886 -0.015101
vn 0.000000 0.999886 -0.015101
vn 0.000000 0.999886 -0.015101
vn 0.000000 0.999886 -0.015101
vn 0.000000 0.000000 1.000000
vn 0.000000 0.000000 1.000000
vn 0.000000 0.000000 1.000000
vn 0.000000 0.000000 1.000000
vn 0.000000 -0.999886 -0.015102
vn 0.000000 -0.999886 -0.015102
vn 0.000000 -0.999886 -0.015102
vn 0.000000 -0.999886 -0.015102
vn -1.000000 0.000000 0.000000
vn -1.000000 0.000000 0.000000
vn -1.000000 0.000000 0.000000
vn -1.000000 0.000000 0.000000
vn 1.000000 0.000000 0.000000
vn 1.000000 0.000000 0.000000
vn 1.000000 0.000000 0.000000
vn 1.000000 0.000000 0.000000
vn 0.000000 1.000000 -0.000004
vn 0.000000 1.000000 -0.000004
vn 0.000000 1.000000 -0.000004
vn 0.000000 1.000000 -0.000004
vn 0.000000 1.000000 0.000000
vn 0.000000 1.000000 0.000000
vn 0.000000 1.000000 0.000000
vn 0.000000 1.000000 0.000000
vn 0.000000 1.000000 0.000000
vn 0.000000 1.000000 0.000000
vn 0.000000 1.000000 0.000000
vn 0.000000 1.000000 0.000000
vn 0.614765 0.000000 0.788711
vn 0.614765 0.000000 0.788711
vn 0.614765 0.000000 0.788711
vn 0.614765 0.000000 0.788711
vn -0.614764 0.000000 0.788711
vn -0.614764 0.000000 0.788711
vn -0.614764 0.000000 0.788711
vn -0.614764 0.000000 0.788711
vn 0.000000 -1.000000 0.000000
vn 0.000000 -1.000000 0.000000
vn 0.000000 -1.000000 0.000000
vn 0.000000 -1.000000 0.000000
vn 0.000000 -1.000000 0.000001
vn 0.000000 -1.000000 0.000001
vn 0.000000 -1.000000 0.000001
vn 0.000000 -1.000000 0.000001
vn 0.000000 -1.000000 0.000000
vn 0.000000 -1.000000 0.000000
vn 0.000000 -1.000000 0.000000
vn 0.000000 -1.000000 0.000000
vn 0.000000 -1.000000 0.000000
vn 0.000000 -1.000000 0.000000
vn 0.000000 -1.000000 0.000000
vn 0.000000 -1.000000 0.000000
vn 0.000000 -0.000000 0.000000
vn 0.000000 -0.000000 0.000000
vn 0.000000 -0.000000 0.000000
vn 0.000000 -0.000000 0.000000
vn 0.000000 0.000000 0.000000
vn 0.000000 0.000000 0.000000
vn 0.000000 0.000000 0.000000
vn 0.000000 0.000000 0.000000
vn 0.000000 0.000000 0.000000
vn 0.000000 0.000000 0.000000
vn 0.000000 0.000000 0.000000
vn 0.000000 0.000000 0.000000
vn 0.000000 0.000000 0.000000
vn 0.000000 0.000000 0.000000
vn 0.000000 0.000000 0.000000
vn 0.000000 0.000000 0.000000
vn 0.000000 0.000000 0.000000
vn 0.000000 0.000000 0.000000
vn 0.000000 0.000000 0.000000
vn 0.000000 0.000000 0.000000
vn 0.000000 1.000000 0.000000
vn 0.000000 1.000000 0.000000
vn 0.000000 1.000000 0.000000
vn 0.000000 1.000000 0.000000
vn 0.000000 0.000000 0.000000
vn 0.000000 0.000000 0.000000
vn 0.000000 0.000000 0.000000
vn 0.000000 0.000000 0.000000
vn 0.000000 0.000000 1.000000
vn 0.000000 0.000000 1.000000
vn 0.000000 0.000000 1.000000
vn 0.000000 0.000000 1.000000
vn 1.000000 -0.000001 0.000000
vn 1.000000 -0.000000 0.000000
vn 1.000000 -0.000001 0.000000
vn 1.000000 -0.000001 0.000000
vn -1.000000 -0.000000 0.000000
vn -1.000000 -0.000000 0.000000
vn -1.000000 -0.000000 0.000000
vn -1.000000 -0.000000 0.000000
vn 1.000000 0.000000 0.000000
vn 1.000000 0.000000 0.000000
vn -1.000000 0.000000 0.000000
vn -1.000000 0.000000 0.000000
vn 1.000000 0.000001 0.000000
vn 1.000000 0.000001 0.000000
vn 0.000000 0.000000 1.000000
vn 0.000000 0.000000 1.000000
vn 0.000000 0.000000 1.000000
vn 0.000000 0.000000 1.000000
vn -1.000000 0.000000 0.000000
vn -1.000000 0.000000 0.000000
s off
g Books_Middle_Shelf book4
usemtl initialShadingGroup
f 1912/3145/4924 1913/3146/4925 1915/3148/4926 1914/3147/4927
f 1936/3175/4928 1937/3176/4929 1938/3177/4930 1939/3178/4931
f 1939/3178/4932 1938/3177/4933 1940/3179/4934 1941/3180/4935
f 1941/3180/4936 1940/3179/4937 1942/3181/4938 1943/3182/4939
f 1913/3146/4940 1919/3155/4941 1917/3156/4942 1915/3148/4943
f 1918/3157/4944 1912/3145/4945 1914/3147/4946 1916/3158/4947
f 1914/3147/4948 1915/3148/4949 1921/3160/4950 1920/3159/4951
f 1915/3148/4952 1917/3150/4953 1922/3161/4954 1921/3160/4955
f 1916/3149/4956 1914/3147/4957 1920/3159/4958 1923/3162/4959
f 1917/3150/4960 1919/3152/4961 1924/3163/4962 1922/3161/4963
f 1918/3151/4964 1916/3149/4965 1923/3162/4966 1925/3164/4967
f 1919/3152/4968 1913/3154/4969 1926/3165/4970 1924/3163/4971
f 1913/3154/4972 1912/3153/4973 1927/3166/4974 1926/3165/4975
f 1912/3153/4976 1918/3151/4977 1925/3164/4978 1927/3166/4979
f 1920/3159/4980 1921/3160/4981 1929/3168/4982 1928/3167/4983
f 1921/3160/4984 1922/3161/4985 1930/3169/4986 1929/3168/4987
f 1923/3162/4988 1920/3159/4989 1928/3167/4990 1931/3170/4991
f 1922/3161/4992 1924/3163/4993 1932/3171/4994 1930/3169/4995
f 1925/3164/4996 1923/3162/4997 1931/3170/4998 1933/3172/4999
f 1924/3163/5000 1926/3165/5001 1934/3173/5002 1932/3171/5003
f 1926/3165/5004 1927/3166/5005 1935/3174/5006 1934/3173/5007
f 1927/3166/5008 1925/3164/5009 1933/3172/5010 1935/3174/5011
f 1928/3167/5012 1929/3168/5013 1937/3176/5014 1936/3175/5015
s 1
f 1929/3168/5016 1930/3169/5017 1938/3177/5018 1937/3176/5019
s 2
f 1931/3170/5020 1928/3167/5021 1936/3175/5022 1939/3178/5023
s 1
f 1930/3169/5017 1932/3171/5024 1940/3179/5025 1938/3177/5018
s 2
f 1933/3172/5026 1931/3170/5020 1939/3178/5023 1941/3180/5027
s 1
f 1932/3171/5024 1934/3173/5028 1942/3181/5029 1940/3179/5025
s off
f 1934/3173/5030 1935/3174/5031 1943/3182/5032 1942/3181/5033
s 2
f 1935/3174/5034 1933/3172/5026 1941/3180/5027 1943/3182/5035
g default
v -3.319552 5.678456 8.000001
v -3.881348 5.678456 8.000001
v -3.319552 8.551744 8.000001
v -3.881348 8.551744 8.000001
v -3.319552 8.551744 9.673482
v -3.881348 8.551744 9.673482
v -3.319552 5.678456 9.673482
v -3.881348 5.678456 9.673482
v -3.370451 8.551744 8.142194
v -3.830449 8.551744 8.142194
v -3.830449 8.551744 9.642045
v -3.370451 8.551744 9.642045
v -3.830449 5.678456 9.642045
v -3.370451 5.678456 9.642045
v -3.830449 5.678456 8.142194
v -3.370451 5.678456 8.142194
v -3.370451 8.551744 8.134119
v -3.830449 8.551744 8.134119
v -3.830449 8.551744 9.642045
v -3.370451 8.551744 9.642045
v -3.830449 5.678456 9.642045
v -3.370451 5.678456 9.642045
v -3.830449 5.678456 8.134119
v -3.370451 5.678456 8.134119
v -3.370451 8.509310 8.134119
v -3.830449 8.509310 8.134119
v -3.830449 8.530526 9.612535
v -3.370451 8.530526 9.612535
v -3.830449 5.699674 9.612535
v -3.370451 5.699674 9.612535
v -3.830449 5.720891 8.134119
v -3.370451 5.720891 8.134119
vt 0.375000 0.000000
vt 0.625000 0.000000
vt 0.375000 0.250000
vt 0.625000 0.250000
vt 0.375000 0.500000
vt 0.625000 0.500000
vt 0.375000 0.750000
vt 0.625000 0.750000
vt 0.375000 1.000000
vt 0.625000 1.000000
vt 0.875000 0.000000
vt 0.875000 0.250000
vt 0.125000 0.000000
vt 0.125000 0.250000
vt 0.375000 0.250000
vt 0.625000 0.250000
vt 0.625000 0.500000
vt 0.375000 0.500000
vt 0.625000 0.750000
vt 0.375000 0.750000
vt 0.625000 1.000000
vt 0.375000 1.000000
vt 0.375000 0.250000
vt 0.625000 0.250000
vt 0.625000 0.500000
vt 0.375000 0.500000
vt 0.625000 0.750000
vt 0.375000 0.750000
vt 0.625000 1.000000
vt 0.375000 1.000000
vt 0.375000 0.250000
vt 0.625000 0.250000
vt 0.625000 0.500000
vt 0.375000 0.500000
vt 0.625000 0.750000
vt 0.375000 0.750000
vt 0.625000 1.000000
vt 0.375000 1.000000
vn 0.000000 0.000000 -1.000000
vn 0.000000 0.000000 -1.000000
vn 0.000000 0.000000 -1.000000
vn 0.000000 0.000000 -1.000000
vn 0.000000 0.999897 -0.014349
vn 0.000000 0.999897 -0.014349
vn 0.000000 0.999897 -0.014349
vn 0.000000 0.999897 -0.014349
vn 0.000000 0.000000 1.000000
vn 0.000000 0.000000 1.000000
vn 0.000000 0.000000 1.000000
vn 0.000000 0.000000 1.000000
vn 0.000000 -0.999897 -0.014350
vn 0.000000 -0.999897 -0.014350
vn 0.000000 -0.999897 -0.014350
vn 0.000000 -0.999897 -0.014350
vn -1.000000 0.000000 0.000000
vn -1.000000 0.000000 0.000000
vn -1.000000 0.000000 0.000000
vn -1.000000 0.000000 0.000000
vn 1.000000 0.000000 0.000000
vn 1.000000 0.000000 0.000000
vn 1.000000 0.000000 0.000000
vn 1.000000 0.000000 0.000000
vn 0.000000 1.000000 0.000002
vn 0.000000 1.000000 0.000002
vn 0.000000 1.000000 0.000002
vn 0.000000 1.000000 0.000002
vn 0.000000 1.000000 0.000000
vn 0.000000 1.000000 0.000000
vn 0.000000 1.000000 0.000000
vn 0.000000 1.000000 0.000000
vn 0.000000 1.000000 0.000000
vn 0.000000 1.000000 0.000000
vn 0.000000 1.000000 0.000000
vn 0.000000 1.000000 0.000000
vn 0.525477 0.000000 0.850808
vn 0.525477 0.000000 0.850808
vn 0.525477 0.000000 0.850808
vn 0.525477 0.000000 0.850808
vn -0.525478 0.000000 0.850807
vn -0.525478 0.000000 0.850807
vn -0.525478 0.000000 0.850807
vn -0.525478 0.000000 0.850807
vn 0.000000 -1.000000 0.000000
vn 0.000000 -1.000000 0.000000
vn 0.000000 -1.000000 0.000000
vn 0.000000 -1.000000 0.000000
vn 0.000000 -1.000000 0.000004
vn 0.000000 -1.000000 0.000004
vn 0.000000 -1.000000 0.000004
vn 0.000000 -1.000000 0.000004
vn 0.000000 -1.000000 0.000000
vn 0.000000 -1.000000 0.000000
vn 0.000000 -1.000000 0.000000
vn 0.000000 -1.000000 0.000000
vn 0.000000 -1.000000 0.000000
vn 0.000000 -1.000000 0.000000
vn 0.000000 -1.000000 0.000000
vn 0.000000 -1.000000 0.000000
vn 0.000000 -0.000000 0.000000
vn 0.000000 -0.000000 0.000000
vn 0.000000 -0.000000 0.000000
vn 0.000000 -0.000000 0.000000
vn 0.000000 -0.000000 0.000000
vn 0.000000 -1.000000 0.000000
vn 0.000000 -0.000000 0.000000
vn 0.000000 -0.000000 0.000000
vn 0.000000 0.000000 0.000000
vn 0.000000 0.000000 0.000000
vn 0.000000 0.000000 0.000000
vn 0.000000 0.000000 0.000000
vn 0.000000 0.000000 0.000000
vn 0.000000 0.000000 0.000000
vn 0.000000 0.000000 0.000000
vn 0.000000 0.000000 0.000000
vn 0.000000 0.000000 0.000000
vn 0.000000 0.000000 0.000000
vn 0.000000 0.000000 0.000000
vn 0.000000 0.000000 0.000000
vn 0.000000 1.000000 0.000000
vn 0.000000 1.000000 0.000000
vn 0.000000 1.000000 0.000000
vn 0.000000 1.000000 0.000000
vn 0.000000 1.000000 0.000000
vn 0.000000 0.000000 0.000000
vn 0.000000 0.000000 0.000000
vn 0.000000 0.000000 0.000000
vn 0.000000 0.000000 1.000000
vn 0.000000 0.000000 1.000000
vn 0.000000 0.000000 1.000000
vn 0.000000 0.000000 1.000000
vn 1.000000 0.000000 0.000000
vn 1.000000 0.000000 0.000000
vn 1.000000 0.000000 0.000000
vn 1.000000 0.000000 0.000000
vn -1.000000 0.000000 0.000000
vn -1.000000 0.000001 0.000000
vn -1.000000 0.000001 0.000000
vn -1.000000 0.000001 0.000000
vn 1.000000 0.000000 0.000000
vn 1.000000 0.000000 0.000000
vn -1.000000 -0.000001 0.000000
vn -1.000000 -0.000001 0.000000
vn 1.000000 0.000000 0.000000
vn 1.000000 0.000000 0.000000
vn 0.000000 0.000000 1.000000
vn 0.000000 0.000000 1.000000
vn 0.000000 0.000000 1.000000
vn 0.000000 0.000000 1.000000
vn -1.000000 -0.000003 0.000000
vn -1.000000 -0.000003 0.000000
s off
g Books_Middle_Shelf book5
usemtl initialShadingGroup
f 1944/3183/5036 1945/3184/5037 1947/3186/5038 1946/3185/5039
f 1968/3213/5040 1969/3214/5041 1970/3215/5042 1971/3216/5043
f 1971/3216/5044 1970/3215/5045 1972/3217/5046 1973/3218/5047
f 1973/3218/5048 1972/3217/5049 1974/3219/5050 1975/3220/5051
f 1945/3184/5052 1951/3193/5053 1949/3194/5054 1947/3186/5055
f 1950/3195/5056 1944/3183/5057 1946/3185/5058 1948/3196/5059
f 1946/3185/5060 1947/3186/5061 1953/3198/5062 1952/3197/5063
f 1947/3186/5064 1949/3188/5065 1954/3199/5066 1953/3198/5067
f 1948/3187/5068 1946/3185/5069 1952/3197/5070 1955/3200/5071
f 1949/3188/5072 1951/3190/5073 1956/3201/5074 1954/3199/5075
f 1950/3189/5076 1948/3187/5077 1955/3200/5078 1957/3202/5079
f 1951/3190/5080 1945/3192/5081 1958/3203/5082 1956/3201/5083
f 1945/3192/5084 1944/3191/5085 1959/3204/5086 1958/3203/5087
f 1944/3191/5088 1950/3189/5089 1957/3202/5090 1959/3204/5091
f 1952/3197/5092 1953/3198/5093 1961/3206/5094 1960/3205/5095
f 1953/3198/5096 1954/3199/5097 1962/3207/5098 1961/3206/5099
f 1955/3200/5100 1952/3197/5101 1960/3205/5102 1963/3208/5103
f 1954/3199/5104 1956/3201/5105 1964/3209/5106 1962/3207/5107
f 1957/3202/5108 1955/3200/5109 1963/3208/5110 1965/3210/5111
f 1956/3201/5112 1958/3203/5113 1966/3211/5114 1964/3209/5115
f 1958/3203/5116 1959/3204/5117 1967/3212/5118 1966/3211/5119
f 1959/3204/5120 1957/3202/5121 1965/3210/5122 1967/3212/5123
f 1960/3205/5124 1961/3206/5125 1969/3214/5126 1968/3213/5127
s 1
f 1961/3206/5128 1962/3207/5129 1970/3215/5130 1969/3214/5131
s 2
f 1963/3208/5132 1960/3205/5133 1968/3213/5134 1971/3216/5135
s 1
f 1962/3207/5129 1964/3209/5136 1972/3217/5137 1970/3215/5130
s 2
f 1965/3210/5138 1963/3208/5132 1971/3216/5135 1973/3218/5139
s 1
f 1964/3209/5136 1966/3211/5140 1974/3219/5141 1972/3217/5137
s off
f 1966/3211/5142 1967/3212/5143 1975/3220/5144 1974/3219/5145
s 2
f 1967/3212/5146 1965/3210/5138 1973/3218/5139 1975/3220/5147
g default
v -3.873765 5.678456 7.880031
v -4.435561 5.678456 7.880031
v -3.873765 8.551744 7.880031
v -4.435561 8.551744 7.880031
v -3.873765 8.551744 9.553512
v -4.435561 8.551744 9.553512
v -3.873765 5.678456 9.553512
v -4.435561 5.678456 9.553512
v -3.924664 8.551744 8.022223
v -4.384662 8.551744 8.022223
v -4.384662 8.551744 9.522075
v -3.924664 8.551744 9.522075
v -4.384662 5.678456 9.522075
v -3.924664 5.678456 9.522075
v -4.384662 5.678456 8.022223
v -3.924664 5.678456 8.022223
v -3.924664 8.551744 8.014149
v -4.384662 8.551744 8.014149
v -4.384662 8.551744 9.522075
v -3.924664 8.551744 9.522075
v -4.384662 5.678456 9.522075
v -3.924664 5.678456 9.522075
v -4.384662 5.678456 8.014149
v -3.924664 5.678456 8.014149
v -3.924664 8.509310 8.014149
v -4.384662 8.509310 8.014149
v -4.384662 8.530526 9.492565
v -3.924664 8.530526 9.492565
v -4.384662 5.699674 9.492565
v -3.924664 5.699674 9.492565
v -4.384662 5.720891 8.014149
v -3.924664 5.720891 8.014149
vt 0.375000 0.000000
vt 0.625000 0.000000
vt 0.375000 0.250000
vt 0.625000 0.250000
vt 0.375000 0.500000
vt 0.625000 0.500000
vt 0.375000 0.750000
vt 0.625000 0.750000
vt 0.375000 1.000000
vt 0.625000 1.000000
vt 0.875000 0.000000
vt 0.875000 0.250000
vt 0.125000 0.000000
vt 0.125000 0.250000
vt 0.375000 0.250000
vt 0.625000 0.250000
vt 0.625000 0.500000
vt 0.375000 0.500000
vt 0.625000 0.750000
vt 0.375000 0.750000
vt 0.625000 1.000000
vt 0.375000 1.000000
vt 0.375000 0.250000
vt 0.625000 0.250000
vt 0.625000 0.500000
vt 0.375000 0.500000
vt 0.625000 0.750000
vt 0.375000 0.750000
vt 0.625000 1.000000
vt 0.375000 1.000000
vt 0.375000 0.250000
vt 0.625000 0.250000
vt 0.625000 0.500000
vt 0.375000 0.500000
vt 0.625000 0.750000
vt 0.375000 0.750000
vt 0.625000 1.000000
vt 0.375000 1.000000
vn 0.000000 0.000000 -1.000000
vn 0.000000 0.000000 -1.000000
vn 0.000000 0.000000 -1.000000
vn 0.000000 0.000000 -1.000000
vn 0.000000 0.999897 -0.014349
vn 0.000000 0.999897 -0.014349
vn 0.000000 0.999897 -0.014349
vn 0.000000 0.999897 -0.014349
vn 0.000000 0.000000 1.000000
vn 0.000000 0.000000 1.000000
vn 0.000000 0.000000 1.000000
vn 0.000000 0.000000 1.000000
vn 0.000000 -0.999897 -0.014350
vn 0.000000 -0.999897 -0.014350
vn 0.000000 -0.999897 -0.014350
vn 0.000000 -0.999897 -0.014350
vn -1.000000 0.000000 0.000000
vn -1.000000 0.000000 0.000000
vn -1.000000 0.000000 0.000000
vn -1.000000 0.000000 0.000000
vn 1.000000 0.000000 0.000000
vn 1.000000 0.000000 0.000000
vn 1.000000 0.000000 0.000000
vn 1.000000 0.000000 0.000000
vn 0.000000 1.000000 0.000002
vn 0.000000 1.000000 0.000002
vn 0.000000 1.000000 0.000002
vn 0.000000 1.000000 0.000002
vn 0.000000 1.000000 0.000000
vn 0.000000 1.000000 0.000000
vn 0.000000 1.000000 0.000000
vn 0.000000 1.000000 0.000000
vn 0.000000 1.000000 0.000000
vn 0.000000 1.000000 0.000000
vn 0.000000 1.000000 0.000000
vn 0.000000 1.000000 0.000000
vn 0.525486 0.000000 0.850803
vn 0.525486 0.000000 0.850803
vn 0.525486 0.000000 0.850803
vn 0.525486 0.000000 0.850803
vn -0.525486 0.000000 0.850802
vn -0.525486 0.000000 0.850802
vn -0.525486 0.000000 0.850802
vn -0.525486 0.000000 0.850802
vn 0.000000 -1.000000 0.000000
vn 0.000000 -1.000000 0.000000
vn 0.000000 -1.000000 0.000000
vn 0.000000 -1.000000 0.000000
vn 0.000000 -1.000000 0.000004
vn 0.000000 -1.000000 0.000004
vn 0.000000 -1.000000 0.000004
vn 0.000000 -1.000000 0.000004
vn 0.000000 -1.000000 0.000000
vn 0.000000 -1.000000 0.000000
vn 0.000000 -1.000000 0.000000
vn 0.000000 -1.000000 0.000000
vn 0.000000 -1.000000 0.000000
vn 0.000000 -1.000000 0.000000
vn 0.000000 -1.000000 0.000000
vn 0.000000 -1.000000 0.000000
vn 0.000000 1.000000 0.000000
vn 0.000000 0.000000 0.000000
vn 0.000000 0.000000 0.000000
vn 0.000000 0.000000 0.000000
vn 0.000000 0.000000 0.000000
vn 0.000000 0.000000 0.000000
vn 0.000000 0.000000 0.000000
vn 0.000000 0.000000 0.000000
vn 0.000000 0.000000 0.000000
vn 0.000000 0.000000 0.000000
vn 0.000000 0.000000 0.000000
vn 0.000000 0.000000 0.000000
vn 0.000000 0.000000 0.000000
vn 0.000000 0.000000 0.000000
vn 0.000000 0.000000 0.000000
vn 0.000000 0.000000 0.000000
vn 0.000000 -0.000000 0.000000
vn 0.000000 -1.000000 0.000000
vn 0.000000 -0.000000 0.000000
vn 0.000000 -0.000000 0.000000
vn 0.000000 1.000000 0.000000
vn 0.000000 1.000000 0.000000
vn 0.000000 1.000000 0.000000
vn 0.000000 1.000000 0.000000
vn 0.000000 -0.000000 0.000000
vn 0.000000 -0.000000 0.000000
vn 0.000000 -0.000000 0.000000
vn 0.000000 -0.000000 0.000000
vn 0.000000 0.000000 1.000000
vn 0.000000 0.000000 1.000000
vn 0.000000 0.000000 1.000000
vn 0.000000 0.000000 1.000000
vn 1.000000 -0.000005 0.000000
vn 1.000000 -0.000001 0.000000
vn 1.000000 -0.000002 0.000000
vn 1.000000 -0.000005 0.000000
vn -1.000000 -0.000000 0.000000
vn -1.000000 -0.000001 0.000000
vn -1.000000 -0.000001 0.000000
vn -1.000000 -0.000000 0.000000
vn 1.000000 0.000001 0.000000
vn 1.000000 0.000001 0.000000
vn -1.000000 0.000000 0.000000
vn -1.000000 0.000000 0.000000
vn 1.000000 0.000003 0.000000
vn 1.000000 0.000003 0.000000
vn 0.000000 0.000000 1.000000
vn 0.000000 0.000000 1.000000
vn 0.000000 0.000000 1.000000
vn 0.000000 0.000000 1.000000
vn -1.000000 0.000000 0.000000
vn -1.000000 0.000000 0.000000
s off
g Books_Middle_Shelf book6
usemtl initialShadingGroup
f 1976/3221/5148 1977/3222/5149 1979/3224/5150 1978/3223/5151
f 2000/3251/5152 2001/3252/5153 2002/3253/5154 2003/3254/5155
f 2003/3254/5156 2002/3253/5157 2004/3255/5158 2005/3256/5159
f 2005/3256/5160 2004/3255/5161 2006/3257/5162 2007/3258/5163
f 1977/3222/5164 1983/3231/5165 1981/3232/5166 1979/3224/5167
f 1982/3233/5168 1976/3221/5169 1978/3223/5170 1980/3234/5171
f 1978/3223/5172 1979/3224/5173 1985/3236/5174 1984/3235/5175
f 1979/3224/5176 1981/3226/5177 1986/3237/5178 1985/3236/5179
f 1980/3225/5180 1978/3223/5181 1984/3235/5182 1987/3238/5183
f 1981/3226/5184 1983/3228/5185 1988/3239/5186 1986/3237/5187
f 1982/3227/5188 1980/3225/5189 1987/3238/5190 1989/3240/5191
f 1983/3228/5192 1977/3230/5193 1990/3241/5194 1988/3239/5195
f 1977/3230/5196 1976/3229/5197 1991/3242/5198 1990/3241/5199
f 1976/3229/5200 1982/3227/5201 1989/3240/5202 1991/3242/5203
f 1984/3235/5204 1985/3236/5205 1993/3244/5206 1992/3243/5207
f 1985/3236/5208 1986/3237/5209 1994/3245/5210 1993/3244/5211
f 1987/3238/5212 1984/3235/5213 1992/3243/5214 1995/3246/5215
f 1986/3237/5216 1988/3239/5217 1996/3247/5218 1994/3245/5219
f 1989/3240/5220 1987/3238/5221 1995/3246/5222 1997/3248/5223
f 1988/3239/5224 1990/3241/5225 1998/3249/5226 1996/3247/5227
f 1990/3241/5228 1991/3242/5229 1999/3250/5230 1998/3249/5231
f 1991/3242/5232 1989/3240/5233 1997/3248/5234 1999/3250/5235
f 1992/3243/5236 1993/3244/5237 2001/3252/5238 2000/3251/5239
s 1
f 1993/3244/5240 1994/3245/5241 2002/3253/5242 2001/3252/5243
s 2
f 1995/3246/5244 1992/3243/5245 2000/3251/5246 2003/3254/5247
s 1
f 1994/3245/5241 1996/3247/5248 2004/3255/5249 2002/3253/5242
s 2
f 1997/3248/5250 1995/3246/5244 2003/3254/5247 2005/3256/5251
s 1
f 1996/3247/5248 1998/3249/5252 2006/3257/5253 2004/3255/5249
s off
f 1998/3249/5254 1999/3250/5255 2007/3258/5256 2006/3257/5257
s 2
f 1999/3250/5258 1997/3248/5250 2005/3256/5251 2007/3258/5259
g default
v -4.492318 5.678456 8.062191
v -4.719935 5.678456 8.062191
v -4.492318 8.343242 8.062191
v -4.719935 8.343242 8.062191
v -4.492318 8.343242 9.436893
v -4.719935 8.343242 9.436893
v -4.492318 5.678456 9.436893
v -4.719935 5.678456 9.436893
v -4.512940 8.343242 8.178997
v -4.699313 8.343242 8.178997
v -4.699313 8.343242 9.411068
v -4.512940 8.343242 9.411068
v -4.699313 5.678456 9.411068
v -4.512940 5.678456 9.411068
v -4.699313 5.678456 8.178997
v -4.512940 5.678456 8.178997
v -4.512940 8.343242 8.172363
v -4.699313 8.343242 8.172363
v -4.699313 8.343242 9.411068
v -4.512940 8.343242 9.411068
v -4.699313 5.678456 9.411068
v -4.512940 5.678456 9.411068
v -4.699313 5.678456 8.172363
v -4.512940 5.678456 8.172363
v -4.512940 8.303887 8.172363
v -4.699313 8.303887 8.172363
v -4.699313 8.323565 9.386827
v -4.512940 8.323565 9.386827
v -4.699313 5.698133 9.386827
v -4.512940 5.698133 9.386827
v -4.699313 5.717811 8.172363
v -4.512940 5.717811 8.172363
vt 0.375000 0.000000
vt 0.625000 0.000000
vt 0.375000 0.250000
vt 0.625000 0.250000
vt 0.375000 0.500000
vt 0.625000 0.500000
vt 0.375000 0.750000
vt 0.625000 0.750000
vt 0.375000 1.000000
vt 0.625000 1.000000
vt 0.875000 0.000000
vt 0.875000 0.250000
vt 0.125000 0.000000
vt 0.125000 0.250000
vt 0.375000 0.250000
vt 0.625000 0.250000
vt 0.625000 0.500000
vt 0.375000 0.500000
vt 0.625000 0.750000
vt 0.375000 0.750000
vt 0.625000 1.000000
vt 0.375000 1.000000
vt 0.375000 0.250000
vt 0.625000 0.250000
vt 0.625000 0.500000
vt 0.375000 0.500000
vt 0.625000 0.750000
vt 0.375000 0.750000
vt 0.625000 1.000000
vt 0.375000 1.000000
vt 0.375000 0.250000
vt 0.625000 0.250000
vt 0.625000 0.500000
vt 0.375000 0.500000
vt 0.625000 0.750000
vt 0.375000 0.750000
vt 0.625000 1.000000
vt 0.375000 1.000000
vn 0.000000 0.000000 -1.000000
vn 0.000000 0.000000 -1.000000
vn 0.000000 0.000000 -1.000000
vn 0.000000 0.000000 -1.000000
vn 0.000000 0.999869 -0.016201
vn 0.000000 0.999869 -0.016201
vn 0.000000 0.999869 -0.016201
vn 0.000000 0.999869 -0.016201
vn 0.000000 0.000000 1.000000
vn 0.000000 0.000000 1.000000
vn 0.000000 0.000000 1.000000
vn 0.000000 0.000000 1.000000
vn 0.000000 -0.999869 -0.016201
vn 0.000000 -0.999869 -0.016201
vn 0.000000 -0.999869 -0.016201
vn 0.000000 -0.999869 -0.016201
vn -1.000000 0.000000 0.000000
vn -1.000000 0.000000 0.000000
vn -1.000000 0.000000 0.000000
vn -1.000000 0.000000 0.000000
vn 1.000000 0.000000 0.000000
vn 1.000000 0.000000 0.000000
vn 1.000000 0.000000 0.000000
vn 1.000000 0.000000 0.000000
vn 0.000000 1.000000 -0.000009
vn 0.000000 1.000000 -0.000009
vn 0.000000 1.000000 -0.000009
vn 0.000000 1.000000 -0.000009
vn 0.000000 1.000000 0.000000
vn 0.000000 1.000000 0.000000
vn 0.000000 1.000000 0.000000
vn 0.000000 1.000000 0.000000
vn 0.000000 1.000000 0.000000
vn 0.000000 1.000000 0.000000
vn 0.000000 1.000000 0.000000
vn 0.000000 1.000000 0.000000
vn 0.781425 0.000000 0.623999
vn 0.781425 0.000000 0.623999
vn 0.781425 0.000000 0.623999
vn 0.781425 0.000000 0.623999
vn -0.781425 0.000000 0.623999
vn -0.781425 0.000000 0.623999
vn -0.781425 0.000000 0.623999
vn -0.781425 0.000000 0.623999
vn 0.000000 -1.000000 0.000000
vn 0.000000 -1.000000 0.000000
vn 0.000000 -1.000000 0.000000
vn 0.000000 -1.000000 0.000000
vn 0.000000 -1.000000 0.000002
vn 0.000000 -1.000000 0.000002
vn 0.000000 -1.000000 0.000002
vn 0.000000 -1.000000 0.000002
vn 0.000000 -1.000000 0.000000
vn 0.000000 -1.000000 0.000000
vn 0.000000 -1.000000 0.000000
vn 0.000000 -1.000000 0.000000
vn 0.000000 -1.000000 0.000000
vn 0.000000 -1.000000 0.000000
vn 0.000000 -1.000000 0.000000
vn 0.000000 -1.000000 0.000000
vn 0.000000 -0.000000 0.000000
vn 0.000000 -0.000000 0.000000
vn 0.000000 -0.000000 0.000000
vn 0.000000 -0.000000 0.000000
vn 0.000000 0.000000 0.000000
vn 0.000000 0.000000 0.000000
vn 0.000000 0.000000 0.000000
vn 0.000000 0.000000 0.000000
vn 0.000000 0.000000 0.000000
vn 0.000000 0.000000 0.000000
vn 0.000000 0.000000 0.000000
vn 0.000000 0.000000 0.000000
vn 0.000000 0.000000 0.000000
vn 0.000000 0.000000 0.000000
vn 0.000000 0.000000 0.000000
vn 0.000000 0.000000 0.000000
vn 0.000000 0.000000 0.000000
vn 0.000000 0.000000 0.000000
vn 0.000000 0.000000 0.000000
vn 0.000000 0.000000 0.000000
vn 0.000000 1.000000 0.000000
vn 0.000000 1.000000 0.000000
vn 0.000000 1.000000 0.000000
vn 0.000000 1.000000 0.000000
vn 0.000000 -0.000000 0.000000
vn 0.000000 -0.000000 0.000000
vn 0.000000 -0.000000 0.000000
vn 0.000000 -0.000000 0.000000
vn 0.000000 0.000000 1.000000
vn 0.000000 0.000000 1.000000
vn 0.000000 0.000000 1.000000
vn 0.000000 0.000000 1.000000
vn 1.000000 0.000007 0.000000
vn 1.000000 0.000002 0.000000
vn 1.000000 0.000003 0.000000
vn 1.000000 0.000007 0.000000
vn -1.000000 0.000001 0.000000
vn -1.000000 0.000002 0.000000
vn -1.000000 0.000002 0.000000
vn -1.000000 0.000001 0.000000
vn 1.000000 -0.000001 0.000000
vn 1.000000 -0.000002 0.000000
vn -1.000000 0.000000 0.000000
vn -1.000000 0.000000 0.000000
vn 1.000000 -0.000005 0.000000
vn 1.000000 -0.000005 0.000000
vn 0.000000 0.000000 1.000000
vn 0.000000 0.000000 1.000000
vn 0.000000 0.000000 1.000000
vn 0.000000 0.000000 1.000000
vn -1.000000 0.000000 0.000000
vn -1.000000 0.000000 0.000000
s off
g Books_Middle_Shelf book7
usemtl initialShadingGroup
f 2008/3259/5260 2009/3260/5261 2011/3262/5262 2010/3261/5263
f 2032/3289/5264 2033/3290/5265 2034/3291/5266 2035/3292/5267
f 2035/3292/5268 2034/3291/5269 2036/3293/5270 2037/3294/5271
f 2037/3294/5272 2036/3293/5273 2038/3295/5274 2039/3296/5275
f 2009/3260/5276 2015/3269/5277 2013/3270/5278 2011/3262/5279
f 2014/3271/5280 2008/3259/5281 2010/3261/5282 2012/3272/5283
f 2010/3261/5284 2011/3262/5285 2017/3274/5286 2016/3273/5287
f 2011/3262/5288 2013/3264/5289 2018/3275/5290 2017/3274/5291
f 2012/3263/5292 2010/3261/5293 2016/3273/5294 2019/3276/5295
f 2013/3264/5296 2015/3266/5297 2020/3277/5298 2018/3275/5299
f 2014/3265/5300 2012/3263/5301 2019/3276/5302 2021/3278/5303
f 2015/3266/5304 2009/3268/5305 2022/3279/5306 2020/3277/5307
f 2009/3268/5308 2008/3267/5309 2023/3280/5310 2022/3279/5311
f 2008/3267/5312 2014/3265/5313 2021/3278/5314 2023/3280/5315
f 2016/3273/5316 2017/3274/5317 2025/3282/5318 2024/3281/5319
f 2017/3274/5320 2018/3275/5321 2026/3283/5322 2025/3282/5323
f 2019/3276/5324 2016/3273/5325 2024/3281/5326 2027/3284/5327
f 2018/3275/5328 2020/3277/5329 2028/3285/5330 2026/3283/5331
f 2021/3278/5332 2019/3276/5333 2027/3284/5334 2029/3286/5335
f 2020/3277/5336 2022/3279/5337 2030/3287/5338 2028/3285/5339
f 2022/3279/5340 2023/3280/5341 2031/3288/5342 2030/3287/5343
f 2023/3280/5344 2021/3278/5345 2029/3286/5346 2031/3288/5347
f 2024/3281/5348 2025/3282/5349 2033/3290/5350 2032/3289/5351
s 1
f 2025/3282/5352 2026/3283/5353 2034/3291/5354 2033/3290/5355
s 2
f 2027/3284/5356 2024/3281/5357 2032/3289/5358 2035/3292/5359
s 1
f 2026/3283/5353 2028/3285/5360 2036/3293/5361 2034/3291/5354
s 2
f 2029/3286/5362 2027/3284/5356 2035/3292/5359 2037/3294/5363
s 1
f 2028/3285/5360 2030/3287/5364 2038/3295/5365 2036/3293/5361
s off
f 2030/3287/5366 2031/3288/5367 2039/3296/5368 2038/3295/5369
s 2
f 2031/3288/5370 2029/3286/5362 2037/3294/5363 2039/3296/5371
g default
v -4.756532 5.678456 8.000001
v -5.318328 5.678456 8.000001
v -4.756532 8.702378 8.000001
v -5.318328 8.702378 8.000001
v -4.756532 8.702378 9.673482
v -5.318328 8.702378 9.673482
v -4.756532 5.678456 9.673482
v -5.318328 5.678456 9.673482
v -4.807431 8.702378 8.142194
v -5.267428 8.702378 8.142194
v -5.267428 8.702378 9.642045
v -4.807431 8.702378 9.642045
v -5.267428 5.678456 9.642045
v -4.807431 5.678456 9.642045
v -5.267428 5.678456 8.142194
v -4.807431 5.678456 8.142194
v -4.807431 8.702378 8.134119
v -5.267428 8.702378 8.134119
v -5.267428 8.702378 9.642045
v -4.807431 8.702378 9.642045
v -5.267428 5.678456 9.642045
v -4.807431 5.678456 9.642045
v -5.267428 5.678456 8.134119
v -4.807431 5.678456 8.134119
v -4.807431 8.657720 8.134119
v -5.267428 8.657720 8.134119
v -5.267428 8.680049 9.612535
v -4.807431 8.680049 9.612535
v -5.267428 5.700786 9.612535
v -4.807431 5.700786 9.612535
v -5.267428 5.723115 8.134119
v -4.807431 5.723115 8.134119
vt 0.375000 0.000000
vt 0.625000 0.000000
vt 0.375000 0.250000
vt 0.625000 0.250000
vt 0.375000 0.500000
vt 0.625000 0.500000
vt 0.375000 0.750000
vt 0.625000 0.750000
vt 0.375000 1.000000
vt 0.625000 1.000000
vt 0.875000 0.000000
vt 0.875000 0.250000
vt 0.125000 0.000000
vt 0.125000 0.250000
vt 0.375000 0.250000
vt 0.625000 0.250000
vt 0.625000 0.500000
vt 0.375000 0.500000
vt 0.625000 0.750000
vt 0.375000 0.750000
vt 0.625000 1.000000
vt 0.375000 1.000000
vt 0.375000 0.250000
vt 0.625000 0.250000
vt 0.625000 0.500000
vt 0.375000 0.500000
vt 0.625000 0.750000
vt 0.375000 0.750000
vt 0.625000 1.000000
vt 0.375000 1.000000
vt 0.375000 0.250000
vt 0.625000 0.250000
vt 0.625000 0.500000
vt 0.375000 0.500000
vt 0.625000 0.750000
vt 0.375000 0.750000
vt 0.625000 1.000000
vt 0.375000 1.000000
vn 0.000000 0.000000 -1.000000
vn 0.000000 0.000000 -1.000000
vn 0.000000 0.000000 -1.000000
vn 0.000000 0.000000 -1.000000
vn 0.000000 0.999886 -0.015101
vn 0.000000 0.999886 -0.015101
vn 0.000000 0.999886 -0.015101
vn 0.000000 0.999886 -0.015101
vn 0.000000 0.000000 1.000000
vn 0.000000 0.000000 1.000000
vn 0.000000 0.000000 1.000000
vn 0.000000 0.000000 1.000000
vn 0.000000 -0.999886 -0.015102
vn 0.000000 -0.999886 -0.015102
vn 0.000000 -0.999886 -0.015102
vn 0.000000 -0.999886 -0.015102
vn -1.000000 0.000000 0.000000
vn -1.000000 0.000000 0.000000
vn -1.000000 0.000000 0.000000
vn -1.000000 0.000000 0.000000
vn 1.000000 0.000000 0.000000
vn 1.000000 0.000000 0.000000
vn 1.000000 0.000000 0.000000
vn 1.000000 0.000000 0.000000
vn 0.000000 1.000000 0.000001
vn 0.000000 1.000000 0.000001
vn 0.000000 1.000000 0.000001
vn 0.000000 1.000000 0.000001
vn 0.000000 1.000000 0.000000
vn 0.000000 1.000000 0.000000
vn 0.000000 1.000000 0.000000
vn 0.000000 1.000000 0.000000
vn 0.000000 1.000000 0.000000
vn 0.000000 1.000000 0.000000
vn 0.000000 1.000000 0.000000
vn 0.000000 1.000000 0.000000
vn 0.525480 0.000000 0.850806
vn 0.525480 0.000000 0.850806
vn 0.525480 0.000000 0.850806
vn 0.525480 0.000000 0.850806
vn -0.525480 0.000000 0.850806
vn -0.525480 0.000000 0.850806
vn -0.525480 0.000000 0.850806
vn -0.525480 0.000000 0.850806
vn 0.000000 -1.000000 0.000000
vn 0.000000 -1.000000 0.000000
vn 0.000000 -1.000000 0.000000
vn 0.000000 -1.000000 0.000000
vn 0.000000 -1.000000 0.000006
vn 0.000000 -1.000000 0.000006
vn 0.000000 -1.000000 0.000006
vn 0.000000 -1.000000 0.000006
vn 0.000000 -1.000000 0.000000
vn 0.000000 -1.000000 0.000000
vn 0.000000 -1.000000 0.000000
vn 0.000000 -1.000000 0.000000
vn 0.000000 -1.000000 0.000000
vn 0.000000 -1.000000 0.000000
vn 0.000000 -1.000000 0.000000
vn 0.000000 -1.000000 0.000000
vn 0.000000 0.000000 0.000000
vn 0.000000 0.000000 0.000000
vn 0.000000 0.000000 0.000000
vn 0.000000 0.000000 0.000000
vn 0.000000 0.000000 0.000000
vn 0.000000 0.000000 0.000000
vn 0.000000 0.000000 0.000000
vn 0.000000 0.000000 0.000000
vn 0.000000 0.000000 0.000000
vn 0.000000 0.000000 0.000000
vn 0.000000 0.000000 0.000000
vn 0.000000 0.000000 0.000000
vn 0.000000 0.000000 0.000000
vn 0.000000 0.000000 0.000000
vn 0.000000 0.000000 0.000000
vn 0.000000 0.000000 0.000000
vn 0.000000 0.000000 0.000000
vn 0.000000 0.000000 0.000000
vn 0.000000 0.000000 0.000000
vn 0.000000 0.000000 0.000000
vn 0.000000 1.000000 0.000000
vn 0.000000 1.000000 0.000000
vn 0.000000 1.000000 0.000000
vn 0.000000 1.000000 0.000000
vn 0.000000 -0.000000 0.000000
vn 0.000000 -0.000000 0.000000
vn 0.000000 -0.000000 0.000000
vn 0.000000 -0.000000 0.000000
vn 0.000000 0.000000 1.000000
vn 0.000000 0.000000 1.000000
vn 0.000000 0.000000 1.000000
vn 0.000000 0.000000 1.000000
vn 1.000000 0.000000 0.000000
vn 1.000000 0.000000 0.000000
vn 1.000000 0.000000 0.000000
vn 1.000000 0.000000 0.000000
vn -1.000000 -0.000001 0.000000
vn -1.000000 -0.000002 0.000000
vn -1.000000 -0.000002 0.000000
vn -1.000000 -0.000001 0.000000
vn 1.000000 0.000001 0.000000
vn 1.000000 0.000001 0.000000
vn -1.000000 0.000000 0.000000
vn -1.000000 0.000000 0.000000
vn 1.000000 0.000002 0.000000
vn 1.000000 0.000002 0.000000
vn 0.000000 0.000000 1.000000
vn 0.000000 0.000000 1.000000
vn 0.000000 0.000000 1.000000
vn 0.000000 0.000000 1.000000
vn -1.000000 0.000000 0.000000
vn -1.000000 0.000000 0.000000
s off
g Books_Middle_Shelf book8
usemtl initialShadingGroup
f 2040/3297/5372 2041/3298/5373 2043/3300/5374 2042/3299/5375
f 2064/3327/5376 2065/3328/5377 2066/3329/5378 2067/3330/5379
f 2067/3330/5380 2066/3329/5381 2068/3331/5382 2069/3332/5383
f 2069/3332/5384 2068/3331/5385 2070/3333/5386 2071/3334/5387
f 2041/3298/5388 2047/3307/5389 2045/3308/5390 2043/3300/5391
f 2046/3309/5392 2040/3297/5393 2042/3299/5394 2044/3310/5395
f 2042/3299/5396 2043/3300/5397 2049/3312/5398 2048/3311/5399
f 2043/3300/5400 2045/3302/5401 2050/3313/5402 2049/3312/5403
f 2044/3301/5404 2042/3299/5405 2048/3311/5406 2051/3314/5407
f 2045/3302/5408 2047/3304/5409 2052/3315/5410 2050/3313/5411
f 2046/3303/5412 2044/3301/5413 2051/3314/5414 2053/3316/5415
f 2047/3304/5416 2041/3306/5417 2054/3317/5418 2052/3315/5419
f 2041/3306/5420 2040/3305/5421 2055/3318/5422 2054/3317/5423
f 2040/3305/5424 2046/3303/5425 2053/3316/5426 2055/3318/5427
f 2048/3311/5428 2049/3312/5429 2057/3320/5430 2056/3319/5431
f 2049/3312/5432 2050/3313/5433 2058/3321/5434 2057/3320/5435
f 2051/3314/5436 2048/3311/5437 2056/3319/5438 2059/3322/5439
f 2050/3313/5440 2052/3315/5441 2060/3323/5442 2058/3321/5443
f 2053/3316/5444 2051/3314/5445 2059/3322/5446 2061/3324/5447
f 2052/3315/5448 2054/3317/5449 2062/3325/5450 2060/3323/5451
f 2054/3317/5452 2055/3318/5453 2063/3326/5454 2062/3325/5455
f 2055/3318/5456 2053/3316/5457 2061/3324/5458 2063/3326/5459
f 2056/3319/5460 2057/3320/5461 2065/3328/5462 2064/3327/5463
s 1
f 2057/3320/5464 2058/3321/5465 2066/3329/5466 2065/3328/5467
s 2
f 2059/3322/5468 2056/3319/5469 2064/3327/5470 2067/3330/5471
s 1
f 2058/3321/5465 2060/3323/5472 2068/3331/5473 2066/3329/5466
s 2
f 2061/3324/5474 2059/3322/5468 2067/3330/5471 2069/3332/5475
s 1
f 2060/3323/5472 2062/3325/5476 2070/3333/5477 2068/3331/5473
s off
f 2062/3325/5478 2063/3326/5479 2071/3334/5480 2070/3333/5481
s 2
f 2063/3326/5482 2061/3324/5474 2069/3332/5475 2071/3334/5483
g default
v -4.756532 5.678456 8.000001
v -5.318328 5.678456 8.000001
v -4.756532 8.702378 8.000001
v -5.318328 8.702378 8.000001
v -4.756532 8.702378 9.673482
v -5.318328 8.702378 9.673482
v -4.756532 5.678456 9.673482
v -5.318328 5.678456 9.673482
v -4.807431 8.702378 8.142194
v -5.267428 8.702378 8.142194
v -5.267428 8.702378 9.642045
v -4.807431 8.702378 9.642045
v -5.267428 5.678456 9.642045
v -4.807431 5.678456 9.642045
v -5.267428 5.678456 8.142194
v -4.807431 5.678456 8.142194
v -4.807431 8.702378 8.134119
v -5.267428 8.702378 8.134119
v -5.267428 8.702378 9.642045
v -4.807431 8.702378 9.642045
v -5.267428 5.678456 9.642045
v -4.807431 5.678456 9.642045
v -5.267428 5.678456 8.134119
v -4.807431 5.678456 8.134119
v -4.807431 8.657720 8.134119
v -5.267428 8.657720 8.134119
v -5.267428 8.680049 9.612535
v -4.807431 8.680049 9.612535
v -5.267428 5.700786 9.612535
v -4.807431 5.700786 9.612535
v -5.267428 5.723115 8.134119
v -4.807431 5.723115 8.134119
vt 0.375000 0.000000
vt 0.625000 0.000000
vt 0.375000 0.250000
vt 0.625000 0.250000
vt 0.375000 0.500000
vt 0.625000 0.500000
vt 0.375000 0.750000
vt 0.625000 0.750000
vt 0.375000 1.000000
vt 0.625000 1.000000
vt 0.875000 0.000000
vt 0.875000 0.250000
vt 0.125000 0.000000
vt 0.125000 0.250000
vt 0.375000 0.250000
vt 0.625000 0.250000
vt 0.625000 0.500000
vt 0.375000 0.500000
vt 0.625000 0.750000
vt 0.375000 0.750000
vt 0.625000 1.000000
vt 0.375000 1.000000
vt 0.375000 0.250000
vt 0.625000 0.250000
vt 0.625000 0.500000
vt 0.375000 0.500000
vt 0.625000 0.750000
vt 0.375000 0.750000
vt 0.625000 1.000000
vt 0.375000 1.000000
vt 0.375000 0.250000
vt 0.625000 0.250000
vt 0.625000 0.500000
vt 0.375000 0.500000
vt 0.625000 0.750000
vt 0.375000 0.750000
vt 0.625000 1.000000
vt 0.375000 1.000000
vn 0.000000 0.000000 -1.000000
vn 0.000000 0.000000 -1.000000
vn 0.000000 0.000000 -1.000000
vn 0.000000 0.000000 -1.000000
vn 0.000000 0.999886 -0.015101
vn 0.000000 0.999886 -0.015101
vn 0.000000 0.999886 -0.015101
vn 0.000000 0.999886 -0.015101
vn 0.000000 0.000000 1.000000
vn 0.000000 0.000000 1.000000
vn 0.000000 0.000000 1.000000
vn 0.000000 0.000000 1.000000
vn 0.000000 -0.999886 -0.015102
vn 0.000000 -0.999886 -0.015102
vn 0.000000 -0.999886 -0.015102
vn 0.000000 -0.999886 -0.015102
vn -1.000000 0.000000 0.000000
vn -1.000000 0.000000 0.000000
vn -1.000000 0.000000 0.000000
vn -1.000000 0.000000 0.000000
vn 1.000000 0.000000 0.000000
vn 1.000000 0.000000 0.000000
vn 1.000000 0.000000 0.000000
vn 1.000000 0.000000 0.000000
vn 0.000000 1.000000 0.000001
vn 0.000000 1.000000 0.000001
vn 0.000000 1.000000 0.000001
vn 0.000000 1.000000 0.000001
vn 0.000000 1.000000 0.000000
vn 0.000000 1.000000 0.000000
vn 0.000000 1.000000 0.000000
vn 0.000000 1.000000 0.000000
vn 0.000000 1.000000 0.000000
vn 0.000000 1.000000 0.000000
vn 0.000000 1.000000 0.000000
vn 0.000000 1.000000 0.000000
vn 0.525480 0.000000 0.850806
vn 0.525480 0.000000 0.850806
vn 0.525480 0.000000 0.850806
vn 0.525480 0.000000 0.850806
vn -0.525480 0.000000 0.850806
vn -0.525480 0.000000 0.850806
vn -0.525480 0.000000 0.850806
vn -0.525480 0.000000 0.850806
vn 0.000000 -1.000000 0.000000
vn 0.000000 -1.000000 0.000000
vn 0.000000 -1.000000 0.000000
vn 0.000000 -1.000000 0.000000
vn 0.000000 -1.000000 0.000006
vn 0.000000 -1.000000 0.000006
vn 0.000000 -1.000000 0.000006
vn 0.000000 -1.000000 0.000006
vn 0.000000 -1.000000 0.000000
vn 0.000000 -1.000000 0.000000
vn 0.000000 -1.000000 0.000000
vn 0.000000 -1.000000 0.000000
vn 0.000000 -1.000000 0.000000
vn 0.000000 -1.000000 0.000000
vn 0.000000 -1.000000 0.000000
vn 0.000000 -1.000000 0.000000
vn 0.000000 0.000000 0.000000
vn 0.000000 0.000000 0.000000
vn 0.000000 0.000000 0.000000
vn 0.000000 0.000000 0.000000
vn 0.000000 0.000000 0.000000
vn 0.000000 0.000000 0.000000
vn 0.000000 0.000000 0.000000
vn 0.000000 0.000000 0.000000
vn 0.000000 0.000000 0.000000
vn 0.000000 0.000000 0.000000
vn 0.000000 0.000000 0.000000
vn 0.000000 0.000000 0.000000
vn 0.000000 0.000000 0.000000
vn 0.000000 0.000000 0.000000
vn 0.000000 0.000000 0.000000
vn 0.000000 0.000000 0.000000
vn 0.000000 0.000000 0.000000
vn 0.000000 0.000000 0.000000
vn 0.000000 0.000000 0.000000
vn 0.000000 0.000000 0.000000
vn 0.000000 1.000000 0.000000
vn 0.000000 1.000000 0.000000
vn 0.000000 1.000000 0.000000
vn 0.000000 1.000000 0.000000
vn 0.000000 -0.000000 0.000000
vn 0.000000 -0.000000 0.000000
vn 0.000000 -0.000000 0.000000
vn 0.000000 -0.000000 0.000000
vn 0.000000 0.000000 1.000000
vn 0.000000 0.000000 1.000000
vn 0.000000 0.000000 1.000000
vn 0.000000 0.000000 1.000000
vn 1.000000 0.000000 0.000000
vn 1.000000 0.000000 0.000000
vn 1.000000 0.000000 0.000000
vn 1.000000 0.000000 0.000000
vn -1.000000 -0.000001 0.000000
vn -1.000000 -0.000002 0.000000
vn -1.000000 -0.000002 0.000000
vn -1.000000 -0.000001 0.000000
vn 1.000000 0.000001 0.000000
vn 1.000000 0.000001 0.000000
vn -1.000000 0.000000 0.000000
vn -1.000000 0.000000 0.000000
vn 1.000000 0.000002 0.000000
vn 1.000000 0.000002 0.000000
vn 0.000000 0.000000 1.000000
vn 0.000000 0.000000 1.000000
vn 0.000000 0.000000 1.000000
vn 0.000000 0.000000 1.000000
vn -1.000000 0.000000 0.000000
vn -1.000000 0.000000 0.000000
s off
g Books_Middle_Shelf book9
usemtl initialShadingGroup
f 2072/3335/5484 2073/3336/5485 2075/3338/5486 2074/3337/5487
f 2096/3365/5488 2097/3366/5489 2098/3367/5490 2099/3368/5491
f 2099/3368/5492 2098/3367/5493 2100/3369/5494 2101/3370/5495
f 2101/3370/5496 2100/3369/5497 2102/3371/5498 2103/3372/5499
f 2073/3336/5500 2079/3345/5501 2077/3346/5502 2075/3338/5503
f 2078/3347/5504 2072/3335/5505 2074/3337/5506 2076/3348/5507
f 2074/3337/5508 2075/3338/5509 2081/3350/5510 2080/3349/5511
f 2075/3338/5512 2077/3340/5513 2082/3351/5514 2081/3350/5515
f 2076/3339/5516 2074/3337/5517 2080/3349/5518 2083/3352/5519
f 2077/3340/5520 2079/3342/5521 2084/3353/5522 2082/3351/5523
f 2078/3341/5524 2076/3339/5525 2083/3352/5526 2085/3354/5527
f 2079/3342/5528 2073/3344/5529 2086/3355/5530 2084/3353/5531
f 2073/3344/5532 2072/3343/5533 2087/3356/5534 2086/3355/5535
f 2072/3343/5536 2078/3341/5537 2085/3354/5538 2087/3356/5539
f 2080/3349/5540 2081/3350/5541 2089/3358/5542 2088/3357/5543
f 2081/3350/5544 2082/3351/5545 2090/3359/5546 2089/3358/5547
f 2083/3352/5548 2080/3349/5549 2088/3357/5550 2091/3360/5551
f 2082/3351/5552 2084/3353/5553 2092/3361/5554 2090/3359/5555
f 2085/3354/5556 2083/3352/5557 2091/3360/5558 2093/3362/5559
f 2084/3353/5560 2086/3355/5561 2094/3363/5562 2092/3361/5563
f 2086/3355/5564 2087/3356/5565 2095/3364/5566 2094/3363/5567
f 2087/3356/5568 2085/3354/5569 2093/3362/5570 2095/3364/5571
f 2088/3357/5572 2089/3358/5573 2097/3366/5574 2096/3365/5575
s 1
f 2089/3358/5576 2090/3359/5577 2098/3367/5578 2097/3366/5579
s 2
f 2091/3360/5580 2088/3357/5581 2096/3365/5582 2099/3368/5583
s 1
f 2090/3359/5577 2092/3361/5584 2100/3369/5585 2098/3367/5578
s 2
f 2093/3362/5586 2091/3360/5580 2099/3368/5583 2101/3370/5587
s 1
f 2092/3361/5584 2094/3363/5588 2102/3371/5589 2100/3369/5585
s off
f 2094/3363/5590 2095/3364/5591 2103/3372/5592 2102/3371/5593
s 2
f 2095/3364/5594 2093/3362/5586 2101/3370/5587 2103/3372/5595
g default
v -5.349007 5.678456 8.000001
v -5.910803 5.678456 8.000001
v -5.349007 8.702378 8.000001
v -5.910803 8.702378 8.000001
v -5.349007 8.702378 9.673482
v -5.910803 8.702378 9.673482
v -5.349007 5.678456 9.673482
v -5.910803 5.678456 9.673482
v -5.399906 8.702378 8.142194
v -5.859903 8.702378 8.142194
v -5.859903 8.702378 9.642045
v -5.399906 8.702378 9.642045
v -5.859903 5.678456 9.642045
v -5.399906 5.678456 9.642045
v -5.859903 5.678456 8.142194
v -5.399906 5.678456 8.142194
v -5.399906 8.702378 8.134119
v -5.859903 8.702378 8.134119
v -5.859903 8.702378 9.642045
v -5.399906 8.702378 9.642045
v -5.859903 5.678456 9.642045
v -5.399906 5.678456 9.642045
v -5.859903 5.678456 8.134119
v -5.399906 5.678456 8.134119
v -5.399906 8.657720 8.134119
v -5.859903 8.657720 8.134119
v -5.859903 8.680049 9.612535
v -5.399906 8.680049 9.612535
v -5.859903 5.700786 9.612535
v -5.399906 5.700786 9.612535
v -5.859903 5.723115 8.134119
v -5.399906 5.723115 8.134119
vt 0.375000 0.000000
vt 0.625000 0.000000
vt 0.375000 0.250000
vt 0.625000 0.250000
vt 0.375000 0.500000
vt 0.625000 0.500000
vt 0.375000 0.750000
vt 0.625000 0.750000
vt 0.375000 1.000000
vt 0.625000 1.000000
vt 0.875000 0.000000
vt 0.875000 0.250000
vt 0.125000 0.000000
vt 0.125000 0.250000
vt 0.375000 0.250000
vt 0.625000 0.250000
vt 0.625000 0.500000
vt 0.375000 0.500000
vt 0.625000 0.750000
vt 0.375000 0.750000
vt 0.625000 1.000000
vt 0.375000 1.000000
vt 0.375000 0.250000
vt 0.625000 0.250000
vt 0.625000 0.500000
vt 0.375000 0.500000
vt 0.625000 0.750000
vt 0.375000 0.750000
vt 0.625000 1.000000
vt 0.375000 1.000000
vt 0.375000 0.250000
vt 0.625000 0.250000
vt 0.625000 0.500000
vt 0.375000 0.500000
vt 0.625000 0.750000
vt 0.375000 0.750000
vt 0.625000 1.000000
vt 0.375000 1.000000
vn 0.000000 0.000000 -1.000000
vn 0.000000 0.000000 -1.000000
vn 0.000000 0.000000 -1.000000
vn 0.000000 0.000000 -1.000000
vn 0.000000 0.999886 -0.015101
vn 0.000000 0.999886 -0.015101
vn 0.000000 0.999886 -0.015101
vn 0.000000 0.999886 -0.015101
vn 0.000000 0.000000 1.000000
vn 0.000000 0.000000 1.000000
vn 0.000000 0.000000 1.000000
vn 0.000000 0.000000 1.000000
vn 0.000000 -0.999886 -0.015102
vn 0.000000 -0.999886 -0.015102
vn 0.000000 -0.999886 -0.015102
vn 0.000000 -0.999886 -0.015102
vn -1.000000 0.000000 0.000000
vn -1.000000 0.000000 0.000000
vn -1.000000 0.000000 0.000000
vn -1.000000 0.000000 0.000000
vn 1.000000 0.000000 0.000000
vn 1.000000 0.000000 0.000000
vn 1.000000 0.000000 0.000000
vn 1.000000 0.000000 0.000000
vn 0.000000 1.000000 0.000001
vn 0.000000 1.000000 0.000001
vn 0.000000 1.000000 0.000001
vn 0.000000 1.000000 0.000001
vn 0.000000 1.000000 0.000000
vn 0.000000 1.000000 0.000000
vn 0.000000 1.000000 0.000000
vn 0.000000 1.000000 0.000000
vn 0.000000 1.000000 0.000000
vn 0.000000 1.000000 0.000000
vn 0.000000 1.000000 0.000000
vn 0.000000 1.000000 0.000000
vn 0.525480 0.000000 0.850806
vn 0.525480 0.000000 0.850806
vn 0.525480 0.000000 0.850806
vn 0.525480 0.000000 0.850806
vn -0.525480 0.000000 0.850806
vn -0.525480 0.000000 0.850806
vn -0.525480 0.000000 0.850806
vn -0.525480 0.000000 0.850806
vn 0.000000 -1.000000 0.000000
vn 0.000000 -1.000000 0.000000
vn 0.000000 -1.000000 0.000000
vn 0.000000 -1.000000 0.000000
vn 0.000000 -1.000000 0.000006
vn 0.000000 -1.000000 0.000006
vn 0.000000 -1.000000 0.000006
vn 0.000000 -1.000000 0.000006
vn 0.000000 -1.000000 0.000000
vn 0.000000 -1.000000 0.000000
vn 0.000000 -1.000000 0.000000
vn 0.000000 -1.000000 0.000000
vn 0.000000 -1.000000 0.000000
vn 0.000000 -1.000000 0.000000
vn 0.000000 -1.000000 0.000000
vn 0.000000 -1.000000 0.000000
vn 0.000000 0.000000 0.000000
vn 0.000000 0.000000 0.000000
vn 0.000000 0.000000 0.000000
vn 0.000000 0.000000 0.000000
vn 0.000000 0.000000 0.000000
vn 0.000000 1.000000 0.000000
vn 0.000000 0.000000 0.000000
vn 0.000000 0.000000 0.000000
vn 0.000000 0.000000 0.000000
vn 0.000000 0.000000 0.000000
vn 0.000000 0.000000 0.000000
vn 0.000000 0.000000 0.000000
vn 0.000000 0.000000 0.000000
vn 0.000000 0.000000 0.000000
vn 0.000000 0.000000 0.000000
vn 0.000000 0.000000 0.000000
vn 0.000000 0.000000 0.000000
vn 0.000000 0.000000 0.000000
vn 0.000000 0.000000 0.000000
vn 0.000000 0.000000 0.000000
vn 0.000000 1.000000 0.000000
vn 0.000000 1.000000 0.000000
vn 0.000000 1.000000 0.000000
vn 0.000000 1.000000 0.000000
vn 0.000000 -1.000000 0.000000
vn 0.000000 -0.000000 0.000000
vn 0.000000 -0.000000 0.000000
vn 0.000000 -0.000000 0.000000
vn 0.000000 0.000000 1.000000
vn 0.000000 0.000000 1.000000
vn 0.000000 0.000000 1.000000
vn 0.000000 0.000000 1.000000
vn 1.000000 0.000000 0.000000
vn 1.000000 0.000000 0.000000
vn 1.000000 0.000000 0.000000
vn 1.000000 0.000000 0.000000
vn -1.000000 0.000001 0.000000
vn -1.000000 0.000002 0.000000
vn -1.000000 0.000002 0.000000
vn -1.000000 0.000001 0.000000
vn 1.000000 -0.000001 0.000000
vn 1.000000 -0.000001 0.000000
vn -1.000000 0.000000 0.000000
vn -1.000000 0.000000 0.000000
vn 1.000000 -0.000004 0.000000
vn 1.000000 -0.000004 0.000000
vn 0.000000 0.000000 1.000000
vn 0.000000 0.000000 1.000000
vn 0.000000 0.000000 1.000000
vn 0.000000 0.000000 1.000000
vn -1.000000 0.000000 0.000000
vn -1.000000 0.000000 0.000000
s off
g Books_Middle_Shelf book10
usemtl initialShadingGroup
f 2104/3373/5596 2105/3374/5597 2107/3376/5598 2106/3375/5599
f 2128/3403/5600 2129/3404/5601 2130/3405/5602 2131/3406/5603
f 2131/3406/5604 2130/3405/5605 2132/3407/5606 2133/3408/5607
f 2133/3408/5608 2132/3407/5609 2134/3409/5610 2135/3410/5611
f 2105/3374/5612 2111/3383/5613 2109/3384/5614 2107/3376/5615
f 2110/3385/5616 2104/3373/5617 2106/3375/5618 2108/3386/5619
f 2106/3375/5620 2107/3376/5621 2113/3388/5622 2112/3387/5623
f 2107/3376/5624 2109/3378/5625 2114/3389/5626 2113/3388/5627
f 2108/3377/5628 2106/3375/5629 2112/3387/5630 2115/3390/5631
f 2109/3378/5632 2111/3380/5633 2116/3391/5634 2114/3389/5635
f 2110/3379/5636 2108/3377/5637 2115/3390/5638 2117/3392/5639
f 2111/3380/5640 2105/3382/5641 2118/3393/5642 2116/3391/5643
f 2105/3382/5644 2104/3381/5645 2119/3394/5646 2118/3393/5647
f 2104/3381/5648 2110/3379/5649 2117/3392/5650 2119/3394/5651
f 2112/3387/5652 2113/3388/5653 2121/3396/5654 2120/3395/5655
f 2113/3388/5656 2114/3389/5657 2122/3397/5658 2121/3396/5659
f 2115/3390/5660 2112/3387/5661 2120/3395/5662 2123/3398/5663
f 2114/3389/5664 2116/3391/5665 2124/3399/5666 2122/3397/5667
f 2117/3392/5668 2115/3390/5669 2123/3398/5670 2125/3400/5671
f 2116/3391/5672 2118/3393/5673 2126/3401/5674 2124/3399/5675
f 2118/3393/5676 2119/3394/5677 2127/3402/5678 2126/3401/5679
f 2119/3394/5680 2117/3392/5681 2125/3400/5682 2127/3402/5683
f 2120/3395/5684 2121/3396/5685 2129/3404/5686 2128/3403/5687
s 1
f 2121/3396/5688 2122/3397/5689 2130/3405/5690 2129/3404/5691
s 2
f 2123/3398/5692 2120/3395/5693 2128/3403/5694 2131/3406/5695
s 1
f 2122/3397/5689 2124/3399/5696 2132/3407/5697 2130/3405/5690
s 2
f 2125/3400/5698 2123/3398/5692 2131/3406/5695 2133/3408/5699
s 1
f 2124/3399/5696 2126/3401/5700 2134/3409/5701 2132/3407/5697
s off
f 2126/3401/5702 2127/3402/5703 2135/3410/5704 2134/3409/5705
s 2
f 2127/3402/5706 2125/3400/5698 2133/3408/5699 2135/3410/5707
g default
v -5.957038 5.678456 8.028936
v -6.359004 5.678456 8.028936
v -5.957038 8.408942 8.028936
v -6.359004 8.408942 8.028936
v -5.957038 8.408942 9.540026
v -6.359004 8.408942 9.540026
v -5.957038 5.678456 9.540026
v -6.359004 5.678456 9.540026
v -5.993456 8.408942 8.157331
v -6.322585 8.408942 8.157331
v -6.322585 8.408942 9.511640
v -5.993456 8.408942 9.511640
v -6.322585 5.678456 9.511640
v -5.993456 5.678456 9.511640
v -6.322585 5.678456 8.157331
v -5.993456 5.678456 8.157331
v -5.993456 8.408942 8.150040
v -6.322585 8.408942 8.150040
v -6.322585 8.408942 9.511640
v -5.993456 8.408942 9.511640
v -6.322585 5.678456 9.511640
v -5.993456 5.678456 9.511640
v -6.322585 5.678456 8.150040
v -5.993456 5.678456 8.150040
v -5.993456 8.368617 8.150040
v -6.322585 8.368617 8.150040
v -6.322585 8.388780 9.484993
v -5.993456 8.388780 9.484993
v -6.322585 5.698619 9.484993
v -5.993456 5.698619 9.484993
v -6.322585 5.718781 8.150040
v -5.993456 5.718781 8.150040
vt 0.375000 0.000000
vt 0.625000 0.000000
vt 0.375000 0.250000
vt 0.625000 0.250000
vt 0.375000 0.500000
vt 0.625000 0.500000
vt 0.375000 0.750000
vt 0.625000 0.750000
vt 0.375000 1.000000
vt 0.625000 1.000000
vt 0.875000 0.000000
vt 0.875000 0.250000
vt 0.125000 0.000000
vt 0.125000 0.250000
vt 0.375000 0.250000
vt 0.625000 0.250000
vt 0.625000 0.500000
vt 0.375000 0.500000
vt 0.625000 0.750000
vt 0.375000 0.750000
vt 0.625000 1.000000
vt 0.375000 1.000000
vt 0.375000 0.250000
vt 0.625000 0.250000
vt 0.625000 0.500000
vt 0.375000 0.500000
vt 0.625000 0.750000
vt 0.375000 0.750000
vt 0.625000 1.000000
vt 0.375000 1.000000
vt 0.375000 0.250000
vt 0.625000 0.250000
vt 0.625000 0.500000
vt 0.375000 0.500000
vt 0.625000 0.750000
vt 0.375000 0.750000
vt 0.625000 1.000000
vt 0.375000 1.000000
vn 0.000000 0.000000 -1.000000
vn 0.000000 0.000000 -1.000000
vn 0.000000 0.000000 -1.000000
vn 0.000000 0.000000 -1.000000
vn 0.000000 0.999886 -0.015102
vn 0.000000 0.999886 -0.015102
vn 0.000000 0.999886 -0.015102
vn 0.000000 0.999886 -0.015102
vn 0.000000 0.000000 1.000000
vn 0.000000 0.000000 1.000000
vn 0.000000 0.000000 1.000000
vn 0.000000 0.000000 1.000000
vn 0.000000 -0.999886 -0.015102
vn 0.000000 -0.999886 -0.015102
vn 0.000000 -0.999886 -0.015102
vn 0.000000 -0.999886 -0.015102
vn -1.000000 0.000000 0.000000
vn -1.000000 0.000000 0.000000
vn -1.000000 0.000000 0.000000
vn -1.000000 0.000000 0.000000
vn 1.000000 0.000000 0.000000
vn 1.000000 0.000000 0.000000
vn 1.000000 0.000000 0.000000
vn 1.000000 0.000000 0.000000
vn 0.000000 1.000000 -0.000002
vn 0.000000 1.000000 -0.000002
vn 0.000000 1.000000 -0.000002
vn 0.000000 1.000000 -0.000002
vn 0.000000 1.000000 0.000000
vn 0.000000 1.000000 0.000000
vn 0.000000 1.000000 0.000000
vn 0.000000 1.000000 0.000000
vn 0.000000 1.000000 0.000000
vn 0.000000 1.000000 0.000000
vn 0.000000 1.000000 0.000000
vn 0.000000 1.000000 0.000000
vn 0.614762 0.000000 0.788713
vn 0.614762 0.000000 0.788713
vn 0.614762 0.000000 0.788713
vn 0.614762 0.000000 0.788713
vn -0.614762 0.000000 0.788713
vn -0.614762 0.000000 0.788713
vn -0.614762 0.000000 0.788713
vn -0.614762 0.000000 0.788713
vn 0.000000 -1.000000 0.000000
vn 0.000000 -1.000000 0.000000
vn 0.000000 -1.000000 0.000000
vn 0.000000 -1.000000 0.000000
vn 0.000000 -1.000000 -0.000005
vn 0.000000 -1.000000 -0.000005
vn 0.000000 -1.000000 -0.000005
vn 0.000000 -1.000000 -0.000005
vn 0.000000 -1.000000 0.000000
vn 0.000000 -1.000000 0.000000
vn 0.000000 -1.000000 0.000000
vn 0.000000 -1.000000 0.000000
vn 0.000000 -1.000000 0.000000
vn 0.000000 -1.000000 0.000000
vn 0.000000 -1.000000 0.000000
vn 0.000000 -1.000000 0.000000
vn 0.000000 0.000000 0.000000
vn 0.000000 0.000000 0.000000
vn 0.000000 0.000000 0.000000
vn 0.000000 0.000000 0.000000
vn 0.000000 0.000000 0.000000
vn 0.000000 1.000000 0.000000
vn 0.000000 0.000000 0.000000
vn 0.000000 0.000000 0.000000
vn 0.000000 0.000000 0.000000
vn 0.000000 0.000000 0.000000
vn 0.000000 0.000000 0.000000
vn 0.000000 0.000000 0.000000
vn 0.000000 0.000000 0.000000
vn 0.000000 0.000000 0.000000
vn 0.000000 0.000000 0.000000
vn 0.000000 0.000000 0.000000
vn 0.000000 0.000000 0.000000
vn 0.000000 0.000000 0.000000
vn 0.000000 0.000000 0.000000
vn 0.000000 0.000000 0.000000
vn 0.000000 1.000000 0.000000
vn 0.000000 1.000000 0.000000
vn 0.000000 1.000000 0.000000
vn 0.000000 1.000000 0.000000
vn 0.000000 -1.000000 0.000000
vn 0.000000 -0.000000 0.000000
vn 0.000000 -0.000000 0.000000
vn 0.000000 -0.000000 0.000000
vn 0.000000 0.000000 1.000000
vn 0.000000 0.000000 1.000000
vn 0.000000 0.000000 1.000000
vn 0.000000 0.000000 1.000000
vn 1.000000 0.000000 0.000000
vn 1.000000 0.000000 0.000000
vn 1.000000 0.000000 0.000000
vn 1.000000 0.000000 0.000000
vn -1.000000 -0.000002 0.000000
vn -1.000000 -0.000009 0.000000
vn -1.000000 -0.000009 0.000000
vn -1.000000 -0.000003 0.000000
vn 1.000000 -0.000001 0.000000
vn 1.000000 -0.000002 0.000000
vn -1.000000 0.000003 0.000000
vn -1.000000 0.000005 0.000000
vn 1.000000 -0.000005 0.000000
vn 1.000000 -0.000005 0.000000
vn 0.000000 0.000000 1.000000
vn 0.000000 0.000000 1.000000
vn 0.000000 0.000000 1.000000
vn 0.000000 0.000000 1.000000
vn -1.000000 0.000012 0.000000
vn -1.000000 0.000012 0.000000
s off
g Books_Middle_Shelf book11
usemtl initialShadingGroup
f 2136/3411/5708 2137/3412/5709 2139/3414/5710 2138/3413/5711
f 2160/3441/5712 2161/3442/5713 2162/3443/5714 2163/3444/5715
f 2163/3444/5716 2162/3443/5717 2164/3445/5718 2165/3446/5719
f 2165/3446/5720 2164/3445/5721 2166/3447/5722 2167/3448/5723
f 2137/3412/5724 2143/3421/5725 2141/3422/5726 2139/3414/5727
f 2142/3423/5728 2136/3411/5729 2138/3413/5730 2140/3424/5731
f 2138/3413/5732 2139/3414/5733 2145/3426/5734 2144/3425/5735
f 2139/3414/5736 2141/3416/5737 2146/3427/5738 2145/3426/5739
f 2140/3415/5740 2138/3413/5741 2144/3425/5742 2147/3428/5743
f 2141/3416/5744 2143/3418/5745 2148/3429/5746 2146/3427/5747
f 2142/3417/5748 2140/3415/5749 2147/3428/5750 2149/3430/5751
f 2143/3418/5752 2137/3420/5753 2150/3431/5754 2148/3429/5755
f 2137/3420/5756 2136/3419/5757 2151/3432/5758 2150/3431/5759
f 2136/3419/5760 2142/3417/5761 2149/3430/5762 2151/3432/5763
f 2144/3425/5764 2145/3426/5765 2153/3434/5766 2152/3433/5767
f 2145/3426/5768 2146/3427/5769 2154/3435/5770 2153/3434/5771
f 2147/3428/5772 2144/3425/5773 2152/3433/5774 2155/3436/5775
f 2146/3427/5776 2148/3429/5777 2156/3437/5778 2154/3435/5779
f 2149/3430/5780 2147/3428/5781 2155/3436/5782 2157/3438/5783
f 2148/3429/5784 2150/3431/5785 2158/3439/5786 2156/3437/5787
f 2150/3431/5788 2151/3432/5789 2159/3440/5790 2158/3439/5791
f 2151/3432/5792 2149/3430/5793 2157/3438/5794 2159/3440/5795
f 2152/3433/5796 2153/3434/5797 2161/3442/5798 2160/3441/5799
s 1
f 2153/3434/5800 2154/3435/5801 2162/3443/5802 2161/3442/5803
s 2
f 2155/3436/5804 2152/3433/5805 2160/3441/5806 2163/3444/5807
s 1
f 2154/3435/5801 2156/3437/5808 2164/3445/5809 2162/3443/5802
s 2
f 2157/3438/5810 2155/3436/5804 2163/3444/5807 2165/3446/5811
s 1
f 2156/3437/5808 2158/3439/5812 2166/3447/5813 2164/3445/5809
s off
f 2158/3439/5814 2159/3440/5815 2167/3448/5816 2166/3447/5817
s 2
f 2159/3440/5818 2157/3438/5810 2165/3446/5811 2167/3448/5819
g default
v -6.431133 5.678456 8.000001
v -6.992929 5.678456 8.000001
v -6.431133 8.050324 8.000001
v -6.992929 8.050324 8.000001
v -6.431133 8.050324 9.375982
v -6.992929 8.050324 9.375982
v -6.431133 5.678456 9.375982
v -6.992929 5.678456 9.375982
v -6.482032 8.050324 8.116916
v -6.942030 8.050324 8.116916
v -6.942030 8.050324 9.350134
v -6.482032 8.050324 9.350134
v -6.942030 5.678456 9.350134
v -6.482032 5.678456 9.350134
v -6.942030 5.678456 8.116916
v -6.482032 5.678456 8.116916
v -6.482032 8.050324 8.110276
v -6.942030 8.050324 8.110276
v -6.942030 8.050324 9.350134
v -6.482032 8.050324 9.350134
v -6.942030 5.678456 9.350134
v -6.482032 5.678456 9.350134
v -6.942030 5.678456 8.110276
v -6.482032 5.678456 8.110276
v -6.482032 8.015296 8.110276
v -6.942030 8.015296 8.110276
v -6.942030 8.032811 9.325871
v -6.482032 8.032811 9.325871
v -6.942030 5.695971 9.325871
v -6.482032 5.695971 9.325871
v -6.942030 5.713485 8.110276
v -6.482032 5.713485 8.110276
vt 0.375000 0.000000
vt 0.625000 0.000000
vt 0.375000 0.250000
vt 0.625000 0.250000
vt 0.375000 0.500000
vt 0.625000 0.500000
vt 0.375000 0.750000
vt 0.625000 0.750000
vt 0.375000 1.000000
vt 0.625000 1.000000
vt 0.875000 0.000000
vt 0.875000 0.250000
vt 0.125000 0.000000
vt 0.125000 0.250000
vt 0.375000 0.250000
vt 0.625000 0.250000
vt 0.625000 0.500000
vt 0.375000 0.500000
vt 0.625000 0.750000
vt 0.375000 0.750000
vt 0.625000 1.000000
vt 0.375000 1.000000
vt 0.375000 0.250000
vt 0.625000 0.250000
vt 0.625000 0.500000
vt 0.375000 0.500000
vt 0.625000 0.750000
vt 0.375000 0.750000
vt 0.625000 1.000000
vt 0.375000 1.000000
vt 0.375000 0.250000
vt 0.625000 0.250000
vt 0.625000 0.500000
vt 0.375000 0.500000
vt 0.625000 0.750000
vt 0.375000 0.750000
vt 0.625000 1.000000
vt 0.375000 1.000000
vn 0.000000 0.000000 -1.000000
vn 0.000000 0.000000 -1.000000
vn 0.000000 0.000000 -1.000000
vn 0.000000 0.000000 -1.000000
vn 0.000000 0.999896 -0.014407
vn 0.000000 0.999896 -0.014407
vn 0.000000 0.999896 -0.014407
vn 0.000000 0.999896 -0.014407
vn 0.000000 0.000000 1.000000
vn 0.000000 0.000000 1.000000
vn 0.000000 0.000000 1.000000
vn 0.000000 0.000000 1.000000
vn 0.000000 -0.999896 -0.014407
vn 0.000000 -0.999896 -0.014407
vn 0.000000 -0.999896 -0.014407
vn 0.000000 -0.999896 -0.014407
vn -1.000000 0.000000 0.000000
vn -1.000000 0.000000 0.000000
vn -1.000000 0.000000 0.000000
vn -1.000000 0.000000 0.000000
vn 1.000000 0.000000 0.000000
vn 1.000000 0.000000 0.000000
vn 1.000000 0.000000 0.000000
vn 1.000000 0.000000 0.000000
vn 0.000000 1.000000 -0.000003
vn 0.000000 1.000000 -0.000003
vn 0.000000 1.000000 -0.000003
vn 0.000000 1.000000 -0.000003
vn 0.000000 1.000000 0.000000
vn 0.000000 1.000000 0.000000
vn 0.000000 1.000000 0.000000
vn 0.000000 1.000000 0.000000
vn 0.000000 1.000000 0.000000
vn 0.000000 1.000000 0.000000
vn 0.000000 1.000000 0.000000
vn 0.000000 1.000000 0.000000
vn 0.452796 0.000000 0.891614
vn 0.452796 0.000000 0.891614
vn 0.452796 0.000000 0.891614
vn 0.452796 0.000000 0.891614
vn -0.452798 0.000000 0.891613
vn -0.452798 0.000000 0.891613
vn -0.452798 0.000000 0.891613
vn -0.452798 0.000000 0.891613
vn 0.000000 -1.000000 0.000000
vn 0.000000 -1.000000 0.000000
vn 0.000000 -1.000000 0.000000
vn 0.000000 -1.000000 0.000000
vn 0.000000 -1.000000 0.000003
vn 0.000000 -1.000000 0.000003
vn 0.000000 -1.000000 0.000003
vn 0.000000 -1.000000 0.000003
vn 0.000000 -1.000000 0.000000
vn 0.000000 -1.000000 0.000000
vn 0.000000 -1.000000 0.000000
vn 0.000000 -1.000000 0.000000
vn 0.000000 -1.000000 0.000000
vn 0.000000 -1.000000 0.000000
vn 0.000000 -1.000000 0.000000
vn 0.000000 -1.000000 0.000000
vn 0.000000 -0.000000 0.000000
vn 0.000000 -0.000000 0.000000
vn 0.000000 -0.000000 0.000000
vn 0.000000 -0.000000 0.000000
vn 0.000000 -0.000000 0.000000
vn 0.000000 -1.000000 0.000000
vn 0.000000 -1.000000 0.000000
vn 0.000000 -0.000000 0.000000
vn 0.000000 0.000000 0.000000
vn 0.000000 0.000000 0.000000
vn 0.000000 0.000000 0.000000
vn 0.000000 0.000000 0.000000
vn 0.000000 0.000000 0.000000
vn 0.000000 0.000000 0.000000
vn 0.000000 0.000000 0.000000
vn 0.000000 0.000000 0.000000
vn 0.000000 0.000000 0.000000
vn 0.000000 0.000000 0.000000
vn 0.000000 0.000000 0.000000
vn 0.000000 0.000000 0.000000
vn 0.000000 1.000000 0.000000
vn 0.000000 1.000000 0.000000
vn 0.000000 1.000000 0.000000
vn 0.000000 1.000000 0.000000
vn 0.000000 1.000000 0.000000
vn 0.000000 0.000000 0.000000
vn 0.000000 0.000000 0.000000
vn 0.000000 1.000000 0.000000
vn 0.000000 0.000000 1.000000
vn 0.000000 0.000000 1.000000
vn 0.000000 0.000000 1.000000
vn 0.000000 0.000000 1.000000
vn 1.000000 0.000000 0.000000
vn 1.000000 0.000000 0.000000
vn 1.000000 0.000000 0.000000
vn 1.000000 0.000000 0.000000
vn -1.000000 0.000000 0.000000
vn -1.000000 0.000002 0.000000
vn -1.000000 0.000002 0.000000
vn -1.000000 0.000001 0.000000
vn 1.000000 -0.000002 0.000000
vn 1.000000 -0.000002 0.000000
vn -1.000000 0.000000 0.000000
vn -1.000000 0.000000 0.000000
vn 1.000000 -0.000006 0.000000
vn 1.000000 -0.000006 0.000000
vn 0.000000 0.000000 1.000000
vn 0.000000 0.000000 1.000000
vn 0.000000 0.000000 1.000000
vn 0.000000 0.000000 1.000000
vn -1.000000 0.000000 0.000000
vn -1.000000 0.000000 0.000000
s off
g Books_Middle_Shelf book12
usemtl initialShadingGroup
f 2168/3449/5820 2169/3450/5821 2171/3452/5822 2170/3451/5823
f 2192/3479/5824 2193/3480/5825 2194/3481/5826 2195/3482/5827
f 2195/3482/5828 2194/3481/5829 2196/3483/5830 2197/3484/5831
f 2197/3484/5832 2196/3483/5833 2198/3485/5834 2199/3486/5835
f 2169/3450/5836 2175/3459/5837 2173/3460/5838 2171/3452/5839
f 2174/3461/5840 2168/3449/5841 2170/3451/5842 2172/3462/5843
f 2170/3451/5844 2171/3452/5845 2177/3464/5846 2176/3463/5847
f 2171/3452/5848 2173/3454/5849 2178/3465/5850 2177/3464/5851
f 2172/3453/5852 2170/3451/5853 2176/3463/5854 2179/3466/5855
f 2173/3454/5856 2175/3456/5857 2180/3467/5858 2178/3465/5859
f 2174/3455/5860 2172/3453/5861 2179/3466/5862 2181/3468/5863
f 2175/3456/5864 2169/3458/5865 2182/3469/5866 2180/3467/5867
f 2169/3458/5868 2168/3457/5869 2183/3470/5870 2182/3469/5871
f 2168/3457/5872 2174/3455/5873 2181/3468/5874 2183/3470/5875
f 2176/3463/5876 2177/3464/5877 2185/3472/5878 2184/3471/5879
f 2177/3464/5880 2178/3465/5881 2186/3473/5882 2185/3472/5883
f 2179/3466/5884 2176/3463/5885 2184/3471/5886 2187/3474/5887
f 2178/3465/5888 2180/3467/5889 2188/3475/5890 2186/3473/5891
f 2181/3468/5892 2179/3466/5893 2187/3474/5894 2189/3476/5895
f 2180/3467/5896 2182/3469/5897 2190/3477/5898 2188/3475/5899
f 2182/3469/5900 2183/3470/5901 2191/3478/5902 2190/3477/5903
f 2183/3470/5904 2181/3468/5905 2189/3476/5906 2191/3478/5907
f 2184/3471/5908 2185/3472/5909 2193/3480/5910 2192/3479/5911
s 1
f 2185/3472/5912 2186/3473/5913 2194/3481/5914 2193/3480/5915
s 2
f 2187/3474/5916 2184/3471/5917 2192/3479/5918 2195/3482/5919
s 1
f 2186/3473/5913 2188/3475/5920 2196/3483/5921 2194/3481/5914
s 2
f 2189/3476/5922 2187/3474/5916 2195/3482/5919 2197/3484/5923
s 1
f 2188/3475/5920 2190/3477/5924 2198/3485/5925 2196/3483/5921
s off
f 2190/3477/5926 2191/3478/5927 2199/3486/5928 2198/3485/5929
s 2
f 2191/3478/5930 2189/3476/5922 2197/3484/5923 2199/3486/5931
g default
v -6.985347 5.678456 7.880031
v -7.547143 5.678456 7.880031
v -6.985347 8.551744 7.880031
v -7.547143 8.551744 7.880031
v -6.985347 8.551744 9.553512
v -7.547143 8.551744 9.553512
v -6.985347 5.678456 9.553512
v -7.547143 5.678456 9.553512
v -7.036246 8.551744 8.022223
v -7.496243 8.551744 8.022223
v -7.496243 8.551744 9.522075
v -7.036246 8.551744 9.522075
v -7.496243 5.678456 9.522075
v -7.036246 5.678456 9.522075
v -7.496243 5.678456 8.022223
v -7.036246 5.678456 8.022223
v -7.036246 8.551744 8.014149
v -7.496243 8.551744 8.014149
v -7.496243 8.551744 9.522075
v -7.036246 8.551744 9.522075
v -7.496243 5.678456 9.522075
v -7.036246 5.678456 9.522075
v -7.496243 5.678456 8.014149
v -7.036246 5.678456 8.014149
v -7.036246 8.509310 8.014149
v -7.496243 8.509310 8.014149
v -7.496243 8.530526 9.492565
v -7.036246 8.530526 9.492565
v -7.496243 5.699674 9.492565
v -7.036246 5.699674 9.492565
v -7.496243 5.720891 8.014149
v -7.036246 5.720891 8.014149
vt 0.375000 0.000000
vt 0.625000 0.000000
vt 0.375000 0.250000
vt 0.625000 0.250000
vt 0.375000 0.500000
vt 0.625000 0.500000
vt 0.375000 0.750000
vt 0.625000 0.750000
vt 0.375000 1.000000
vt 0.625000 1.000000
vt 0.875000 0.000000
vt 0.875000 0.250000
vt 0.125000 0.000000
vt 0.125000 0.250000
vt 0.375000 0.250000
vt 0.625000 0.250000
vt 0.625000 0.500000
vt 0.375000 0.500000
vt 0.625000 0.750000
vt 0.375000 0.750000
vt 0.625000 1.000000
vt 0.375000 1.000000
vt 0.375000 0.250000
vt 0.625000 0.250000
vt 0.625000 0.500000
vt 0.375000 0.500000
vt 0.625000 0.750000
vt 0.375000 0.750000
vt 0.625000 1.000000
vt 0.375000 1.000000
vt 0.375000 0.250000
vt 0.625000 0.250000
vt 0.625000 0.500000
vt 0.375000 0.500000
vt 0.625000 0.750000
vt 0.375000 0.750000
vt 0.625000 1.000000
vt 0.375000 1.000000
vn 0.000000 0.000000 -1.000000
vn 0.000000 0.000000 -1.000000
vn 0.000000 0.000000 -1.000000
vn 0.000000 0.000000 -1.000000
vn 0.000000 0.999897 -0.014349
vn 0.000000 0.999897 -0.014349
vn 0.000000 0.999897 -0.014349
vn 0.000000 0.999897 -0.014349
vn 0.000000 0.000000 1.000000
vn 0.000000 0.000000 1.000000
vn 0.000000 0.000000 1.000000
vn 0.000000 0.000000 1.000000
vn 0.000000 -0.999897 -0.014350
vn 0.000000 -0.999897 -0.014350
vn 0.000000 -0.999897 -0.014350
vn 0.000000 -0.999897 -0.014350
vn -1.000000 0.000000 0.000000
vn -1.000000 0.000000 0.000000
vn -1.000000 0.000000 0.000000
vn -1.000000 0.000000 0.000000
vn 1.000000 0.000000 0.000000
vn 1.000000 0.000000 0.000000
vn 1.000000 0.000000 0.000000
vn 1.000000 0.000000 0.000000
vn 0.000000 1.000000 -0.000003
vn 0.000000 1.000000 -0.000003
vn 0.000000 1.000000 -0.000003
vn 0.000000 1.000000 -0.000003
vn 0.000000 1.000000 0.000000
vn 0.000000 1.000000 0.000000
vn 0.000000 1.000000 0.000000
vn 0.000000 1.000000 0.000000
vn 0.000000 1.000000 0.000000
vn 0.000000 1.000000 0.000000
vn 0.000000 1.000000 0.000000
vn 0.000000 1.000000 0.000000
vn 0.525485 0.000000 0.850803
vn 0.525485 0.000000 0.850803
vn 0.525485 0.000000 0.850803
vn 0.525485 0.000000 0.850803
vn -0.525485 0.000000 0.850803
vn -0.525485 0.000000 0.850803
vn -0.525485 0.000000 0.850803
vn -0.525485 0.000000 0.850803
vn 0.000000 -1.000000 0.000000
vn 0.000000 -1.000000 0.000000
vn 0.000000 -1.000000 0.000000
vn 0.000000 -1.000000 0.000000
vn 0.000000 -1.000000 -0.000004
vn 0.000000 -1.000000 -0.000004
vn 0.000000 -1.000000 -0.000004
vn 0.000000 -1.000000 -0.000004
vn 0.000000 -1.000000 0.000000
vn 0.000000 -1.000000 0.000000
vn 0.000000 -1.000000 0.000000
vn 0.000000 -1.000000 0.000000
vn 0.000000 -1.000000 0.000000
vn 0.000000 -1.000000 0.000000
vn 0.000000 -1.000000 0.000000
vn 0.000000 -1.000000 0.000000
vn 0.000000 -0.000000 0.000000
vn 0.000000 -0.000000 0.000000
vn 0.000000 -0.000000 0.000000
vn 0.000000 -0.000000 0.000000
vn 0.000000 0.000000 0.000000
vn 0.000000 0.000000 0.000000
vn 0.000000 0.000000 0.000000
vn 0.000000 0.000000 0.000000
vn 0.000000 0.000000 0.000000
vn 0.000000 0.000000 0.000000
vn 0.000000 0.000000 0.000000
vn 0.000000 0.000000 0.000000
vn 0.000000 0.000000 0.000000
vn 0.000000 0.000000 0.000000
vn 0.000000 0.000000 0.000000
vn 0.000000 0.000000 0.000000
vn 0.000000 0.000000 0.000000
vn 0.000000 0.000000 0.000000
vn 0.000000 0.000000 0.000000
vn 0.000000 0.000000 0.000000
vn 0.000000 1.000000 0.000000
vn 0.000000 1.000000 0.000000
vn 0.000000 1.000000 0.000000
vn 0.000000 1.000000 0.000000
vn 0.000000 0.000000 0.000000
vn 0.000000 0.000000 0.000000
vn 0.000000 0.000000 0.000000
vn 0.000000 0.000000 0.000000
vn 0.000000 0.000000 1.000000
vn 0.000000 0.000000 1.000000
vn 0.000000 0.000000 1.000000
vn 0.000000 0.000000 1.000000
vn 1.000000 0.000000 0.000000
vn 1.000000 0.000000 0.000000
vn 1.000000 0.000000 0.000000
vn 1.000000 0.000000 0.000000
vn -1.000000 -0.000001 0.000000
vn -1.000000 -0.000002 0.000000
vn -1.000000 -0.000002 0.000000
vn -1.000000 -0.000001 0.000000
vn 1.000000 0.000000 0.000000
vn 1.000000 0.000001 0.000000
vn -1.000000 0.000000 0.000000
vn -1.000000 0.000000 0.000000
vn 1.000000 0.000002 0.000000
vn 1.000000 0.000002 0.000000
vn 0.000000 0.000000 1.000000
vn 0.000000 0.000000 1.000000
vn 0.000000 0.000000 1.000000
vn 0.000000 0.000000 1.000000
vn -1.000000 0.000000 0.000000
vn -1.000000 0.000000 0.000000
s off
g Books_Middle_Shelf book13
usemtl initialShadingGroup
f 2200/3487/5932 2201/3488/5933 2203/3490/5934 2202/3489/5935
f 2224/3517/5936 2225/3518/5937 2226/3519/5938 2227/3520/5939
f 2227/3520/5940 2226/3519/5941 2228/3521/5942 2229/3522/5943
f 2229/3522/5944 2228/3521/5945 2230/3523/5946 2231/3524/5947
f 2201/3488/5948 2207/3497/5949 2205/3498/5950 2203/3490/5951
f 2206/3499/5952 2200/3487/5953 2202/3489/5954 2204/3500/5955
f 2202/3489/5956 2203/3490/5957 2209/3502/5958 2208/3501/5959
f 2203/3490/5960 2205/3492/5961 2210/3503/5962 2209/3502/5963
f 2204/3491/5964 2202/3489/5965 2208/3501/5966 2211/3504/5967
f 2205/3492/5968 2207/3494/5969 2212/3505/5970 2210/3503/5971
f 2206/3493/5972 2204/3491/5973 2211/3504/5974 2213/3506/5975
f 2207/3494/5976 2201/3496/5977 2214/3507/5978 2212/3505/5979
f 2201/3496/5980 2200/3495/5981 2215/3508/5982 2214/3507/5983
f 2200/3495/5984 2206/3493/5985 2213/3506/5986 2215/3508/5987
f 2208/3501/5988 2209/3502/5989 2217/3510/5990 2216/3509/5991
f 2209/3502/5992 2210/3503/5993 2218/3511/5994 2217/3510/5995
f 2211/3504/5996 2208/3501/5997 2216/3509/5998 2219/3512/5999
f 2210/3503/6000 2212/3505/6001 2220/3513/6002 2218/3511/6003
f 2213/3506/6004 2211/3504/6005 2219/3512/6006 2221/3514/6007
f 2212/3505/6008 2214/3507/6009 2222/3515/6010 2220/3513/6011
f 2214/3507/6012 2215/3508/6013 2223/3516/6014 2222/3515/6015
f 2215/3508/6016 2213/3506/6017 2221/3514/6018 2223/3516/6019
f 2216/3509/6020 2217/3510/6021 2225/3518/6022 2224/3517/6023
s 1
f 2217/3510/6024 2218/3511/6025 2226/3519/6026 2225/3518/6027
s 2
f 2219/3512/6028 2216/3509/6029 2224/3517/6030 2227/3520/6031
s 1
f 2218/3511/6025 2220/3513/6032 2228/3521/6033 2226/3519/6026
s 2
f 2221/3514/6034 2219/3512/6028 2227/3520/6031 2229/3522/6035
s 1
f 2220/3513/6032 2222/3515/6036 2230/3523/6037 2228/3521/6033
s off
f 2222/3515/6038 2223/3516/6039 2231/3524/6040 2230/3523/6041
s 2
f 2223/3516/6042 2221/3514/6034 2229/3522/6035 2231/3524/6043
g default
v -7.603900 5.678456 8.062191
v -7.831517 5.678456 8.062191
v -7.603900 8.343242 8.062191
v -7.831517 8.343242 8.062191
v -7.603900 8.343242 9.436893
v -7.831517 8.343242 9.436893
v -7.603900 5.678456 9.436893
v -7.831517 5.678456 9.436893
v -7.624522 8.343242 8.178997
v -7.810895 8.343242 8.178997
v -7.810895 8.343242 9.411068
v -7.624522 8.343242 9.411068
v -7.810895 5.678456 9.411068
v -7.624522 5.678456 9.411068
v -7.810895 5.678456 8.178997
v -7.624522 5.678456 8.178997
v -7.624522 8.343242 8.172363
v -7.810895 8.343242 8.172363
v -7.810895 8.343242 9.411068
v -7.624522 8.343242 9.411068
v -7.810895 5.678456 9.411068
v -7.624522 5.678456 9.411068
v -7.810895 5.678456 8.172363
v -7.624522 5.678456 8.172363
v -7.624522 8.303887 8.172363
v -7.810895 8.303887 8.172363
v -7.810895 8.323565 9.386827
v -7.624522 8.323565 9.386827
v -7.810895 5.698133 9.386827
v -7.624522 5.698133 9.386827
v -7.810895 5.717811 8.172363
v -7.624522 5.717811 8.172363
vt 0.375000 0.000000
vt 0.625000 0.000000
vt 0.375000 0.250000
vt 0.625000 0.250000
vt 0.375000 0.500000
vt 0.625000 0.500000
vt 0.375000 0.750000
vt 0.625000 0.750000
vt 0.375000 1.000000
vt 0.625000 1.000000
vt 0.875000 0.000000
vt 0.875000 0.250000
vt 0.125000 0.000000
vt 0.125000 0.250000
vt 0.375000 0.250000
vt 0.625000 0.250000
vt 0.625000 0.500000
vt 0.375000 0.500000
vt 0.625000 0.750000
vt 0.375000 0.750000
vt 0.625000 1.000000
vt 0.375000 1.000000
vt 0.375000 0.250000
vt 0.625000 0.250000
vt 0.625000 0.500000
vt 0.375000 0.500000
vt 0.625000 0.750000
vt 0.375000 0.750000
vt 0.625000 1.000000
vt 0.375000 1.000000
vt 0.375000 0.250000
vt 0.625000 0.250000
vt 0.625000 0.500000
vt 0.375000 0.500000
vt 0.625000 0.750000
vt 0.375000 0.750000
vt 0.625000 1.000000
vt 0.375000 1.000000
vn 0.000000 0.000000 -1.000000
vn 0.000000 0.000000 -1.000000
vn 0.000000 0.000000 -1.000000
vn 0.000000 0.000000 -1.000000
vn 0.000000 0.999869 -0.016199
vn 0.000000 0.999869 -0.016199
vn 0.000000 0.999869 -0.016199
vn 0.000000 0.999869 -0.016199
vn 0.000000 0.000000 1.000000
vn 0.000000 0.000000 1.000000
vn 0.000000 0.000000 1.000000
vn 0.000000 0.000000 1.000000
vn 0.000000 -0.999869 -0.016201
vn 0.000000 -0.999869 -0.016201
vn 0.000000 -0.999869 -0.016201
vn 0.000000 -0.999869 -0.016201
vn -1.000000 0.000000 0.000000
vn -1.000000 0.000000 0.000000
vn -1.000000 0.000000 0.000000
vn -1.000000 0.000000 0.000000
vn 1.000000 0.000000 0.000000
vn 1.000000 0.000000 0.000000
vn 1.000000 0.000000 0.000000
vn 1.000000 0.000000 0.000000
vn 0.000000 1.000000 -0.000005
vn 0.000000 1.000000 -0.000005
vn 0.000000 1.000000 -0.000005
vn 0.000000 1.000000 -0.000005
vn 0.000000 1.000000 0.000000
vn 0.000000 1.000000 0.000000
vn 0.000000 1.000000 0.000000
vn 0.000000 1.000000 0.000000
vn 0.000000 1.000000 0.000000
vn 0.000000 1.000000 0.000000
vn 0.000000 1.000000 0.000000
vn 0.000000 1.000000 0.000000
vn 0.781421 0.000000 0.624004
vn 0.781421 0.000000 0.624004
vn 0.781421 0.000000 0.624004
vn 0.781421 0.000000 0.624004
vn -0.781421 0.000000 0.624004
vn -0.781421 0.000000 0.624004
vn -0.781421 0.000000 0.624004
vn -0.781421 0.000000 0.624004
vn 0.000000 -1.000000 0.000000
vn 0.000000 -1.000000 0.000000
vn 0.000000 -1.000000 0.000000
vn 0.000000 -1.000000 0.000000
vn 0.000000 -1.000000 0.000002
vn 0.000000 -1.000000 0.000002
vn 0.000000 -1.000000 0.000002
vn 0.000000 -1.000000 0.000002
vn 0.000000 -1.000000 0.000000
vn 0.000000 -1.000000 0.000000
vn 0.000000 -1.000000 0.000000
vn 0.000000 -1.000000 0.000000
vn 0.000000 -1.000000 0.000000
vn 0.000000 -1.000000 0.000000
vn 0.000000 -1.000000 0.000000
vn 0.000000 -1.000000 0.000000
vn 0.000000 -0.000000 0.000000
vn 0.000000 -0.000000 0.000000
vn 0.000000 -0.000000 0.000000
vn 0.000000 -0.000000 0.000000
vn 0.000000 0.000000 0.000000
vn 0.000000 0.000000 0.000000
vn 0.000000 0.000000 0.000000
vn 0.000000 0.000000 0.000000
vn 0.000000 0.000000 0.000000
vn 0.000000 0.000000 0.000000
vn 0.000000 0.000000 0.000000
vn 0.000000 0.000000 0.000000
vn 0.000000 0.000000 0.000000
vn 0.000000 0.000000 0.000000
vn 0.000000 0.000000 0.000000
vn 0.000000 0.000000 0.000000
vn 0.000000 0.000000 0.000000
vn 0.000000 0.000000 0.000000
vn 0.000000 0.000000 0.000000
vn 0.000000 0.000000 0.000000
vn 0.000000 1.000000 0.000000
vn 0.000000 1.000000 0.000000
vn 0.000000 1.000000 0.000000
vn 0.000000 1.000000 0.000000
vn 0.000000 -0.000000 0.000000
vn 0.000000 -0.000000 0.000000
vn 0.000000 -0.000000 0.000000
vn 0.000000 -0.000000 0.000000
vn 0.000000 0.000000 1.000000
vn 0.000000 0.000000 1.000000
vn 0.000000 0.000000 1.000000
vn 0.000000 0.000000 1.000000
vn 1.000000 0.000000 0.000000
vn 1.000000 0.000000 0.000000
vn 1.000000 0.000000 0.000000
vn 1.000000 0.000000 0.000000
vn -1.000000 -0.000002 0.000000
vn -1.000000 -0.000006 0.000000
vn -1.000000 -0.000006 0.000000
vn -1.000000 -0.000002 0.000000
vn 1.000000 -0.000000 0.000000
vn 1.000000 -0.000000 0.000000
vn -1.000000 0.000000 0.000000
vn -1.000000 0.000000 0.000000
vn 1.000000 -0.000000 0.000000
vn 1.000000 -0.000000 0.000000
vn 0.000000 0.000000 1.000000
vn 0.000000 0.000000 1.000000
vn 0.000000 0.000000 1.000000
vn 0.000000 0.000000 1.000000
vn -1.000000 0.000000 0.000000
vn -1.000000 0.000000 0.000000
s off
g Books_Middle_Shelf book14
usemtl initialShadingGroup
f 2232/3525/6044 2233/3526/6045 2235/3528/6046 2234/3527/6047
f 2256/3555/6048 2257/3556/6049 2258/3557/6050 2259/3558/6051
f 2259/3558/6052 2258/3557/6053 2260/3559/6054 2261/3560/6055
f 2261/3560/6056 2260/3559/6057 2262/3561/6058 2263/3562/6059
f 2233/3526/6060 2239/3535/6061 2237/3536/6062 2235/3528/6063
f 2238/3537/6064 2232/3525/6065 2234/3527/6066 2236/3538/6067
f 2234/3527/6068 2235/3528/6069 2241/3540/6070 2240/3539/6071
f 2235/3528/6072 2237/3530/6073 2242/3541/6074 2241/3540/6075
f 2236/3529/6076 2234/3527/6077 2240/3539/6078 2243/3542/6079
f 2237/3530/6080 2239/3532/6081 2244/3543/6082 2242/3541/6083
f 2238/3531/6084 2236/3529/6085 2243/3542/6086 2245/3544/6087
f 2239/3532/6088 2233/3534/6089 2246/3545/6090 2244/3543/6091
f 2233/3534/6092 2232/3533/6093 2247/3546/6094 2246/3545/6095
f 2232/3533/6096 2238/3531/6097 2245/3544/6098 2247/3546/6099
f 2240/3539/6100 2241/3540/6101 2249/3548/6102 2248/3547/6103
f 2241/3540/6104 2242/3541/6105 2250/3549/6106 2249/3548/6107
f 2243/3542/6108 2240/3539/6109 2248/3547/6110 2251/3550/6111
f 2242/3541/6112 2244/3543/6113 2252/3551/6114 2250/3549/6115
f 2245/3544/6116 2243/3542/6117 2251/3550/6118 2253/3552/6119
f 2244/3543/6120 2246/3545/6121 2254/3553/6122 2252/3551/6123
f 2246/3545/6124 2247/3546/6125 2255/3554/6126 2254/3553/6127
f 2247/3546/6128 2245/3544/6129 2253/3552/6130 2255/3554/6131
f 2248/3547/6132 2249/3548/6133 2257/3556/6134 2256/3555/6135
s 1
f 2249/3548/6136 2250/3549/6137 2258/3557/6138 2257/3556/6139
s 2
f 2251/3550/6140 2248/3547/6141 2256/3555/6142 2259/3558/6143
s 1
f 2250/3549/6137 2252/3551/6144 2260/3559/6145 2258/3557/6138
s 2
f 2253/3552/6146 2251/3550/6140 2259/3558/6143 2261/3560/6147
s 1
f 2252/3551/6144 2254/3553/6148 2262/3561/6149 2260/3559/6145
s off
f 2254/3553/6150 2255/3554/6151 2263/3562/6152 2262/3561/6153
s 2
f 2255/3554/6154 2253/3552/6146 2261/3560/6147 2263/3562/6155
g default
v -7.925014 5.678456 8.000001
v -8.486811 5.678456 8.000001
v -7.925014 8.702378 8.000001
v -8.486811 8.702378 8.000001
v -7.925014 8.702378 9.673482
v -8.486811 8.702378 9.673482
v -7.925014 5.678456 9.673482
v -8.486811 5.678456 9.673482
v -7.975914 8.702378 8.142194
v -8.435911 8.702378 8.142194
v -8.435911 8.702378 9.642045
v -7.975914 8.702378 9.642045
v -8.435911 5.678456 9.642045
v -7.975914 5.678456 9.642045
v -8.435911 5.678456 8.142194
v -7.975914 5.678456 8.142194
v -7.975914 8.702378 8.134119
v -8.435911 8.702378 8.134119
v -8.435911 8.702378 9.642045
v -7.975914 8.702378 9.642045
v -8.435911 5.678456 9.642045
v -7.975914 5.678456 9.642045
v -8.435911 5.678456 8.134119
v -7.975914 5.678456 8.134119
v -7.975914 8.657720 8.134119
v -8.435911 8.657720 8.134119
v -8.435911 8.680049 9.612535
v -7.975914 8.680049 9.612535
v -8.435911 5.700786 9.612535
v -7.975914 5.700786 9.612535
v -8.435911 5.723115 8.134119
v -7.975914 5.723115 8.134119
vt 0.375000 0.000000
vt 0.625000 0.000000
vt 0.375000 0.250000
vt 0.625000 0.250000
vt 0.375000 0.500000
vt 0.625000 0.500000
vt 0.375000 0.750000
vt 0.625000 0.750000
vt 0.375000 1.000000
vt 0.625000 1.000000
vt 0.875000 0.000000
vt 0.875000 0.250000
vt 0.125000 0.000000
vt 0.125000 0.250000
vt 0.375000 0.250000
vt 0.625000 0.250000
vt 0.625000 0.500000
vt 0.375000 0.500000
vt 0.625000 0.750000
vt 0.375000 0.750000
vt 0.625000 1.000000
vt 0.375000 1.000000
vt 0.375000 0.250000
vt 0.625000 0.250000
vt 0.625000 0.500000
vt 0.375000 0.500000
vt 0.625000 0.750000
vt 0.375000 0.750000
vt 0.625000 1.000000
vt 0.375000 1.000000
vt 0.375000 0.250000
vt 0.625000 0.250000
vt 0.625000 0.500000
vt 0.375000 0.500000
vt 0.625000 0.750000
vt 0.375000 0.750000
vt 0.625000 1.000000
vt 0.375000 1.000000
vn 0.000000 0.000000 -1.000000
vn 0.000000 0.000000 -1.000000
vn 0.000000 0.000000 -1.000000
vn 0.000000 0.000000 -1.000000
vn 0.000000 0.999886 -0.015101
vn 0.000000 0.999886 -0.015101
vn 0.000000 0.999886 -0.015101
vn 0.000000 0.999886 -0.015101
vn 0.000000 0.000000 1.000000
vn 0.000000 0.000000 1.000000
vn 0.000000 0.000000 1.000000
vn 0.000000 0.000000 1.000000
vn 0.000000 -0.999886 -0.015102
vn 0.000000 -0.999886 -0.015102
vn 0.000000 -0.999886 -0.015102
vn 0.000000 -0.999886 -0.015102
vn -1.000000 0.000000 0.000000
vn -1.000000 0.000000 0.000000
vn -1.000000 0.000000 0.000000
vn -1.000000 0.000000 0.000000
vn 1.000000 0.000000 0.000000
vn 1.000000 0.000000 0.000000
vn 1.000000 0.000000 0.000000
vn 1.000000 0.000000 0.000000
vn 0.000000 1.000000 0.000001
vn 0.000000 1.000000 0.000001
vn 0.000000 1.000000 0.000001
vn 0.000000 1.000000 0.000001
vn 0.000000 1.000000 0.000000
vn 0.000000 1.000000 0.000000
vn 0.000000 1.000000 0.000000
vn 0.000000 1.000000 0.000000
vn 0.000000 1.000000 0.000000
vn 0.000000 1.000000 0.000000
vn 0.000000 1.000000 0.000000
vn 0.000000 1.000000 0.000000
vn 0.525479 0.000000 0.850807
vn 0.525479 0.000000 0.850807
vn 0.525479 0.000000 0.850807
vn 0.525479 0.000000 0.850807
vn -0.525479 0.000000 0.850807
vn -0.525479 0.000000 0.850807
vn -0.525479 0.000000 0.850807
vn -0.525479 0.000000 0.850807
vn 0.000000 -1.000000 0.000000
vn 0.000000 -1.000000 0.000000
vn 0.000000 -1.000000 0.000000
vn 0.000000 -1.000000 0.000000
vn 0.000000 -1.000000 -0.000004
vn 0.000000 -1.000000 -0.000004
vn 0.000000 -1.000000 -0.000004
vn 0.000000 -1.000000 -0.000004
vn 0.000000 -1.000000 0.000000
vn 0.000000 -1.000000 0.000000
vn 0.000000 -1.000000 0.000000
vn 0.000000 -1.000000 0.000000
vn 0.000000 -1.000000 0.000000
vn 0.000000 -1.000000 0.000000
vn 0.000000 -1.000000 0.000000
vn 0.000000 -1.000000 0.000000
vn 0.000000 0.000000 0.000000
vn 0.000000 0.000000 0.000000
vn 0.000000 0.000000 0.000000
vn 0.000000 0.000000 0.000000
vn 0.000000 0.000000 0.000000
vn 0.000000 0.000000 0.000000
vn 0.000000 0.000000 0.000000
vn 0.000000 0.000000 0.000000
vn 0.000000 0.000000 0.000000
vn 0.000000 0.000000 0.000000
vn 0.000000 0.000000 0.000000
vn 0.000000 0.000000 0.000000
vn 0.000000 0.000000 0.000000
vn 0.000000 0.000000 0.000000
vn 0.000000 0.000000 0.000000
vn 0.000000 0.000000 0.000000
vn 0.000000 0.000000 0.000000
vn 0.000000 0.000000 0.000000
vn 0.000000 0.000000 0.000000
vn 0.000000 0.000000 0.000000
vn 0.000000 1.000000 0.000000
vn 0.000000 1.000000 0.000000
vn 0.000000 1.000000 0.000000
vn 0.000000 1.000000 0.000000
vn 0.000000 0.000000 0.000000
vn 0.000000 0.000000 0.000000
vn 0.000000 0.000000 0.000000
vn 0.000000 0.000000 0.000000
vn 0.000000 0.000000 1.000000
vn 0.000000 0.000000 1.000000
vn 0.000000 0.000000 1.000000
vn 0.000000 0.000000 1.000000
vn 1.000000 0.000000 0.000000
vn 1.000000 0.000000 0.000000
vn 1.000000 0.000000 0.000000
vn 1.000000 0.000000 0.000000
vn -1.000000 0.000000 0.000000
vn -1.000000 0.000000 0.000000
vn -1.000000 0.000000 0.000000
vn -1.000000 0.000000 0.000000
vn 1.000000 -0.000002 0.000000
vn 1.000000 -0.000002 0.000000
vn -1.000000 0.000000 0.000000
vn -1.000000 0.000000 0.000000
vn 1.000000 -0.000005 0.000000
vn 1.000000 -0.000005 0.000000
vn 0.000000 0.000000 1.000000
vn 0.000000 0.000000 1.000000
vn 0.000000 0.000000 1.000000
vn 0.000000 0.000000 1.000000
vn -1.000000 0.000000 0.000000
vn -1.000000 0.000000 0.000000
s off
g Books_Middle_Shelf book15
usemtl initialShadingGroup
f 2264/3563/6156 2265/3564/6157 2267/3566/6158 2266/3565/6159
f 2288/3593/6160 2289/3594/6161 2290/3595/6162 2291/3596/6163
f 2291/3596/6164 2290/3595/6165 2292/3597/6166 2293/3598/6167
f 2293/3598/6168 2292/3597/6169 2294/3599/6170 2295/3600/6171
f 2265/3564/6172 2271/3573/6173 2269/3574/6174 2267/3566/6175
f 2270/3575/6176 2264/3563/6177 2266/3565/6178 2268/3576/6179
f 2266/3565/6180 2267/3566/6181 2273/3578/6182 2272/3577/6183
f 2267/3566/6184 2269/3568/6185 2274/3579/6186 2273/3578/6187
f 2268/3567/6188 2266/3565/6189 2272/3577/6190 2275/3580/6191
f 2269/3568/6192 2271/3570/6193 2276/3581/6194 2274/3579/6195
f 2270/3569/6196 2268/3567/6197 2275/3580/6198 2277/3582/6199
f 2271/3570/6200 2265/3572/6201 2278/3583/6202 2276/3581/6203
f 2265/3572/6204 2264/3571/6205 2279/3584/6206 2278/3583/6207
f 2264/3571/6208 2270/3569/6209 2277/3582/6210 2279/3584/6211
f 2272/3577/6212 2273/3578/6213 2281/3586/6214 2280/3585/6215
f 2273/3578/6216 2274/3579/6217 2282/3587/6218 2281/3586/6219
f 2275/3580/6220 2272/3577/6221 2280/3585/6222 2283/3588/6223
f 2274/3579/6224 2276/3581/6225 2284/3589/6226 2282/3587/6227
f 2277/3582/6228 2275/3580/6229 2283/3588/6230 2285/3590/6231
f 2276/3581/6232 2278/3583/6233 2286/3591/6234 2284/3589/6235
f 2278/3583/6236 2279/3584/6237 2287/3592/6238 2286/3591/6239
f 2279/3584/6240 2277/3582/6241 2285/3590/6242 2287/3592/6243
f 2280/3585/6244 2281/3586/6245 2289/3594/6246 2288/3593/6247
s 1
f 2281/3586/6248 2282/3587/6249 2290/3595/6250 2289/3594/6251
s 2
f 2283/3588/6252 2280/3585/6253 2288/3593/6254 2291/3596/6255
s 1
f 2282/3587/6249 2284/3589/6256 2292/3597/6257 2290/3595/6250
s 2
f 2285/3590/6258 2283/3588/6252 2291/3596/6255 2293/3598/6259
s 1
f 2284/3589/6256 2286/3591/6260 2294/3599/6261 2292/3597/6257
s off
f 2286/3591/6262 2287/3592/6263 2295/3600/6264 2294/3599/6265
s 2
f 2287/3592/6266 2285/3590/6258 2293/3598/6259 2295/3600/6267
g default
v -7.925014 5.678456 8.000001
v -8.486811 5.678456 8.000001
v -7.925014 8.702378 8.000001
v -8.486811 8.702378 8.000001
v -7.925014 8.702378 9.673482
v -8.486811 8.702378 9.673482
v -7.925014 5.678456 9.673482
v -8.486811 5.678456 9.673482
v -7.975914 8.702378 8.142194
v -8.435911 8.702378 8.142194
v -8.435911 8.702378 9.642045
v -7.975914 8.702378 9.642045
v -8.435911 5.678456 9.642045
v -7.975914 5.678456 9.642045
v -8.435911 5.678456 8.142194
v -7.975914 5.678456 8.142194
v -7.975914 8.702378 8.134119
v -8.435911 8.702378 8.134119
v -8.435911 8.702378 9.642045
v -7.975914 8.702378 9.642045
v -8.435911 5.678456 9.642045
v -7.975914 5.678456 9.642045
v -8.435911 5.678456 8.134119
v -7.975914 5.678456 8.134119
v -7.975914 8.657720 8.134119
v -8.435911 8.657720 8.134119
v -8.435911 8.680049 9.612535
v -7.975914 8.680049 9.612535
v -8.435911 5.700786 9.612535
v -7.975914 5.700786 9.612535
v -8.435911 5.723115 8.134119
v -7.975914 5.723115 8.134119
vt 0.375000 0.000000
vt 0.625000 0.000000
vt 0.375000 0.250000
vt 0.625000 0.250000
vt 0.375000 0.500000
vt 0.625000 0.500000
vt 0.375000 0.750000
vt 0.625000 0.750000
vt 0.375000 1.000000
vt 0.625000 1.000000
vt 0.875000 0.000000
vt 0.875000 0.250000
vt 0.125000 0.000000
vt 0.125000 0.250000
vt 0.375000 0.250000
vt 0.625000 0.250000
vt 0.625000 0.500000
vt 0.375000 0.500000
vt 0.625000 0.750000
vt 0.375000 0.750000
vt 0.625000 1.000000
vt 0.375000 1.000000
vt 0.375000 0.250000
vt 0.625000 0.250000
vt 0.625000 0.500000
vt 0.375000 0.500000
vt 0.625000 0.750000
vt 0.375000 0.750000
vt 0.625000 1.000000
vt 0.375000 1.000000
vt 0.375000 0.250000
vt 0.625000 0.250000
vt 0.625000 0.500000
vt 0.375000 0.500000
vt 0.625000 0.750000
vt 0.375000 0.750000
vt 0.625000 1.000000
vt 0.375000 1.000000
vn 0.000000 0.000000 -1.000000
vn 0.000000 0.000000 -1.000000
vn 0.000000 0.000000 -1.000000
vn 0.000000 0.000000 -1.000000
vn 0.000000 0.999886 -0.015101
vn 0.000000 0.999886 -0.015101
vn 0.000000 0.999886 -0.015101
vn 0.000000 0.999886 -0.015101
vn 0.000000 0.000000 1.000000
vn 0.000000 0.000000 1.000000
vn 0.000000 0.000000 1.000000
vn 0.000000 0.000000 1.000000
vn 0.000000 -0.999886 -0.015102
vn 0.000000 -0.999886 -0.015102
vn 0.000000 -0.999886 -0.015102
vn 0.000000 -0.999886 -0.015102
vn -1.000000 0.000000 0.000000
vn -1.000000 0.000000 0.000000
vn -1.000000 0.000000 0.000000
vn -1.000000 0.000000 0.000000
vn 1.000000 0.000000 0.000000
vn 1.000000 0.000000 0.000000
vn 1.000000 0.000000 0.000000
vn 1.000000 0.000000 0.000000
vn 0.000000 1.000000 0.000001
vn 0.000000 1.000000 0.000001
vn 0.000000 1.000000 0.000001
vn 0.000000 1.000000 0.000001
vn 0.000000 1.000000 0.000000
vn 0.000000 1.000000 0.000000
vn 0.000000 1.000000 0.000000
vn 0.000000 1.000000 0.000000
vn 0.000000 1.000000 0.000000
vn 0.000000 1.000000 0.000000
vn 0.000000 1.000000 0.000000
vn 0.000000 1.000000 0.000000
vn 0.525479 0.000000 0.850807
vn 0.525479 0.000000 0.850807
vn 0.525479 0.000000 0.850807
vn 0.525479 0.000000 0.850807
vn -0.525479 0.000000 0.850807
vn -0.525479 0.000000 0.850807
vn -0.525479 0.000000 0.850807
vn -0.525479 0.000000 0.850807
vn 0.000000 -1.000000 0.000000
vn 0.000000 -1.000000 0.000000
vn 0.000000 -1.000000 0.000000
vn 0.000000 -1.000000 0.000000
vn 0.000000 -1.000000 -0.000004
vn 0.000000 -1.000000 -0.000004
vn 0.000000 -1.000000 -0.000004
vn 0.000000 -1.000000 -0.000004
vn 0.000000 -1.000000 0.000000
vn 0.000000 -1.000000 0.000000
vn 0.000000 -1.000000 0.000000
vn 0.000000 -1.000000 0.000000
vn 0.000000 -1.000000 0.000000
vn 0.000000 -1.000000 0.000000
vn 0.000000 -1.000000 0.000000
vn 0.000000 -1.000000 0.000000
vn 0.000000 0.000000 0.000000
vn 0.000000 0.000000 0.000000
vn 0.000000 0.000000 0.000000
vn 0.000000 0.000000 0.000000
vn 0.000000 0.000000 0.000000
vn 0.000000 0.000000 0.000000
vn 0.000000 0.000000 0.000000
vn 0.000000 0.000000 0.000000
vn 0.000000 0.000000 0.000000
vn 0.000000 0.000000 0.000000
vn 0.000000 0.000000 0.000000
vn 0.000000 0.000000 0.000000
vn 0.000000 0.000000 0.000000
vn 0.000000 0.000000 0.000000
vn 0.000000 0.000000 0.000000
vn 0.000000 0.000000 0.000000
vn 0.000000 0.000000 0.000000
vn 0.000000 0.000000 0.000000
vn 0.000000 0.000000 0.000000
vn 0.000000 0.000000 0.000000
vn 0.000000 1.000000 0.000000
vn 0.000000 1.000000 0.000000
vn 0.000000 1.000000 0.000000
vn 0.000000 1.000000 0.000000
vn 0.000000 0.000000 0.000000
vn 0.000000 0.000000 0.000000
vn 0.000000 0.000000 0.000000
vn 0.000000 0.000000 0.000000
vn 0.000000 0.000000 1.000000
vn 0.000000 0.000000 1.000000
vn 0.000000 0.000000 1.000000
vn 0.000000 0.000000 1.000000
vn 1.000000 0.000000 0.000000
vn 1.000000 0.000000 0.000000
vn 1.000000 0.000000 0.000000
vn 1.000000 0.000000 0.000000
vn -1.000000 0.000000 0.000000
vn -1.000000 0.000000 0.000000
vn -1.000000 0.000000 0.000000
vn -1.000000 0.000000 0.000000
vn 1.000000 -0.000002 0.000000
vn 1.000000 -0.000002 0.000000
vn -1.000000 0.000000 0.000000
vn -1.000000 0.000000 0.000000
vn 1.000000 -0.000005 0.000000
vn 1.000000 -0.000005 0.000000
vn 0.000000 0.000000 1.000000
vn 0.000000 0.000000 1.000000
vn 0.000000 0.000000 1.000000
vn 0.000000 0.000000 1.000000
vn -1.000000 0.000000 0.000000
vn -1.000000 0.000000 0.000000
s off
g Books_Middle_Shelf book16
usemtl initialShadingGroup
f 2296/3601/6268 2297/3602/6269 2299/3604/6270 2298/3603/6271
f 2320/3631/6272 2321/3632/6273 2322/3633/6274 2323/3634/6275
f 2323/3634/6276 2322/3633/6277 2324/3635/6278 2325/3636/6279
f 2325/3636/6280 2324/3635/6281 2326/3637/6282 2327/3638/6283
f 2297/3602/6284 2303/3611/6285 2301/3612/6286 2299/3604/6287
f 2302/3613/6288 2296/3601/6289 2298/3603/6290 2300/3614/6291
f 2298/3603/6292 2299/3604/6293 2305/3616/6294 2304/3615/6295
f 2299/3604/6296 2301/3606/6297 2306/3617/6298 2305/3616/6299
f 2300/3605/6300 2298/3603/6301 2304/3615/6302 2307/3618/6303
f 2301/3606/6304 2303/3608/6305 2308/3619/6306 2306/3617/6307
f 2302/3607/6308 2300/3605/6309 2307/3618/6310 2309/3620/6311
f 2303/3608/6312 2297/3610/6313 2310/3621/6314 2308/3619/6315
f 2297/3610/6316 2296/3609/6317 2311/3622/6318 2310/3621/6319
f 2296/3609/6320 2302/3607/6321 2309/3620/6322 2311/3622/6323
f 2304/3615/6324 2305/3616/6325 2313/3624/6326 2312/3623/6327
f 2305/3616/6328 2306/3617/6329 2314/3625/6330 2313/3624/6331
f 2307/3618/6332 2304/3615/6333 2312/3623/6334 2315/3626/6335
f 2306/3617/6336 2308/3619/6337 2316/3627/6338 2314/3625/6339
f 2309/3620/6340 2307/3618/6341 2315/3626/6342 2317/3628/6343
f 2308/3619/6344 2310/3621/6345 2318/3629/6346 2316/3627/6347
f 2310/3621/6348 2311/3622/6349 2319/3630/6350 2318/3629/6351
f 2311/3622/6352 2309/3620/6353 2317/3628/6354 2319/3630/6355
f 2312/3623/6356 2313/3624/6357 2321/3632/6358 2320/3631/6359
s 1
f 2313/3624/6360 2314/3625/6361 2322/3633/6362 2321/3632/6363
s 2
f 2315/3626/6364 2312/3623/6365 2320/3631/6366 2323/3634/6367
s 1
f 2314/3625/6361 2316/3627/6368 2324/3635/6369 2322/3633/6362
s 2
f 2317/3628/6370 2315/3626/6364 2323/3634/6367 2325/3636/6371
s 1
f 2316/3627/6368 2318/3629/6372 2326/3637/6373 2324/3635/6369
s off
f 2318/3629/6374 2319/3630/6375 2327/3638/6376 2326/3637/6377
s 2
f 2319/3630/6378 2317/3628/6370 2325/3636/6371 2327/3638/6379
g default
v -8.558179 5.678456 7.600402
v -9.008243 5.678456 7.600402
v -8.558179 8.328222 7.600402
v -9.008243 8.328222 7.600402
v -8.558179 8.328222 9.273883
v -9.008243 8.328222 9.273883
v -8.558179 5.678456 9.273883
v -9.008243 5.678456 9.273883
v -8.598955 8.328222 7.742595
v -8.967467 8.328222 7.742595
v -8.967467 8.328222 9.242446
v -8.598955 8.328222 9.242446
v -8.967467 5.678456 9.242446
v -8.598955 5.678456 9.242446
v -8.967467 5.678456 7.742595
v -8.598955 5.678456 7.742595
v -8.598955 8.328222 7.734520
v -8.967467 8.328222 7.734520
v -8.967467 8.328222 9.242446
v -8.598955 8.328222 9.242446
v -8.967467 5.678456 9.242446
v -8.598955 5.678456 9.242446
v -8.967467 5.678456 7.734520
v -8.598955 5.678456 7.734520
v -8.598955 8.289089 7.734520
v -8.967467 8.289089 7.734520
v -8.967467 8.308656 9.212936
v -8.598955 8.308656 9.212936
v -8.967467 5.698023 9.212936
v -8.598955 5.698023 9.212936
v -8.967467 5.717589 7.734520
v -8.598955 5.717589 7.734520
vt 0.375000 0.000000
vt 0.625000 0.000000
vt 0.375000 0.250000
vt 0.625000 0.250000
vt 0.375000 0.500000
vt 0.625000 0.500000
vt 0.375000 0.750000
vt 0.625000 0.750000
vt 0.375000 1.000000
vt 0.625000 1.000000
vt 0.875000 0.000000
vt 0.875000 0.250000
vt 0.125000 0.000000
vt 0.125000 0.250000
vt 0.375000 0.250000
vt 0.625000 0.250000
vt 0.625000 0.500000
vt 0.375000 0.500000
vt 0.625000 0.750000
vt 0.375000 0.750000
vt 0.625000 1.000000
vt 0.375000 1.000000
vt 0.375000 0.250000
vt 0.625000 0.250000
vt 0.625000 0.500000
vt 0.375000 0.500000
vt 0.625000 0.750000
vt 0.375000 0.750000
vt 0.625000 1.000000
vt 0.375000 1.000000
vt 0.375000 0.250000
vt 0.625000 0.250000
vt 0.625000 0.500000
vt 0.375000 0.500000
vt 0.625000 0.750000
vt 0.375000 0.750000
vt 0.625000 1.000000
vt 0.375000 1.000000
vn 0.000000 0.000000 -1.000000
vn 0.000000 0.000000 -1.000000
vn 0.000000 0.000000 -1.000000
vn 0.000000 0.000000 -1.000000
vn 0.000000 0.999913 -0.013234
vn 0.000000 0.999913 -0.013234
vn 0.000000 0.999913 -0.013234
vn 0.000000 0.999913 -0.013234
vn 0.000000 0.000000 1.000000
vn 0.000000 0.000000 1.000000
vn 0.000000 0.000000 1.000000
vn 0.000000 0.000000 1.000000
vn 0.000000 -0.999913 -0.013234
vn 0.000000 -0.999913 -0.013234
vn 0.000000 -0.999913 -0.013234
vn 0.000000 -0.999913 -0.013234
vn -1.000000 0.000000 0.000000
vn -1.000000 0.000000 0.000000
vn -1.000000 0.000000 0.000000
vn -1.000000 0.000000 0.000000
vn 1.000000 0.000000 0.000000
vn 1.000000 0.000000 0.000000
vn 1.000000 0.000000 0.000000
vn 1.000000 0.000000 0.000000
vn 0.000000 1.000000 -0.000008
vn 0.000000 1.000000 -0.000008
vn 0.000000 1.000000 -0.000008
vn 0.000000 1.000000 -0.000008
vn 0.000000 1.000000 0.000000
vn 0.000000 1.000000 0.000000
vn 0.000000 1.000000 0.000000
vn 0.000000 1.000000 0.000000
vn 0.000000 1.000000 0.000000
vn 0.000000 1.000000 0.000000
vn 0.000000 1.000000 0.000000
vn 0.000000 1.000000 0.000000
vn 0.610576 0.000000 0.791957
vn 0.610576 0.000000 0.791957
vn 0.610576 0.000000 0.791957
vn 0.610576 0.000000 0.791957
vn -0.610576 0.000000 0.791957
vn -0.610576 0.000000 0.791957
vn -0.610576 0.000000 0.791957
vn -0.610576 0.000000 0.791957
vn 0.000000 -1.000000 0.000000
vn 0.000000 -1.000000 0.000000
vn 0.000000 -1.000000 0.000000
vn 0.000000 -1.000000 0.000000
vn 0.000000 -1.000000 -0.000001
vn 0.000000 -1.000000 -0.000001
vn 0.000000 -1.000000 -0.000001
vn 0.000000 -1.000000 -0.000001
vn 0.000000 -1.000000 0.000000
vn 0.000000 -1.000000 0.000000
vn 0.000000 -1.000000 0.000000
vn 0.000000 -1.000000 0.000000
vn 0.000000 -1.000000 0.000000
vn 0.000000 -1.000000 0.000000
vn 0.000000 -1.000000 0.000000
vn 0.000000 -1.000000 0.000000
vn 0.000000 1.000000 0.000000
vn 0.000000 0.000000 0.000000
vn 0.000000 0.000000 0.000000
vn 0.000000 0.000000 0.000000
vn 0.000000 -0.000000 0.000000
vn 0.000000 -1.000000 0.000000
vn 0.000000 -0.000000 0.000000
vn 0.000000 -0.000000 0.000000
vn 0.000000 0.000000 0.000000
vn 0.000000 0.000000 0.000000
vn 0.000000 0.000000 0.000000
vn 0.000000 0.000000 0.000000
vn 0.000000 0.000000 0.000000
vn 0.000000 0.000000 0.000000
vn 0.000000 0.000000 0.000000
vn 0.000000 0.000000 0.000000
vn 0.000000 -0.000000 0.000000
vn 0.000000 -1.000000 0.000000
vn 0.000000 -0.000000 0.000000
vn 0.000000 -0.000000 0.000000
vn 0.000000 1.000000 0.000000
vn 0.000000 1.000000 0.000000
vn 0.000000 1.000000 0.000000
vn 0.000000 1.000000 0.000000
vn 0.000000 1.000000 0.000000
vn 0.000000 0.000000 0.000000
vn 0.000000 0.000000 0.000000
vn 0.000000 0.000000 0.000000
vn 0.000000 0.000000 1.000000
vn 0.000000 0.000000 1.000000
vn 0.000000 0.000000 1.000000
vn 0.000000 0.000000 1.000000
vn 1.000000 -0.000022 0.000000
vn 1.000000 -0.000005 0.000000
vn 1.000000 -0.000009 0.000000
vn 1.000000 -0.000022 0.000000
vn -1.000000 -0.000001 0.000000
vn -1.000000 -0.000005 0.000000
vn -1.000000 -0.000005 0.000000
vn -1.000000 -0.000002 0.000000
vn 1.000000 0.000004 0.000000
vn 1.000000 0.000006 0.000000
vn -1.000000 0.000000 0.000000
vn -1.000000 0.000000 0.000000
vn 1.000000 0.000014 0.000000
vn 1.000000 0.000014 0.000000
vn 0.000000 0.000000 1.000000
vn 0.000000 0.000000 1.000000
vn 0.000000 0.000000 1.000000
vn 0.000000 0.000000 1.000000
vn -1.000000 0.000000 0.000000
vn -1.000000 0.000000 0.000000
s off
g Books_Middle_Shelf book17
usemtl initialShadingGroup
f 2328/3639/6380 2329/3640/6381 2331/3642/6382 2330/3641/6383
f 2352/3669/6384 2353/3670/6385 2354/3671/6386 2355/3672/6387
f 2355/3672/6388 2354/3671/6389 2356/3673/6390 2357/3674/6391
f 2357/3674/6392 2356/3673/6393 2358/3675/6394 2359/3676/6395
f 2329/3640/6396 2335/3649/6397 2333/3650/6398 2331/3642/6399
f 2334/3651/6400 2328/3639/6401 2330/3641/6402 2332/3652/6403
f 2330/3641/6404 2331/3642/6405 2337/3654/6406 2336/3653/6407
f 2331/3642/6408 2333/3644/6409 2338/3655/6410 2337/3654/6411
f 2332/3643/6412 2330/3641/6413 2336/3653/6414 2339/3656/6415
f 2333/3644/6416 2335/3646/6417 2340/3657/6418 2338/3655/6419
f 2334/3645/6420 2332/3643/6421 2339/3656/6422 2341/3658/6423
f 2335/3646/6424 2329/3648/6425 2342/3659/6426 2340/3657/6427
f 2329/3648/6428 2328/3647/6429 2343/3660/6430 2342/3659/6431
f 2328/3647/6432 2334/3645/6433 2341/3658/6434 2343/3660/6435
f 2336/3653/6436 2337/3654/6437 2345/3662/6438 2344/3661/6439
f 2337/3654/6440 2338/3655/6441 2346/3663/6442 2345/3662/6443
f 2339/3656/6444 2336/3653/6445 2344/3661/6446 2347/3664/6447
f 2338/3655/6448 2340/3657/6449 2348/3665/6450 2346/3663/6451
f 2341/3658/6452 2339/3656/6453 2347/3664/6454 2349/3666/6455
f 2340/3657/6456 2342/3659/6457 2350/3667/6458 2348/3665/6459
f 2342/3659/6460 2343/3660/6461 2351/3668/6462 2350/3667/6463
f 2343/3660/6464 2341/3658/6465 2349/3666/6466 2351/3668/6467
f 2344/3661/6468 2345/3662/6469 2353/3670/6470 2352/3669/6471
s 1
f 2345/3662/6472 2346/3663/6473 2354/3671/6474 2353/3670/6475
s 2
f 2347/3664/6476 2344/3661/6477 2352/3669/6478 2355/3672/6479
s 1
f 2346/3663/6473 2348/3665/6480 2356/3673/6481 2354/3671/6474
s 2
f 2349/3666/6482 2347/3664/6476 2355/3672/6479 2357/3674/6483
s 1
f 2348/3665/6480 2350/3667/6484 2358/3675/6485 2356/3673/6481
s off
f 2350/3667/6486 2351/3668/6487 2359/3676/6488 2358/3675/6489
s 2
f 2351/3668/6490 2349/3666/6482 2357/3674/6483 2359/3676/6491
g default
v -9.125521 5.678456 8.028936
v -9.527487 5.678456 8.028936
v -9.125521 8.408942 8.028936
v -9.527487 8.408942 8.028936
v -9.125521 8.408942 9.540026
v -9.527487 8.408942 9.540026
v -9.125521 5.678456 9.540026
v -9.527487 5.678456 9.540026
v -9.161939 8.408942 8.157331
v -9.491068 8.408942 8.157331
v -9.491068 8.408942 9.511640
v -9.161939 8.408942 9.511640
v -9.491068 5.678456 9.511640
v -9.161939 5.678456 9.511640
v -9.491068 5.678456 8.157331
v -9.161939 5.678456 8.157331
v -9.161939 8.408942 8.150040
v -9.491068 8.408942 8.150040
v -9.491068 8.408942 9.511640
v -9.161939 8.408942 9.511640
v -9.491068 5.678456 9.511640
v -9.161939 5.678456 9.511640
v -9.491068 5.678456 8.150040
v -9.161939 5.678456 8.150040
v -9.161939 8.368617 8.150040
v -9.491068 8.368617 8.150040
v -9.491068 8.388780 9.484993
v -9.161939 8.388780 9.484993
v -9.491068 5.698619 9.484993
v -9.161939 5.698619 9.484993
v -9.491068 5.718781 8.150040
v -9.161939 5.718781 8.150040
vt 0.375000 0.000000
vt 0.625000 0.000000
vt 0.375000 0.250000
vt 0.625000 0.250000
vt 0.375000 0.500000
vt 0.625000 0.500000
vt 0.375000 0.750000
vt 0.625000 0.750000
vt 0.375000 1.000000
vt 0.625000 1.000000
vt 0.875000 0.000000
vt 0.875000 0.250000
vt 0.125000 0.000000
vt 0.125000 0.250000
vt 0.375000 0.250000
vt 0.625000 0.250000
vt 0.625000 0.500000
vt 0.375000 0.500000
vt 0.625000 0.750000
vt 0.375000 0.750000
vt 0.625000 1.000000
vt 0.375000 1.000000
vt 0.375000 0.250000
vt 0.625000 0.250000
vt 0.625000 0.500000
vt 0.375000 0.500000
vt 0.625000 0.750000
vt 0.375000 0.750000
vt 0.625000 1.000000
vt 0.375000 1.000000
vt 0.375000 0.250000
vt 0.625000 0.250000
vt 0.625000 0.500000
vt 0.375000 0.500000
vt 0.625000 0.750000
vt 0.375000 0.750000
vt 0.625000 1.000000
vt 0.375000 1.000000
vn 0.000000 0.000000 -1.000000
vn 0.000000 0.000000 -1.000000
vn 0.000000 0.000000 -1.000000
vn 0.000000 0.000000 -1.000000
vn 0.000000 0.999886 -0.015102
vn 0.000000 0.999886 -0.015102
vn 0.000000 0.999886 -0.015102
vn 0.000000 0.999886 -0.015102
vn 0.000000 0.000000 1.000000
vn 0.000000 0.000000 1.000000
vn 0.000000 0.000000 1.000000
vn 0.000000 0.000000 1.000000
vn 0.000000 -0.999886 -0.015102
vn 0.000000 -0.999886 -0.015102
vn 0.000000 -0.999886 -0.015102
vn 0.000000 -0.999886 -0.015102
vn -1.000000 0.000000 0.000000
vn -1.000000 0.000000 0.000000
vn -1.000000 0.000000 0.000000
vn -1.000000 0.000000 0.000000
vn 1.000000 0.000000 0.000000
vn 1.000000 0.000000 0.000000
vn 1.000000 0.000000 0.000000
vn 1.000000 0.000000 0.000000
vn 0.000000 1.000000 -0.000001
vn 0.000000 1.000000 -0.000001
vn 0.000000 1.000000 -0.000001
vn 0.000000 1.000000 -0.000001
vn 0.000000 1.000000 0.000000
vn 0.000000 1.000000 0.000000
vn 0.000000 1.000000 0.000000
vn 0.000000 1.000000 0.000000
vn 0.000000 1.000000 0.000000
vn 0.000000 1.000000 0.000000
vn 0.000000 1.000000 0.000000
vn 0.000000 1.000000 0.000000
vn 0.614759 0.000000 0.788715
vn 0.614759 0.000000 0.788715
vn 0.614759 0.000000 0.788715
vn 0.614759 0.000000 0.788715
vn -0.614759 0.000000 0.788715
vn -0.614759 0.000000 0.788715
vn -0.614759 0.000000 0.788715
vn -0.614759 0.000000 0.788715
vn 0.000000 -1.000000 0.000000
vn 0.000000 -1.000000 0.000000
vn 0.000000 -1.000000 0.000000
vn 0.000000 -1.000000 0.000000
vn 0.000000 -1.000000 -0.000001
vn 0.000000 -1.000000 -0.000001
vn 0.000000 -1.000000 -0.000001
vn 0.000000 -1.000000 -0.000001
vn 0.000000 -1.000000 0.000000
vn 0.000000 -1.000000 0.000000
vn 0.000000 -1.000000 0.000000
vn 0.000000 -1.000000 0.000000
vn 0.000000 -1.000000 0.000000
vn 0.000000 -1.000000 0.000000
vn 0.000000 -1.000000 0.000000
vn 0.000000 -1.000000 0.000000
vn 0.000000 0.000000 0.000000
vn 0.000000 0.000000 0.000000
vn 0.000000 0.000000 0.000000
vn 0.000000 0.000000 0.000000
vn 0.000000 0.000000 0.000000
vn 0.000000 0.000000 0.000000
vn 0.000000 0.000000 0.000000
vn 0.000000 0.000000 0.000000
vn 0.000000 0.000000 0.000000
vn 0.000000 0.000000 0.000000
vn 0.000000 0.000000 0.000000
vn 0.000000 0.000000 0.000000
vn 0.000000 0.000000 0.000000
vn 0.000000 0.000000 0.000000
vn 0.000000 0.000000 0.000000
vn 0.000000 0.000000 0.000000
vn 0.000000 0.000000 0.000000
vn 0.000000 0.000000 0.000000
vn 0.000000 0.000000 0.000000
vn 0.000000 0.000000 0.000000
vn 0.000000 1.000000 0.000000
vn 0.000000 1.000000 0.000000
vn 0.000000 1.000000 0.000000
vn 0.000000 1.000000 0.000000
vn 0.000000 -0.000000 0.000000
vn 0.000000 -0.000000 0.000000
vn 0.000000 -0.000000 0.000000
vn 0.000000 -0.000000 0.000000
vn 0.000000 0.000000 1.000000
vn 0.000000 0.000000 1.000000
vn 0.000000 0.000000 1.000000
vn 0.000000 0.000000 1.000000
vn 1.000000 0.000000 0.000000
vn 1.000000 0.000000 0.000000
vn 1.000000 0.000000 0.000000
vn 1.000000 0.000000 0.000000
vn -1.000000 0.000001 0.000000
vn -1.000000 0.000005 0.000000
vn -1.000000 0.000005 0.000000
vn -1.000000 0.000002 0.000000
vn 1.000000 0.000002 0.000000
vn 1.000000 0.000003 0.000000
vn -1.000000 0.000000 0.000000
vn -1.000000 0.000000 0.000000
vn 1.000000 0.000009 0.000000
vn 1.000000 0.000009 0.000000
vn 0.000000 0.000000 1.000000
vn 0.000000 0.000000 1.000000
vn 0.000000 0.000000 1.000000
vn 0.000000 0.000000 1.000000
vn -1.000000 0.000000 0.000000
vn -1.000000 0.000000 0.000000
s off
g Books_Middle_Shelf book18
usemtl initialShadingGroup
f 2360/3677/6492 2361/3678/6493 2363/3680/6494 2362/3679/6495
f 2384/3707/6496 2385/3708/6497 2386/3709/6498 2387/3710/6499
f 2387/3710/6500 2386/3709/6501 2388/3711/6502 2389/3712/6503
f 2389/3712/6504 2388/3711/6505 2390/3713/6506 2391/3714/6507
f 2361/3678/6508 2367/3687/6509 2365/3688/6510 2363/3680/6511
f 2366/3689/6512 2360/3677/6513 2362/3679/6514 2364/3690/6515
f 2362/3679/6516 2363/3680/6517 2369/3692/6518 2368/3691/6519
f 2363/3680/6520 2365/3682/6521 2370/3693/6522 2369/3692/6523
f 2364/3681/6524 2362/3679/6525 2368/3691/6526 2371/3694/6527
f 2365/3682/6528 2367/3684/6529 2372/3695/6530 2370/3693/6531
f 2366/3683/6532 2364/3681/6533 2371/3694/6534 2373/3696/6535
f 2367/3684/6536 2361/3686/6537 2374/3697/6538 2372/3695/6539
f 2361/3686/6540 2360/3685/6541 2375/3698/6542 2374/3697/6543
f 2360/3685/6544 2366/3683/6545 2373/3696/6546 2375/3698/6547
f 2368/3691/6548 2369/3692/6549 2377/3700/6550 2376/3699/6551
f 2369/3692/6552 2370/3693/6553 2378/3701/6554 2377/3700/6555
f 2371/3694/6556 2368/3691/6557 2376/3699/6558 2379/3702/6559
f 2370/3693/6560 2372/3695/6561 2380/3703/6562 2378/3701/6563
f 2373/3696/6564 2371/3694/6565 2379/3702/6566 2381/3704/6567
f 2372/3695/6568 2374/3697/6569 2382/3705/6570 2380/3703/6571
f 2374/3697/6572 2375/3698/6573 2383/3706/6574 2382/3705/6575
f 2375/3698/6576 2373/3696/6577 2381/3704/6578 2383/3706/6579
f 2376/3699/6580 2377/3700/6581 2385/3708/6582 2384/3707/6583
s 1
f 2377/3700/6584 2378/3701/6585 2386/3709/6586 2385/3708/6587
s 2
f 2379/3702/6588 2376/3699/6589 2384/3707/6590 2387/3710/6591
s 1
f 2378/3701/6585 2380/3703/6592 2388/3711/6593 2386/3709/6586
s 2
f 2381/3704/6594 2379/3702/6588 2387/3710/6591 2389/3712/6595
s 1
f 2380/3703/6592 2382/3705/6596 2390/3713/6597 2388/3711/6593
s off
f 2382/3705/6598 2383/3706/6599 2391/3714/6600 2390/3713/6601
s 2
f 2383/3706/6602 2381/3704/6594 2389/3712/6595 2391/3714/6603
g default
v -9.599616 5.678456 8.000001
v -10.161412 5.678456 8.000001
v -9.599616 8.551744 8.000001
v -10.161412 8.551744 8.000001
v -9.599616 8.551744 9.673482
v -10.161412 8.551744 9.673482
v -9.599616 5.678456 9.673482
v -10.161412 5.678456 9.673482
v -9.650515 8.551744 8.142194
v -10.110513 8.551744 8.142194
v -10.110513 8.551744 9.642045
v -9.650515 8.551744 9.642045
v -10.110513 5.678456 9.642045
v -9.650515 5.678456 9.642045
v -10.110513 5.678456 8.142194
v -9.650515 5.678456 8.142194
v -9.650515 8.551744 8.134119
v -10.110513 8.551744 8.134119
v -10.110513 8.551744 9.642045
v -9.650515 8.551744 9.642045
v -10.110513 5.678456 9.642045
v -9.650515 5.678456 9.642045
v -10.110513 5.678456 8.134119
v -9.650515 5.678456 8.134119
v -9.650515 8.509310 8.134119
v -10.110513 8.509310 8.134119
v -10.110513 8.530526 9.612535
v -9.650515 8.530526 9.612535
v -10.110513 5.699674 9.612535
v -9.650515 5.699674 9.612535
v -10.110513 5.720891 8.134119
v -9.650515 5.720891 8.134119
vt 0.375000 0.000000
vt 0.625000 0.000000
vt 0.375000 0.250000
vt 0.625000 0.250000
vt 0.375000 0.500000
vt 0.625000 0.500000
vt 0.375000 0.750000
vt 0.625000 0.750000
vt 0.375000 1.000000
vt 0.625000 1.000000
vt 0.875000 0.000000
vt 0.875000 0.250000
vt 0.125000 0.000000
vt 0.125000 0.250000
vt 0.375000 0.250000
vt 0.625000 0.250000
vt 0.625000 0.500000
vt 0.375000 0.500000
vt 0.625000 0.750000
vt 0.375000 0.750000
vt 0.625000 1.000000
vt 0.375000 1.000000
vt 0.375000 0.250000
vt 0.625000 0.250000
vt 0.625000 0.500000
vt 0.375000 0.500000
vt 0.625000 0.750000
vt 0.375000 0.750000
vt 0.625000 1.000000
vt 0.375000 1.000000
vt 0.375000 0.250000
vt 0.625000 0.250000
vt 0.625000 0.500000
vt 0.375000 0.500000
vt 0.625000 0.750000
vt 0.375000 0.750000
vt 0.625000 1.000000
vt 0.375000 1.000000
vn 0.000000 0.000000 -1.000000
vn 0.000000 0.000000 -1.000000
vn 0.000000 0.000000 -1.000000
vn 0.000000 0.000000 -1.000000
vn 0.000000 0.999897 -0.014349
vn 0.000000 0.999897 -0.014349
vn 0.000000 0.999897 -0.014349
vn 0.000000 0.999897 -0.014349
vn 0.000000 0.000000 1.000000
vn 0.000000 0.000000 1.000000
vn 0.000000 0.000000 1.000000
vn 0.000000 0.000000 1.000000
vn 0.000000 -0.999897 -0.014350
vn 0.000000 -0.999897 -0.014350
vn 0.000000 -0.999897 -0.014350
vn 0.000000 -0.999897 -0.014350
vn -1.000000 0.000000 0.000000
vn -1.000000 0.000000 0.000000
vn -1.000000 0.000000 0.000000
vn -1.000000 0.000000 0.000000
vn 1.000000 0.000000 0.000000
vn 1.000000 0.000000 0.000000
vn 1.000000 0.000000 0.000000
vn 1.000000 0.000000 0.000000
vn 0.000000 1.000000 -0.000003
vn 0.000000 1.000000 -0.000003
vn 0.000000 1.000000 -0.000003
vn 0.000000 1.000000 -0.000003
vn 0.000000 1.000000 0.000000
vn 0.000000 1.000000 0.000000
vn 0.000000 1.000000 0.000000
vn 0.000000 1.000000 0.000000
vn 0.000000 1.000000 0.000000
vn 0.000000 1.000000 0.000000
vn 0.000000 1.000000 0.000000
vn 0.000000 1.000000 0.000000
vn 0.525477 0.000000 0.850808
vn 0.525477 0.000000 0.850808
vn 0.525477 0.000000 0.850808
vn 0.525477 0.000000 0.850808
vn -0.525477 0.000000 0.850808
vn -0.525477 0.000000 0.850808
vn -0.525477 0.000000 0.850808
vn -0.525477 0.000000 0.850808
vn 0.000000 -1.000000 0.000000
vn 0.000000 -1.000000 0.000000
vn 0.000000 -1.000000 0.000000
vn 0.000000 -1.000000 0.000000
vn 0.000000 -1.000000 -0.000004
vn 0.000000 -1.000000 -0.000004
vn 0.000000 -1.000000 -0.000004
vn 0.000000 -1.000000 -0.000004
vn 0.000000 -1.000000 0.000000
vn 0.000000 -1.000000 0.000000
vn 0.000000 -1.000000 0.000000
vn 0.000000 -1.000000 0.000000
vn 0.000000 -1.000000 0.000000
vn 0.000000 -1.000000 0.000000
vn 0.000000 -1.000000 0.000000
vn 0.000000 -1.000000 0.000000
vn 0.000000 -0.000000 0.000000
vn 0.000000 -0.000000 0.000000
vn 0.000000 -0.000000 0.000000
vn 0.000000 -0.000000 0.000000
vn 0.000000 0.000000 0.000000
vn 0.000000 0.000000 0.000000
vn 0.000000 0.000000 0.000000
vn 0.000000 0.000000 0.000000
vn 0.000000 0.000000 0.000000
vn 0.000000 0.000000 0.000000
vn 0.000000 0.000000 0.000000
vn 0.000000 0.000000 0.000000
vn 0.000000 0.000000 0.000000
vn 0.000000 0.000000 0.000000
vn 0.000000 0.000000 0.000000
vn 0.000000 0.000000 0.000000
vn 0.000000 0.000000 0.000000
vn 0.000000 0.000000 0.000000
vn 0.000000 0.000000 0.000000
vn 0.000000 0.000000 0.000000
vn 0.000000 1.000000 0.000000
vn 0.000000 1.000000 0.000000
vn 0.000000 1.000000 0.000000
vn 0.000000 1.000000 0.000000
vn 0.000000 0.000000 0.000000
vn 0.000000 0.000000 0.000000
vn 0.000000 0.000000 0.000000
vn 0.000000 0.000000 0.000000
vn 0.000000 0.000000 1.000000
vn 0.000000 0.000000 1.000000
vn 0.000000 0.000000 1.000000
vn 0.000000 0.000000 1.000000
vn 1.000000 0.000000 0.000000
vn 1.000000 0.000000 0.000000
vn 1.000000 0.000000 0.000000
vn 1.000000 0.000000 0.000000
vn -1.000000 0.000001 0.000000
vn -1.000000 0.000004 0.000000
vn -1.000000 0.000004 0.000000
vn -1.000000 0.000002 0.000000
vn 1.000000 -0.000001 0.000000
vn 1.000000 -0.000001 0.000000
vn -1.000000 0.000000 0.000000
vn -1.000000 0.000000 0.000000
vn 1.000000 -0.000002 0.000000
vn 1.000000 -0.000002 0.000000
vn 0.000000 0.000000 1.000000
vn 0.000000 0.000000 1.000000
vn 0.000000 0.000000 1.000000
vn 0.000000 0.000000 1.000000
vn -1.000000 0.000000 0.000000
vn -1.000000 0.000000 0.000000
s off
g Books_Middle_Shelf book19
usemtl initialShadingGroup
f 2392/3715/6604 2393/3716/6605 2395/3718/6606 2394/3717/6607
f 2416/3745/6608 2417/3746/6609 2418/3747/6610 2419/3748/6611
f 2419/3748/6612 2418/3747/6613 2420/3749/6614 2421/3750/6615
f 2421/3750/6616 2420/3749/6617 2422/3751/6618 2423/3752/6619
f 2393/3716/6620 2399/3725/6621 2397/3726/6622 2395/3718/6623
f 2398/3727/6624 2392/3715/6625 2394/3717/6626 2396/3728/6627
f 2394/3717/6628 2395/3718/6629 2401/3730/6630 2400/3729/6631
f 2395/3718/6632 2397/3720/6633 2402/3731/6634 2401/3730/6635
f 2396/3719/6636 2394/3717/6637 2400/3729/6638 2403/3732/6639
f 2397/3720/6640 2399/3722/6641 2404/3733/6642 2402/3731/6643
f 2398/3721/6644 2396/3719/6645 2403/3732/6646 2405/3734/6647
f 2399/3722/6648 2393/3724/6649 2406/3735/6650 2404/3733/6651
f 2393/3724/6652 2392/3723/6653 2407/3736/6654 2406/3735/6655
f 2392/3723/6656 2398/3721/6657 2405/3734/6658 2407/3736/6659
f 2400/3729/6660 2401/3730/6661 2409/3738/6662 2408/3737/6663
f 2401/3730/6664 2402/3731/6665 2410/3739/6666 2409/3738/6667
f 2403/3732/6668 2400/3729/6669 2408/3737/6670 2411/3740/6671
f 2402/3731/6672 2404/3733/6673 2412/3741/6674 2410/3739/6675
f 2405/3734/6676 2403/3732/6677 2411/3740/6678 2413/3742/6679
f 2404/3733/6680 2406/3735/6681 2414/3743/6682 2412/3741/6683
f 2406/3735/6684 2407/3736/6685 2415/3744/6686 2414/3743/6687
f 2407/3736/6688 2405/3734/6689 2413/3742/6690 2415/3744/6691
f 2408/3737/6692 2409/3738/6693 2417/3746/6694 2416/3745/6695
s 1
f 2409/3738/6696 2410/3739/6697 2418/3747/6698 2417/3746/6699
s 2
f 2411/3740/6700 2408/3737/6701 2416/3745/6702 2419/3748/6703
s 1
f 2410/3739/6697 2412/3741/6704 2420/3749/6705 2418/3747/6698
s 2
f 2413/3742/6706 2411/3740/6700 2419/3748/6703 2421/3750/6707
s 1
f 2412/3741/6704 2414/3743/6708 2422/3751/6709 2420/3749/6705
s off
f 2414/3743/6710 2415/3744/6711 2423/3752/6712 2422/3751/6713
s 2
f 2415/3744/6714 2413/3742/6706 2421/3750/6707 2423/3752/6715
g default
v -10.153829 5.720890 7.880031
v -10.715626 5.720890 7.880031
v -10.153829 8.594178 7.880031
v -10.715626 8.594178 7.880031
v -10.153829 8.594178 9.553512
v -10.715626 8.594178 9.553512
v -10.153829 5.720890 9.553512
v -10.715626 5.720890 9.553512
v -10.204729 8.594178 8.022223
v -10.664726 8.594178 8.022223
v -10.664726 8.594178 9.522075
v -10.204729 8.594178 9.522075
v -10.664726 5.720890 9.522075
v -10.204729 5.720890 9.522075
v -10.664726 5.720890 8.022223
v -10.204729 5.720890 8.022223
v -10.204729 8.594178 8.014149
v -10.664726 8.594178 8.014149
v -10.664726 8.594178 9.522075
v -10.204729 8.594178 9.522075
v -10.664726 5.720890 9.522075
v -10.204729 5.720890 9.522075
v -10.664726 5.720890 8.014149
v -10.204729 5.720890 8.014149
v -10.204729 8.551744 8.014149
v -10.664726 8.551744 8.014149
v -10.664726 8.572960 9.492565
v -10.204729 8.572960 9.492565
v -10.664726 5.742106 9.492565
v -10.204729 5.742106 9.492565
v -10.664726 5.763324 8.014149
v -10.204729 5.763324 8.014149
vt 0.375000 0.000000
vt 0.625000 0.000000
vt 0.375000 0.250000
vt 0.625000 0.250000
vt 0.375000 0.500000
vt 0.625000 0.500000
vt 0.375000 0.750000
vt 0.625000 0.750000
vt 0.375000 1.000000
vt 0.625000 1.000000
vt 0.875000 0.000000
vt 0.875000 0.250000
vt 0.125000 0.000000
vt 0.125000 0.250000
vt 0.375000 0.250000
vt 0.625000 0.250000
vt 0.625000 0.500000
vt 0.375000 0.500000
vt 0.625000 0.750000
vt 0.375000 0.750000
vt 0.625000 1.000000
vt 0.375000 1.000000
vt 0.375000 0.250000
vt 0.625000 0.250000
vt 0.625000 0.500000
vt 0.375000 0.500000
vt 0.625000 0.750000
vt 0.375000 0.750000
vt 0.625000 1.000000
vt 0.375000 1.000000
vt 0.375000 0.250000
vt 0.625000 0.250000
vt 0.625000 0.500000
vt 0.375000 0.500000
vt 0.625000 0.750000
vt 0.375000 0.750000
vt 0.625000 1.000000
vt 0.375000 1.000000
vn 0.000000 0.000000 -1.000000
vn 0.000000 0.000000 -1.000000
vn 0.000000 0.000000 -1.000000
vn 0.000000 0.000000 -1.000000
vn 0.000000 0.999897 -0.014349
vn 0.000000 0.999897 -0.014349
vn 0.000000 0.999897 -0.014349
vn 0.000000 0.999897 -0.014349
vn 0.000000 0.000000 1.000000
vn 0.000000 0.000000 1.000000
vn 0.000000 0.000000 1.000000
vn 0.000000 0.000000 1.000000
vn 0.000000 -0.999897 -0.014350
vn 0.000000 -0.999897 -0.014350
vn 0.000000 -0.999897 -0.014350
vn 0.000000 -0.999897 -0.014350
vn -1.000000 0.000000 0.000000
vn -1.000000 0.000000 0.000000
vn -1.000000 0.000000 0.000000
vn -1.000000 0.000000 0.000000
vn 1.000000 0.000000 0.000000
vn 1.000000 0.000000 0.000000
vn 1.000000 0.000000 0.000000
vn 1.000000 0.000000 0.000000
vn 0.000000 1.000000 0.000006
vn 0.000000 1.000000 0.000006
vn 0.000000 1.000000 0.000006
vn 0.000000 1.000000 0.000006
vn 0.000000 1.000000 0.000000
vn 0.000000 1.000000 0.000000
vn 0.000000 1.000000 0.000000
vn 0.000000 1.000000 0.000000
vn 0.000000 1.000000 0.000000
vn 0.000000 1.000000 0.000000
vn 0.000000 1.000000 0.000000
vn 0.000000 1.000000 0.000000
vn 0.525476 0.000000 0.850808
vn 0.525476 0.000000 0.850808
vn 0.525476 0.000000 0.850808
vn 0.525476 0.000000 0.850808
vn -0.525476 0.000000 0.850808
vn -0.525476 0.000000 0.850808
vn -0.525476 0.000000 0.850808
vn -0.525476 0.000000 0.850808
vn 0.000000 -1.000000 0.000000
vn 0.000000 -1.000000 0.000000
vn 0.000000 -1.000000 0.000000
vn 0.000000 -1.000000 0.000000
vn 0.000000 -1.000000 -0.000001
vn 0.000000 -1.000000 -0.000001
vn 0.000000 -1.000000 -0.000001
vn 0.000000 -1.000000 -0.000001
vn 0.000000 -1.000000 0.000000
vn 0.000000 -1.000000 0.000000
vn 0.000000 -1.000000 0.000000
vn 0.000000 -1.000000 0.000000
vn 0.000000 -1.000000 0.000000
vn 0.000000 -1.000000 0.000000
vn 0.000000 -1.000000 0.000000
vn 0.000000 -1.000000 0.000000
vn 0.000000 -1.000000 0.000000
vn 0.000000 -0.000000 0.000000
vn 0.000000 -0.000000 0.000000
vn 0.000000 -0.000000 0.000000
vn 0.000000 0.000000 0.000000
vn 0.000000 0.000000 0.000000
vn 0.000000 0.000000 0.000000
vn 0.000000 0.000000 0.000000
vn 0.000000 0.000000 0.000000
vn 0.000000 0.000000 0.000000
vn 0.000000 0.000000 0.000000
vn 0.000000 0.000000 0.000000
vn 0.000000 0.000000 0.000000
vn 0.000000 0.000000 0.000000
vn 0.000000 0.000000 0.000000
vn 0.000000 0.000000 0.000000
vn 0.000000 0.000000 0.000000
vn 0.000000 1.000000 0.000000
vn 0.000000 0.000000 0.000000
vn 0.000000 0.000000 0.000000
vn 0.000000 1.000000 0.000000
vn 0.000000 1.000000 0.000000
vn 0.000000 1.000000 0.000000
vn 0.000000 1.000000 0.000000
vn 0.000000 -0.000000 0.000000
vn 0.000000 -0.000000 0.000000
vn 0.000000 -0.000000 0.000000
vn 0.000000 -0.000000 0.000000
vn 0.000000 0.000000 1.000000
vn 0.000000 0.000000 1.000000
vn 0.000000 0.000000 1.000000
vn 0.000000 0.000000 1.000000
vn 1.000000 0.000000 0.000000
vn 1.000000 0.000000 0.000000
vn 1.000000 0.000000 0.000000
vn 1.000000 0.000000 0.000000
vn -1.000000 0.000001 0.000000
vn -1.000000 0.000005 0.000000
vn -1.000000 0.000005 0.000000
vn -1.000000 0.000002 0.000000
vn 1.000000 -0.000000 0.000000
vn 1.000000 -0.000000 0.000000
vn -1.000000 0.000000 0.000000
vn -1.000000 0.000000 0.000000
vn 1.000000 -0.000001 0.000000
vn 1.000000 -0.000001 0.000000
vn 0.000000 0.000000 1.000000
vn 0.000000 0.000000 1.000000
vn 0.000000 0.000000 1.000000
vn 0.000000 0.000000 1.000000
vn -1.000000 0.000000 0.000000
vn -1.000000 0.000000 0.000000
s off
g Books_Middle_Shelf book20
usemtl initialShadingGroup
f 2424/3753/6716 2425/3754/6717 2427/3756/6718 2426/3755/6719
f 2448/3783/6720 2449/3784/6721 2450/3785/6722 2451/3786/6723
f 2451/3786/6724 2450/3785/6725 2452/3787/6726 2453/3788/6727
f 2453/3788/6728 2452/3787/6729 2454/3789/6730 2455/3790/6731
f 2425/3754/6732 2431/3763/6733 2429/3764/6734 2427/3756/6735
f 2430/3765/6736 2424/3753/6737 2426/3755/6738 2428/3766/6739
f 2426/3755/6740 2427/3756/6741 2433/3768/6742 2432/3767/6743
f 2427/3756/6744 2429/3758/6745 2434/3769/6746 2433/3768/6747
f 2428/3757/6748 2426/3755/6749 2432/3767/6750 2435/3770/6751
f 2429/3758/6752 2431/3760/6753 2436/3771/6754 2434/3769/6755
f 2430/3759/6756 2428/3757/6757 2435/3770/6758 2437/3772/6759
f 2431/3760/6760 2425/3762/6761 2438/3773/6762 2436/3771/6763
f 2425/3762/6764 2424/3761/6765 2439/3774/6766 2438/3773/6767
f 2424/3761/6768 2430/3759/6769 2437/3772/6770 2439/3774/6771
f 2432/3767/6772 2433/3768/6773 2441/3776/6774 2440/3775/6775
f 2433/3768/6776 2434/3769/6777 2442/3777/6778 2441/3776/6779
f 2435/3770/6780 2432/3767/6781 2440/3775/6782 2443/3778/6783
f 2434/3769/6784 2436/3771/6785 2444/3779/6786 2442/3777/6787
f 2437/3772/6788 2435/3770/6789 2443/3778/6790 2445/3780/6791
f 2436/3771/6792 2438/3773/6793 2446/3781/6794 2444/3779/6795
f 2438/3773/6796 2439/3774/6797 2447/3782/6798 2446/3781/6799
f 2439/3774/6800 2437/3772/6801 2445/3780/6802 2447/3782/6803
f 2440/3775/6804 2441/3776/6805 2449/3784/6806 2448/3783/6807
s 1
f 2441/3776/6808 2442/3777/6809 2450/3785/6810 2449/3784/6811
s 2
f 2443/3778/6812 2440/3775/6813 2448/3783/6814 2451/3786/6815
s 1
f 2442/3777/6809 2444/3779/6816 2452/3787/6817 2450/3785/6810
s 2
f 2445/3780/6818 2443/3778/6812 2451/3786/6815 2453/3788/6819
s 1
f 2444/3779/6816 2446/3781/6820 2454/3789/6821 2452/3787/6817
s off
f 2446/3781/6822 2447/3782/6823 2455/3790/6824 2454/3789/6825
s 2
f 2447/3782/6826 2445/3780/6818 2453/3788/6819 2455/3790/6827
g default
v -10.772383 5.678456 8.062191
v -11.000000 5.678456 8.062191
v -10.772383 8.343242 8.062191
v -11.000000 8.343242 8.062191
v -10.772383 8.343242 9.436893
v -11.000000 8.343242 9.436893
v -10.772383 5.678456 9.436893
v -11.000000 5.678456 9.436893
v -10.793005 8.343242 8.178997
v -10.979378 8.343242 8.178997
v -10.979378 8.343242 9.411068
v -10.793005 8.343242 9.411068
v -10.979378 5.678456 9.411068
v -10.793005 5.678456 9.411068
v -10.979378 5.678456 8.178997
v -10.793005 5.678456 8.178997
v -10.793005 8.343242 8.172363
v -10.979378 8.343242 8.172363
v -10.979378 8.343242 9.411068
v -10.793005 8.343242 9.411068
v -10.979378 5.678456 9.411068
v -10.793005 5.678456 9.411068
v -10.979378 5.678456 8.172363
v -10.793005 5.678456 8.172363
v -10.793005 8.303887 8.172363
v -10.979378 8.303887 8.172363
v -10.979378 8.323565 9.386827
v -10.793005 8.323565 9.386827
v -10.979378 5.698133 9.386827
v -10.793005 5.698133 9.386827
v -10.979378 5.717811 8.172363
v -10.793005 5.717811 8.172363
vt 0.375000 0.000000
vt 0.625000 0.000000
vt 0.375000 0.250000
vt 0.625000 0.250000
vt 0.375000 0.500000
vt 0.625000 0.500000
vt 0.375000 0.750000
vt 0.625000 0.750000
vt 0.375000 1.000000
vt 0.625000 1.000000
vt 0.875000 0.000000
vt 0.875000 0.250000
vt 0.125000 0.000000
vt 0.125000 0.250000
vt 0.375000 0.250000
vt 0.625000 0.250000
vt 0.625000 0.500000
vt 0.375000 0.500000
vt 0.625000 0.750000
vt 0.375000 0.750000
vt 0.625000 1.000000
vt 0.375000 1.000000
vt 0.375000 0.250000
vt 0.625000 0.250000
vt 0.625000 0.500000
vt 0.375000 0.500000
vt 0.625000 0.750000
vt 0.375000 0.750000
vt 0.625000 1.000000
vt 0.375000 1.000000
vt 0.375000 0.250000
vt 0.625000 0.250000
vt 0.625000 0.500000
vt 0.375000 0.500000
vt 0.625000 0.750000
vt 0.375000 0.750000
vt 0.625000 1.000000
vt 0.375000 1.000000
vn 0.000000 0.000000 -1.000000
vn 0.000000 0.000000 -1.000000
vn 0.000000 0.000000 -1.000000
vn 0.000000 0.000000 -1.000000
vn 0.000000 0.999869 -0.016199
vn 0.000000 0.999869 -0.016199
vn 0.000000 0.999869 -0.016199
vn 0.000000 0.999869 -0.016199
vn 0.000000 0.000000 1.000000
vn 0.000000 0.000000 1.000000
vn 0.000000 0.000000 1.000000
vn 0.000000 0.000000 1.000000
vn 0.000000 -0.999869 -0.016201
vn 0.000000 -0.999869 -0.016201
vn 0.000000 -0.999869 -0.016201
vn 0.000000 -0.999869 -0.016201
vn -1.000000 0.000000 0.000000
vn -1.000000 0.000000 0.000000
vn -1.000000 0.000000 0.000000
vn -1.000000 0.000000 0.000000
vn 1.000000 0.000000 0.000000
vn 1.000000 0.000000 0.000000
vn 1.000000 0.000000 0.000000
vn 1.000000 0.000000 0.000000
vn 0.000000 1.000000 -0.000005
vn 0.000000 1.000000 -0.000005
vn 0.000000 1.000000 -0.000005
vn 0.000000 1.000000 -0.000005
vn 0.000000 1.000000 0.000000
vn 0.000000 1.000000 0.000000
vn 0.000000 1.000000 0.000000
vn 0.000000 1.000000 0.000000
vn 0.000000 1.000000 0.000000
vn 0.000000 1.000000 0.000000
vn 0.000000 1.000000 0.000000
vn 0.000000 1.000000 0.000000
vn 0.781421 0.000000 0.624004
vn 0.781421 0.000000 0.624004
vn 0.781421 0.000000 0.624004
vn 0.781421 0.000000 0.624004
vn -0.781421 0.000000 0.624004
vn -0.781421 0.000000 0.624004
vn -0.781421 0.000000 0.624004
vn -0.781421 0.000000 0.624004
vn 0.000000 -1.000000 0.000000
vn 0.000000 -1.000000 0.000000
vn 0.000000 -1.000000 0.000000
vn 0.000000 -1.000000 0.000000
vn 0.000000 -1.000000 0.000002
vn 0.000000 -1.000000 0.000002
vn 0.000000 -1.000000 0.000002
vn 0.000000 -1.000000 0.000002
vn 0.000000 -1.000000 0.000000
vn 0.000000 -1.000000 0.000000
vn 0.000000 -1.000000 0.000000
vn 0.000000 -1.000000 0.000000
vn 0.000000 -1.000000 0.000000
vn 0.000000 -1.000000 0.000000
vn 0.000000 -1.000000 0.000000
vn 0.000000 -1.000000 0.000000
vn 0.000000 0.000000 0.000000
vn 0.000000 0.000000 0.000000
vn 0.000000 0.000000 0.000000
vn 0.000000 0.000000 0.000000
vn 0.000000 0.000000 0.000000
vn 0.000000 0.000000 0.000000
vn 0.000000 0.000000 0.000000
vn 0.000000 0.000000 0.000000
vn 0.000000 0.000000 0.000000
vn 0.000000 0.000000 0.000000
vn 0.000000 0.000000 0.000000
vn 0.000000 0.000000 0.000000
vn 0.000000 0.000000 0.000000
vn 0.000000 0.000000 0.000000
vn 0.000000 0.000000 0.000000
vn 0.000000 0.000000 0.000000
vn 0.000000 0.000000 0.000000
vn 0.000000 0.000000 0.000000
vn 0.000000 0.000000 0.000000
vn 0.000000 0.000000 0.000000
vn 0.000000 1.000000 0.000000
vn 0.000000 1.000000 0.000000
vn 0.000000 1.000000 0.000000
vn 0.000000 1.000000 0.000000
vn 0.000000 -0.000000 0.000000
vn 0.000000 -0.000000 0.000000
vn 0.000000 -0.000000 0.000000
vn 0.000000 -0.000000 0.000000
vn 0.000000 0.000000 1.000000
vn 0.000000 0.000000 1.000000
vn 0.000000 0.000000 1.000000
vn 0.000000 0.000000 1.000000
vn 1.000000 0.000000 0.000000
vn 1.000000 0.000000 0.000000
vn 1.000000 0.000000 0.000000
vn 1.000000 0.000000 0.000000
vn -1.000000 0.000002 0.000000
vn -1.000000 0.000007 0.000000
vn -1.000000 0.000007 0.000000
vn -1.000000 0.000003 0.000000
vn 1.000000 0.000004 0.000000
vn 1.000000 0.000005 0.000000
vn -1.000000 0.000000 0.000000
vn -1.000000 0.000000 0.000000
vn 1.000000 0.000013 0.000000
vn 1.000000 0.000013 0.000000
vn 0.000000 0.000000 1.000000
vn 0.000000 0.000000 1.000000
vn 0.000000 0.000000 1.000000
vn 0.000000 0.000000 1.000000
vn -1.000000 0.000000 0.000000
vn -1.000000 0.000000 0.000000
s off
g Books_Middle_Shelf book21
usemtl initialShadingGroup
f 2456/3791/6828 2457/3792/6829 2459/3794/6830 2458/3793/6831
f 2480/3821/6832 2481/3822/6833 2482/3823/6834 2483/3824/6835
f 2483/3824/6836 2482/3823/6837 2484/3825/6838 2485/3826/6839
f 2485/3826/6840 2484/3825/6841 2486/3827/6842 2487/3828/6843
f 2457/3792/6844 2463/3801/6845 2461/3802/6846 2459/3794/6847
f 2462/3803/6848 2456/3791/6849 2458/3793/6850 2460/3804/6851
f 2458/3793/6852 2459/3794/6853 2465/3806/6854 2464/3805/6855
f 2459/3794/6856 2461/3796/6857 2466/3807/6858 2465/3806/6859
f 2460/3795/6860 2458/3793/6861 2464/3805/6862 2467/3808/6863
f 2461/3796/6864 2463/3798/6865 2468/3809/6866 2466/3807/6867
f 2462/3797/6868 2460/3795/6869 2467/3808/6870 2469/3810/6871
f 2463/3798/6872 2457/3800/6873 2470/3811/6874 2468/3809/6875
f 2457/3800/6876 2456/3799/6877 2471/3812/6878 2470/3811/6879
f 2456/3799/6880 2462/3797/6881 2469/3810/6882 2471/3812/6883
f 2464/3805/6884 2465/3806/6885 2473/3814/6886 2472/3813/6887
f 2465/3806/6888 2466/3807/6889 2474/3815/6890 2473/3814/6891
f 2467/3808/6892 2464/3805/6893 2472/3813/6894 2475/3816/6895
f 2466/3807/6896 2468/3809/6897 2476/3817/6898 2474/3815/6899
f 2469/3810/6900 2467/3808/6901 2475/3816/6902 2477/3818/6903
f 2468/3809/6904 2470/3811/6905 2478/3819/6906 2476/3817/6907
f 2470/3811/6908 2471/3812/6909 2479/3820/6910 2478/3819/6911
f 2471/3812/6912 2469/3810/6913 2477/3818/6914 2479/3820/6915
f 2472/3813/6916 2473/3814/6917 2481/3822/6918 2480/3821/6919
s 1
f 2473/3814/6920 2474/3815/6921 2482/3823/6922 2481/3822/6923
s 2
f 2475/3816/6924 2472/3813/6925 2480/3821/6926 2483/3824/6927
s 1
f 2474/3815/6921 2476/3817/6928 2484/3825/6929 2482/3823/6922
s 2
f 2477/3818/6930 2475/3816/6924 2483/3824/6927 2485/3826/6931
s 1
f 2476/3817/6928 2478/3819/6932 2486/3827/6933 2484/3825/6929
s off
f 2478/3819/6934 2479/3820/6935 2487/3828/6936 2486/3827/6937
s 2
f 2479/3820/6938 2477/3818/6930 2485/3826/6931 2487/3828/6939
g default
v 12.000000 0.000000 -12.000000
v 11.500000 0.000000 -12.000000
v 11.500000 1.231452 -12.000000
v 12.000000 1.231452 -12.000000
v 11.665068 1.450321 -12.000000
v 12.000000 1.450321 -12.000000
v 11.665068 16.602163 -12.000000
v 12.000000 16.602163 -12.000000
v 11.500000 0.000000 12.000000
v 12.000000 0.000000 12.000000
v 11.500000 1.231452 12.000000
v 12.000000 1.231452 12.000000
v 11.665068 1.450321 12.000000
v 12.000000 1.450321 12.000000
v 11.665068 13.680732 -3.244219
v 11.665068 7.192294 -3.244219
v 12.000000 7.192294 -3.244219
v 12.000000 13.680732 -3.244219
v 11.665068 7.192294 3.244219
v 12.000000 7.192294 3.244219
v 11.665068 13.680732 3.244219
v 12.000000 13.680732 3.244219
v 12.000000 16.602163 12.000000
v 11.665068 16.602163 12.000000
vt 0.766808 0.843310
vt 0.766808 0.991339
vt 0.759212 0.991339
vt 0.759212 0.843310
vt 0.768158 0.843310
vt 0.768158 0.991339
vt 0.843594 0.897315
vt 0.803574 0.897315
vt 0.803574 0.937335
vt 0.861613 0.843310
vt 0.843594 0.937335
vt 0.861613 0.991339
vt 0.888342 0.983497
vt 0.888342 0.862614
vt 0.894544 0.862614
vt 0.894544 0.983497
vt 0.895647 0.862614
vt 0.895647 0.983497
vt 0.924568 0.906715
vt 0.924568 0.939396
vt 0.957249 0.939396
vt 0.971963 0.983497
vt 0.957249 0.906715
vt 0.971963 0.862614
vt 0.875283 0.989932
vt 0.875283 0.795051
vt 0.884157 0.795051
vt 0.884157 0.989932
vt 0.873616 0.811455
vt 0.759464 0.815309
vt 0.759265 0.809417
vt 0.873417 0.805563
vt 0.875755 0.821334
vt 0.761603 0.825188
vt 0.761405 0.819295
vt 0.875556 0.815442
vt 0.991167 0.759500
vt 0.991167 0.934346
vt 0.982234 0.934346
vt 0.982234 0.759500
vt 0.759023 0.770095
vt 0.758930 0.759465
vt 0.771573 0.759354
vt 0.771666 0.769985
vt 0.773851 0.762844
vt 0.773913 0.769965
vt 0.929417 0.761482
vt 0.929479 0.768603
vt 0.872840 0.800786
vt 0.758689 0.804640
vt 0.758490 0.798747
vt 0.872642 0.794893
vt 0.929522 0.773509
vt 0.929615 0.784140
vt 0.916972 0.784251
vt 0.916879 0.773620
vt 0.914725 0.784270
vt 0.914662 0.777149
vt 0.759159 0.785632
vt 0.759096 0.778511
vt 0.876091 0.831273
vt 0.761939 0.835127
vt 0.761740 0.829235
vt 0.875892 0.825381
vn 0.000000 0.000000 -1.000000
vn 0.000000 0.000000 -1.000000
vn 0.000000 0.000000 -1.000000
vn 0.000000 0.000000 -1.000000
vn 0.000000 0.000000 -1.000000
vn 0.000000 0.000000 -1.000000
vn 0.000000 0.000000 -1.000000
vn 0.000000 0.000000 -1.000000
vn 0.000000 -1.000000 0.000000
vn 0.000000 -1.000000 0.000000
vn 0.000000 -1.000000 0.000000
vn 0.000000 -1.000000 0.000000
vn -0.993586 0.113084 0.000000
vn -0.993586 0.113084 0.000000
vn -1.000000 0.000000 0.000000
vn -1.000000 0.000000 0.000000
vn 1.000000 0.000000 0.000000
vn 1.000000 0.000000 0.000000
vn 1.000000 0.000000 0.000000
vn 1.000000 0.000000 0.000000
vn -0.798394 0.602135 0.000000
vn -0.798394 0.602135 0.000000
vn 1.000000 0.000000 0.000000
vn 1.000000 0.000000 0.000000
vn 0.000000 0.000000 1.000000
vn 0.000000 0.000000 1.000000
vn 0.000000 0.000000 1.000000
vn 0.000000 0.000000 1.000000
vn 0.000000 1.000000 0.000000
vn 0.000000 1.000000 0.000000
vn 0.000000 1.000000 0.000000
vn 0.000000 1.000000 0.000000
vn 0.000000 0.000000 1.000000
vn 0.000000 0.000000 1.000000
vn 0.000000 0.000000 1.000000
vn 0.000000 0.000000 1.000000
vn 0.000000 0.000000 1.000000
vn 0.000000 0.000000 1.000000
vn 0.000000 -1.000000 0.000000
vn 0.000000 -1.000000 0.000000
vn 0.000000 -1.000000 0.000000
vn 0.000000 -1.000000 0.000000
vn 0.000000 0.000000 -1.000000
vn 0.000000 0.000000 -1.000000
vn 0.000000 0.000000 -1.000000
vn 0.000000 0.000000 -1.000000
vn 0.000000 1.000000 0.000000
vn 0.000000 1.000000 0.000000
vn 0.000000 1.000000 0.000000
vn 0.000000 1.000000 0.000000
vn 0.000000 0.000000 1.000000
vn 0.000000 0.000000 1.000000
vn -1.000000 -0.000000 0.000000
vn -1.000000 0.000000 0.000000
vn -1.000000 -0.000000 0.000000
vn -1.000000 -0.000000 0.000000
vn -1.000000 0.000000 0.000000
vn -1.000000 -0.000000 0.000000
vn 1.000000 0.000000 0.000000
vn 1.000000 0.000000 0.000000
vn 1.000000 0.000000 0.000000
vn 1.000000 0.000000 0.000000
vn 1.000000 0.000000 0.000000
vn -1.000000 0.000000 0.000000
vn -1.000000 0.000000 0.000000
vn 1.000000 0.000000 0.000000
s 1
g Wall2 Wall2
usemtl Unit5_LabScene:lambert1SG
f 2488/3869/6940 2489/3870/6941 2490/3871/6942 2491/3872/6943
f 2491/3872/6943 2490/3871/6942 2492/3873/6944 2493/3874/6945
f 2493/3874/6945 2492/3873/6944 2494/3875/6946 2495/3876/6947
s off
f 2496/3853/6948 2489/3854/6949 2488/3855/6950 2497/3856/6951
s 2
f 2498/3829/6952 2490/3830/6953 2489/3831/6954 2496/3832/6955
s 3
f 2497/3841/6956 2488/3842/6957 2491/3843/6958 2499/3844/6959
s 2
f 2490/3830/6953 2498/3829/6952 2500/3833/6960 2492/3834/6961
s 3
f 2499/3844/6959 2491/3843/6958 2493/3845/6962 2501/3846/6963
s off
f 2502/3877/6964 2503/3878/6965 2504/3879/6966 2505/3880/6967
f 2503/3857/6968 2506/3858/6969 2507/3859/6970 2504/3860/6971
s 4
f 2496/3881/6972 2497/3882/6973 2499/3883/6974 2498/3884/6975
f 2498/3884/6975 2499/3883/6974 2501/3885/6976 2500/3886/6977
s off
f 2508/3861/6978 2502/3862/6979 2505/3863/6980 2509/3864/6981
f 2506/3889/6982 2508/3890/6983 2509/3891/6984 2507/3892/6985
f 2510/3865/6986 2495/3866/6987 2494/3867/6988 2511/3868/6989
s 4
f 2500/3886/6977 2501/3885/6976 2510/3887/6990 2511/3888/6991
s 5
f 2492/3834/6992 2503/3837/6993 2502/3839/6994 2508/3835/6995 2511/3838/6996 2494/3840/6997
s 3
f 2509/3849/6998 2505/3851/6999 2504/3847/7000 2493/3845/6962 2495/3852/7001 2510/3850/7002
s 5
f 2508/3835/6995 2506/3836/7003 2503/3837/6993 2492/3834/6992 2500/3833/7004 2511/3838/6996
s 3
f 2501/3846/6963 2493/3845/6962 2504/3847/7000 2507/3848/7005 2509/3849/6998 2510/3850/7002
g default
v -6.042561 6.242761 -7.960363
v -6.405695 5.938325 -7.623225
v -5.594305 5.938325 -8.377820
v -6.392959 5.218222 -7.635087
v -5.607041 5.218222 -8.367005
v -6.365959 5.218222 -8.394005
v -6.536637 5.218222 -8.020137
v -6.195955 5.165362 -7.818554
v -6.267602 5.165362 -8.010566
v -6.250586 5.165362 -7.907542
v -6.097655 5.156469 -7.910101
v -6.124880 5.156469 -7.954448
v -6.133360 5.156469 -8.005790
v -6.502514 5.218222 -7.813539
v -6.293384 5.184848 -7.727820
v -6.375178 5.184848 -7.861053
v -6.400654 5.184848 -8.015300
v -6.182491 5.165362 -8.197001
v -6.243308 5.165362 -8.112120
v -6.121253 5.156469 -8.056400
v -6.090945 5.156469 -8.098701
v -6.487919 5.218222 -8.223789
v -6.364281 5.184848 -8.167346
v -6.273226 5.184848 -8.294430
v -5.980908 5.218222 -8.537682
v -5.990480 5.165362 -8.268648
v -6.093503 5.165362 -8.251632
v -6.046598 5.156469 -8.125926
v -5.995255 5.156469 -8.134406
v -6.187507 5.218222 -8.503560
v -6.139993 5.184848 -8.376224
v -5.985746 5.184848 -8.401699
v -5.804045 5.165362 -8.183537
v -5.888925 5.165362 -8.244354
v -5.944646 5.156469 -8.122299
v -5.902345 5.156469 -8.091991
v -5.777256 5.218222 -8.488965
v -5.833699 5.184848 -8.365327
v -5.706616 5.184848 -8.274272
v -6.377820 5.938325 -8.405695
v -6.484582 5.517706 -7.548713
v -6.451287 5.517706 -8.484582
v -6.661759 5.517706 -8.023543
v -6.619681 5.517706 -7.768773
v -6.468807 5.332448 -7.564450
v -6.599508 5.332448 -7.776301
v -6.640217 5.332448 -8.022777
v -6.601682 5.517706 -8.274679
v -6.582096 5.332448 -8.265737
v -6.436596 5.332448 -8.469853
v -6.554030 5.938325 -8.019711
v -6.476580 5.687978 -7.556165
v -6.650832 5.687978 -8.023154
v -6.609448 5.687978 -7.772592
v -6.518801 5.938325 -7.806416
v -6.454511 5.833710 -7.577763
v -6.581227 5.833710 -7.783122
v -6.620694 5.833710 -8.022082
v -6.443835 5.687978 -8.476580
v -6.591747 5.687978 -8.270143
v -6.503733 5.938325 -8.229963
v -6.564345 5.833710 -8.257633
v -6.423282 5.833710 -8.454511
v -5.515418 5.517706 -8.451287
v -5.976457 5.517706 -8.661759
v -6.231227 5.517706 -8.619681
v -6.223699 5.332448 -8.600554
v -5.977223 5.332448 -8.641263
v -5.725321 5.517706 -8.601682
v -5.734263 5.332448 -8.583142
v -5.531193 5.332448 -8.437642
v -5.980289 5.938325 -8.554030
v -5.976846 5.687978 -8.650832
v -6.227408 5.687978 -8.609448
v -6.193584 5.938325 -8.518801
v -6.216878 5.833710 -8.581227
v -5.977918 5.833710 -8.620694
v -5.523420 5.687978 -8.443835
v -5.729857 5.687978 -8.591747
v -5.770037 5.938325 -8.503733
v -5.742367 5.833710 -8.564345
v -5.545489 5.833710 -8.423282
v -5.634041 5.218222 -7.608087
v -5.463363 5.218222 -7.981954
v -5.732398 5.165362 -7.991525
v -5.749414 5.165362 -8.094549
v -5.875120 5.156469 -8.047643
v -5.866640 5.156469 -7.996301
v -5.497486 5.218222 -8.188553
v -5.624822 5.184848 -8.141039
v -5.599346 5.184848 -7.986792
v -5.817509 5.165362 -7.805091
v -5.756692 5.165362 -7.889971
v -5.878747 5.156469 -7.945691
v -5.909055 5.156469 -7.903391
v -5.512081 5.218222 -7.778302
v -5.635719 5.184848 -7.834745
v -5.726774 5.184848 -7.707662
v -6.019092 5.218222 -7.464409
v -6.009520 5.165362 -7.733444
v -5.906497 5.165362 -7.750459
v -5.953402 5.156469 -7.876165
v -6.004745 5.156469 -7.867686
v -5.812493 5.218222 -7.498532
v -5.860007 5.184848 -7.625868
v -6.014254 5.184848 -7.600392
v -6.000000 5.152184 -8.001046
v -6.111075 5.165362 -7.757737
v -6.055354 5.156469 -7.879792
v -6.222744 5.218222 -7.513127
v -6.166301 5.184848 -7.636765
v -5.622180 5.938325 -7.595350
v -5.548713 5.517706 -7.515418
v -5.338241 5.517706 -7.976457
v -5.380319 5.517706 -8.231227
v -5.400492 5.332448 -8.223699
v -5.359783 5.332448 -7.977223
v -5.398318 5.517706 -7.725321
v -5.417904 5.332448 -7.734263
v -5.563404 5.332448 -7.532238
v -5.445970 5.938325 -7.980289
v -5.349168 5.687978 -7.976846
v -5.390552 5.687978 -8.227408
v -5.481199 5.938325 -8.193584
v -5.418773 5.833710 -8.216878
v -5.379306 5.833710 -7.977918
v -5.556165 5.687978 -7.523420
v -5.408253 5.687978 -7.729857
v -5.496267 5.938325 -7.770037
v -5.435655 5.833710 -7.742367
v -5.576718 5.833710 -7.546535
v -6.023543 5.517706 -7.339286
v -5.768773 5.517706 -7.381365
v -5.776301 5.332448 -7.401537
v -6.022777 5.332448 -7.360829
v -6.274679 5.517706 -7.399363
v -6.265737 5.332448 -7.418950
v -6.019711 5.938325 -7.447016
v -6.023154 5.687978 -7.350214
v -5.772592 5.687978 -7.391598
v -5.806416 5.938325 -7.482245
v -5.783122 5.833710 -7.419819
v -6.022082 5.833710 -7.380352
v -6.270143 5.687978 -7.409299
v -6.229963 5.938325 -7.497313
v -6.257633 5.833710 -7.436701
v -5.957439 6.242761 -8.039637
v -6.358918 6.294430 -7.666789
v -5.641082 6.294430 -8.334257
v -6.334257 6.294430 -8.358918
v -6.490148 6.294430 -8.017438
v -6.321348 6.102373 -7.701778
v -6.438842 6.102373 -8.015613
v -6.410938 6.102373 -7.846663
v -6.366790 6.023378 -7.659458
v -6.469048 6.023378 -7.824980
v -6.500898 6.023378 -8.017820
v -6.458982 6.294430 -7.828736
v -6.302439 6.194472 -7.719387
v -6.386757 6.194472 -7.855686
v -6.413019 6.194472 -8.014694
v -6.299268 6.102373 -8.321348
v -6.399002 6.102373 -8.182151
v -6.455425 6.023378 -8.207910
v -6.341588 6.023378 -8.366790
v -6.445651 6.294430 -8.203448
v -6.375524 6.194472 -8.171433
v -6.281659 6.194472 -8.302439
v -5.982562 6.294430 -8.490148
v -5.984387 6.102373 -8.438842
v -6.153337 6.102373 -8.410938
v -6.175020 6.023378 -8.469048
v -5.982180 6.023378 -8.500898
v -6.171264 6.294430 -8.458982
v -6.144314 6.194472 -8.386757
v -5.985306 6.194472 -8.413019
v -5.678652 6.102373 -8.299268
v -5.817849 6.102373 -8.399002
v -5.792090 6.023378 -8.455425
v -5.633210 6.023378 -8.341588
v -5.796552 6.294430 -8.445651
v -5.828567 6.194472 -8.375524
v -5.697561 6.194472 -8.281659
v -6.039637 6.242761 -8.042561
v -6.307029 6.418555 -7.714067
v -6.285933 6.418555 -8.307029
v -6.419288 6.418555 -8.014917
v -6.392627 6.418555 -7.853496
v -6.379854 6.432178 -7.646245
v -6.485755 6.432178 -7.818746
v -6.518740 6.432178 -8.018455
v -6.381223 6.418555 -8.174035
v -6.471647 6.432178 -8.215315
v -6.353755 6.432178 -8.379854
v -6.058122 6.242761 -8.002068
v -6.222856 6.342050 -7.792456
v -6.304339 6.342050 -8.010827
v -6.284987 6.342050 -7.893660
v -6.054427 6.242761 -7.979691
v -6.135555 6.285093 -7.873758
v -6.173348 6.285093 -7.935317
v -6.185119 6.285093 -8.006586
v -6.207544 6.342050 -8.222856
v -6.276710 6.342050 -8.126323
v -6.052846 6.242761 -8.024125
v -6.168313 6.285093 -8.076838
v -6.126242 6.285093 -8.135555
v -5.692971 6.418555 -8.285933
v -5.985083 6.418555 -8.419288
v -6.146504 6.418555 -8.392627
v -6.181254 6.432178 -8.485755
v -5.981545 6.432178 -8.518740
v -5.825965 6.418555 -8.381223
v -5.784685 6.432178 -8.471647
v -5.620146 6.432178 -8.353755
v -5.997932 6.242761 -8.058122
v -5.989173 6.342050 -8.304339
v -6.106340 6.342050 -8.284987
v -6.020309 6.242761 -8.054427
v -6.064683 6.285093 -8.173348
v -5.993414 6.285093 -8.185119
v -5.777144 6.342050 -8.207544
v -5.873677 6.342050 -8.276710
v -5.975875 6.242761 -8.052846
v -5.923162 6.285093 -8.168313
v -5.864445 6.285093 -8.126242
v -5.665743 6.294430 -7.642128
v -5.509852 6.294430 -7.982562
v -5.561158 6.102373 -7.984387
v -5.589062 6.102373 -8.153337
v -5.530952 6.023378 -8.175020
v -5.499102 6.023378 -7.982180
v -5.541018 6.294430 -8.171264
v -5.613243 6.194472 -8.144314
v -5.586981 6.194472 -7.985306
v -5.700732 6.102373 -7.679698
v -5.600998 6.102373 -7.817849
v -5.544575 6.023378 -7.792090
v -5.658412 6.023378 -7.634256
v -5.554349 6.294430 -7.796552
v -5.624476 6.194472 -7.828567
v -5.718341 6.194472 -7.698607
v -6.017438 6.294430 -7.510897
v -6.015613 6.102373 -7.562204
v -5.846663 6.102373 -7.590108
v -5.824980 6.023378 -7.531997
v -6.017820 6.023378 -7.500147
v -5.828736 6.294430 -7.542064
v -5.855686 6.194472 -7.614289
v -6.014694 6.194472 -7.588027
v -6.182151 6.102373 -7.602044
v -6.207910 6.023378 -7.545621
v -6.203448 6.294430 -7.555395
v -6.171433 6.194472 -7.625522
v -5.960363 6.242761 -7.957439
v -5.714067 6.418555 -7.692971
v -5.580712 6.418555 -7.985083
v -5.607373 6.418555 -8.146504
v -5.514245 6.432178 -8.181254
v -5.481260 6.432178 -7.981545
v -5.618777 6.418555 -7.825965
v -5.528353 6.432178 -7.784685
v -5.646245 6.432178 -7.620146
v -5.941878 6.242761 -7.997932
v -5.695661 6.342050 -7.989173
v -5.715013 6.342050 -8.106340
v -5.945573 6.242761 -8.020309
v -5.826652 6.285093 -8.064683
v -5.814881 6.285093 -7.993414
v -5.792456 6.342050 -7.777144
v -5.723290 6.342050 -7.873677
v -5.947154 6.242761 -7.975875
v -5.831687 6.285093 -7.923162
v -5.873758 6.285093 -7.864445
v -6.014917 6.418555 -7.580712
v -5.853496 6.418555 -7.607373
v -5.818746 6.432178 -7.515290
v -6.018455 6.432178 -7.482306
v -6.174035 6.418555 -7.618777
v -6.215315 6.432178 -7.529399
v -6.002068 6.242761 -7.941878
v -6.010827 6.342050 -7.695661
v -5.893660 6.342050 -7.715013
v -5.979691 6.242761 -7.945573
v -5.935317 6.285093 -7.826652
v -6.006586 6.285093 -7.814881
v -6.126323 6.342050 -7.723290
v -6.024125 6.242761 -7.947154
v -6.076838 6.285093 -7.831687
vt 0.698182 0.838312
vt 0.698182 0.850743
vt 0.689142 0.850706
vt 0.689142 0.838680
vt 0.706490 0.838499
vt 0.706490 0.850724
vt 0.698182 0.862997
vt 0.689142 0.862560
vt 0.683569 0.850526
vt 0.683569 0.840446
vt 0.689142 0.828292
vt 0.698182 0.827575
vt 0.713600 0.850672
vt 0.713600 0.839013
vt 0.706490 0.862775
vt 0.706490 0.827939
vt 0.698182 0.873238
vt 0.689142 0.872469
vt 0.683569 0.860463
vt 0.683569 0.831738
vt 0.689142 0.821193
vt 0.698182 0.820237
vt 0.713600 0.862165
vt 0.713600 0.828941
vt 0.718705 0.840149
vt 0.718705 0.850556
vt 0.706490 0.872848
vt 0.706490 0.820722
vt 0.698182 0.879830
vt 0.689142 0.878846
vt 0.683569 0.868768
vt 0.713600 0.871771
vt 0.718705 0.860815
vt 0.713600 0.822059
vt 0.718705 0.831160
vt 0.722855 0.850464
vt 0.722855 0.841055
vt 0.706490 0.879331
vt 0.713600 0.877954
vt 0.718705 0.869389
vt 0.722855 0.859739
vt 0.722855 0.832928
vt 0.726709 0.842113
vt 0.726709 0.850356
vt 0.722855 0.867491
vt 0.726709 0.858482
vt 0.726709 0.834992
vt 0.731203 0.850311
vt 0.731203 0.842553
vt 0.726709 0.865274
vt 0.731203 0.857959
vt 0.731203 0.835852
vt 0.736080 0.841238
vt 0.736080 0.850445
vt 0.731203 0.864351
vt 0.736080 0.859521
vt 0.726709 0.830126
vt 0.731203 0.831272
vt 0.736080 0.833285
vt 0.742801 0.850495
vt 0.742801 0.840751
vt 0.731203 0.868465
vt 0.726709 0.869645
vt 0.736080 0.867107
vt 0.742801 0.860100
vt 0.742801 0.832334
vt 0.742801 0.868128
vt 0.736080 0.827850
vt 0.742801 0.826582
vt 0.736080 0.871989
vt 0.742801 0.873296
vt 0.687040 0.907781
vt 0.695730 0.907428
vt 0.695730 0.919379
vt 0.687040 0.919343
vt 0.687040 0.897795
vt 0.695730 0.897106
vt 0.703717 0.919361
vt 0.703717 0.907607
vt 0.695730 0.931159
vt 0.687040 0.930740
vt 0.681682 0.919170
vt 0.681682 0.909479
vt 0.687040 0.890970
vt 0.695730 0.890051
vt 0.703717 0.897455
vt 0.681682 0.901108
vt 0.703717 0.930947
vt 0.710553 0.919311
vt 0.710553 0.908101
vt 0.695730 0.941006
vt 0.687040 0.940266
vt 0.681682 0.928723
vt 0.703717 0.890517
vt 0.710553 0.898419
vt 0.710553 0.930360
vt 0.703717 0.940630
vt 0.715460 0.909194
vt 0.715460 0.919199
vt 0.695730 0.947343
vt 0.687040 0.946397
vt 0.681682 0.936708
vt 0.710553 0.891802
vt 0.715460 0.900552
vt 0.710553 0.939595
vt 0.715460 0.929062
vt 0.703717 0.946863
vt 0.719450 0.910065
vt 0.719450 0.919111
vt 0.719450 0.902251
vt 0.710553 0.945539
vt 0.715460 0.937305
vt 0.719450 0.928027
vt 0.723156 0.911082
vt 0.723156 0.919007
vt 0.723156 0.904237
vt 0.719450 0.935480
vt 0.723156 0.926819
vt 0.727476 0.918964
vt 0.727476 0.911505
vt 0.727476 0.905063
vt 0.723156 0.933349
vt 0.727476 0.926316
vt 0.732165 0.910241
vt 0.732165 0.919093
vt 0.723156 0.899558
vt 0.727476 0.900659
vt 0.732165 0.902595
vt 0.727476 0.932462
vt 0.732165 0.927818
vt 0.738626 0.909772
vt 0.738626 0.919140
vt 0.738626 0.901681
vt 0.727476 0.936417
vt 0.723156 0.937551
vt 0.732165 0.935111
vt 0.738626 0.928375
vt 0.732165 0.897370
vt 0.738626 0.896151
vt 0.738626 0.936093
vt 0.732165 0.939805
vt 0.738626 0.941061
vt 0.584828 0.954421
vt 0.583880 0.955100
vt 0.579095 0.950644
vt 0.582116 0.948479
vt 0.583269 0.956095
vt 0.577150 0.953812
vt 0.574602 0.946460
vt 0.579570 0.942901
vt 0.585963 0.954149
vt 0.585731 0.947614
vt 0.583079 0.957246
vt 0.576544 0.957479
vt 0.571405 0.951668
vt 0.570271 0.942427
vt 0.577115 0.937523
vt 0.585513 0.941480
vt 0.587115 0.954339
vt 0.589398 0.948220
vt 0.583351 0.958381
vt 0.577409 0.961094
vt 0.570410 0.957697
vt 0.565867 0.949601
vt 0.566524 0.938937
vt 0.574990 0.932871
vt 0.585302 0.935565
vt 0.591542 0.942475
vt 0.588109 0.954950
vt 0.592566 0.950165
vt 0.584030 0.959330
vt 0.579574 0.964115
vt 0.571831 0.963640
vt 0.564495 0.957907
vt 0.561074 0.947813
vt 0.585120 0.930447
vt 0.593608 0.936937
vt 0.596749 0.945672
vt 0.588789 0.955898
vt 0.594731 0.953186
vt 0.585025 0.959940
vt 0.582741 0.966060
vt 0.575390 0.968607
vt 0.566453 0.966095
vt 0.559377 0.958089
vt 0.595397 0.932145
vt 0.600783 0.941341
vt 0.600308 0.950640
vt 0.589061 0.957034
vt 0.595595 0.956801
vt 0.586176 0.960131
vt 0.586409 0.966665
vt 0.580598 0.971804
vt 0.571357 0.972939
vt 0.561800 0.968219
vt 0.604273 0.937594
vt 0.605686 0.948184
vt 0.601730 0.956583
vt 0.588870 0.958185
vt 0.594990 0.960468
vt 0.587311 0.959859
vt 0.590024 0.965801
vt 0.586627 0.972800
vt 0.578531 0.977343
vt 0.567867 0.976686
vt 0.610339 0.946060
vt 0.607645 0.956372
vt 0.600734 0.962612
vt 0.588260 0.959179
vt 0.593045 0.963636
vt 0.592570 0.971378
vt 0.586837 0.978715
vt 0.576743 0.982135
vt 0.612762 0.956190
vt 0.606273 0.964678
vt 0.597537 0.967819
vt 0.595025 0.976756
vt 0.587019 0.983832
vt 0.611065 0.966467
vt 0.601869 0.971853
vt 0.597149 0.981409
vt 0.605616 0.975343
vt 0.699201 0.964397
vt 0.703133 0.967214
vt 0.700833 0.969357
vt 0.697897 0.967253
vt 0.704885 0.965582
vt 0.700194 0.962221
vt 0.705664 0.971337
vt 0.702722 0.972435
vt 0.698582 0.971453
vt 0.696621 0.970048
vt 0.694496 0.963271
vt 0.694384 0.966413
vt 0.694581 0.960878
vt 0.706452 0.976110
vt 0.703311 0.975998
vt 0.699844 0.973509
vt 0.696311 0.973568
vt 0.695334 0.972867
vt 0.694275 0.969487
vt 0.689723 0.964060
vt 0.690821 0.967001
vt 0.688887 0.961819
vt 0.705327 0.980815
vt 0.702471 0.979511
vt 0.700237 0.975889
vt 0.696940 0.974592
vt 0.694055 0.975669
vt 0.694164 0.972588
vt 0.691895 0.969880
vt 0.685600 0.966590
vt 0.687743 0.968891
vt 0.683968 0.964838
vt 0.702509 0.984747
vt 0.700367 0.982447
vt 0.699676 0.978235
vt 0.697136 0.975778
vt 0.692978 0.972784
vt 0.689839 0.971142
vt 0.682783 0.970523
vt 0.685639 0.971827
vt 0.698387 0.987278
vt 0.697289 0.984336
vt 0.698271 0.980196
vt 0.696856 0.976948
vt 0.691954 0.973413
vt 0.688434 0.973103
vt 0.681657 0.975228
vt 0.684799 0.975339
vt 0.704141 0.986499
vt 0.699223 0.989519
vt 0.693614 0.988066
vt 0.693726 0.984925
vt 0.696215 0.981458
vt 0.696156 0.977925
vt 0.691254 0.974390
vt 0.687873 0.975449
vt 0.682446 0.980001
vt 0.685387 0.978903
vt 0.693529 0.990459
vt 0.688909 0.986941
vt 0.690213 0.984084
vt 0.693835 0.981851
vt 0.695131 0.978554
vt 0.690974 0.975559
vt 0.688266 0.977829
vt 0.687277 0.981981
vt 0.684977 0.984123
vt 0.687916 0.989116
vt 0.691489 0.981290
vt 0.693945 0.978750
vt 0.691170 0.976745
vt 0.689528 0.979885
vt 0.683224 0.985755
vt 0.692776 0.978470
vt 0.691799 0.977770
vt 0.720465 0.991810
vt 0.720183 0.984869
vt 0.729729 0.984869
vt 0.729700 0.991810
vt 0.729714 0.978489
vt 0.720326 0.978489
vt 0.739139 0.984869
vt 0.738804 0.991810
vt 0.738969 0.978489
vt 0.729674 0.973028
vt 0.720720 0.973028
vt 0.738500 0.973028
vt 0.721593 0.969109
vt 0.729585 0.969109
vt 0.737463 0.969109
vt 0.729514 0.965922
vt 0.722289 0.965922
vt 0.714690 0.969109
vt 0.712986 0.973028
vt 0.736637 0.965922
vt 0.744048 0.969109
vt 0.745877 0.973028
vt 0.716047 0.965922
vt 0.729432 0.962962
vt 0.723101 0.962962
vt 0.735672 0.962962
vt 0.742590 0.965922
vt 0.717633 0.962962
vt 0.729397 0.959511
vt 0.723439 0.959511
vt 0.735270 0.959511
vt 0.740887 0.962962
vt 0.722429 0.955765
vt 0.729500 0.955765
vt 0.736470 0.955765
vt 0.722055 0.950604
vt 0.729538 0.950604
vt 0.716322 0.955765
vt 0.718293 0.959511
vt 0.736914 0.950604
vt 0.742295 0.955765
vt 0.740179 0.959511
vt 0.544712 0.925951
vt 0.545109 0.935730
vt 0.531660 0.935730
vt 0.531701 0.925951
vt 0.531681 0.944718
vt 0.544908 0.944718
vt 0.518403 0.935730
vt 0.518875 0.925951
vt 0.518643 0.944718
vt 0.531737 0.952411
vt 0.544352 0.952411
vt 0.519303 0.952411
vt 0.543122 0.957934
vt 0.531863 0.957934
vt 0.520764 0.957934
vt 0.542142 0.962424
vt 0.531962 0.962424
vt 0.552848 0.957934
vt 0.555247 0.952411
vt 0.521928 0.962424
vt 0.511487 0.957934
vt 0.508910 0.952411
vt 0.550935 0.962424
vt 0.540998 0.966594
vt 0.532079 0.966594
vt 0.523288 0.966594
vt 0.513541 0.962424
vt 0.548701 0.966594
vt 0.532127 0.971455
vt 0.540521 0.971455
vt 0.523854 0.971455
vt 0.515940 0.966594
vt 0.541944 0.976732
vt 0.531983 0.976732
vt 0.522164 0.976732
vt 0.542471 0.984003
vt 0.531929 0.984003
vt 0.547771 0.971455
vt 0.550548 0.976732
vt 0.521537 0.984003
vt 0.513957 0.976732
vt 0.516938 0.971455
vn 0.131385 0.948636 -0.287799
vn 0.231279 0.948745 -0.215391
vn 0.291858 0.917028 -0.271806
vn 0.165720 0.916931 -0.363008
vn -0.351055 0.534250 0.768984
vn -0.617483 0.534602 0.576989
vn -0.685535 0.347324 0.639850
vn -0.388998 0.346791 0.853473
vn 0.351055 0.534250 -0.768984
vn 0.618403 0.534698 -0.575913
vn 0.686569 0.346116 -0.639396
vn 0.389638 0.346007 -0.853500
vn 0.240219 -0.815727 -0.526198
vn 0.424038 -0.815266 -0.394376
vn 0.150713 -0.978563 -0.140358
vn 0.085558 -0.978548 -0.187413
vn -0.526782 -0.815237 -0.240604
vn -0.394976 -0.815250 -0.423510
vn -0.140358 -0.978563 -0.150714
vn -0.187414 -0.978548 -0.085558
vn -0.541443 -0.816143 0.201868
vn -0.578427 -0.815465 -0.020966
vn -0.205818 -0.978563 -0.007322
vn -0.193020 -0.978548 0.072023
vn -0.112314 -0.992789 0.041908
vn -0.119794 -0.992790 -0.004262
vn -0.059111 -0.998249 -0.002103
vn -0.055441 -0.998248 0.020686
vn -0.043285 -0.998249 0.040310
vn -0.087720 -0.992790 0.081693
vn -0.000000 -1.000000 0.000000
vn -0.150713 -0.978563 0.140358
vn -0.422994 -0.815769 0.394458
vn -0.081693 -0.992790 -0.087721
vn -0.040311 -0.998249 -0.043284
vn -0.053831 -0.998248 -0.024574
vn -0.109052 -0.992789 -0.049784
vn -0.202218 -0.815727 -0.541939
vn 0.020576 -0.815518 -0.578366
vn 0.007322 -0.978563 -0.205818
vn -0.072023 -0.978548 -0.193020
vn 0.004262 -0.992790 -0.119794
vn 0.002103 -0.998249 -0.059111
vn -0.020687 -0.998248 -0.055441
vn -0.041909 -0.992789 -0.112314
vn 0.087720 -0.992790 -0.081693
vn 0.043285 -0.998249 -0.040310
vn 0.024575 -0.998248 -0.053830
vn 0.049784 -0.992789 -0.109051
vn -0.768984 0.534250 -0.351055
vn -0.575913 0.534698 -0.618403
vn -0.639396 0.346116 -0.686569
vn -0.853500 0.346007 -0.389638
vn -0.909406 -0.028779 -0.414913
vn -0.681736 -0.027564 -0.731078
vn -0.637728 -0.353876 -0.684159
vn -0.850684 -0.355078 -0.387630
vn -0.936427 -0.029528 0.349619
vn -0.998942 -0.029201 -0.035539
vn -0.933935 -0.355924 -0.032932
vn -0.874966 -0.356966 0.327125
vn -0.682899 -0.357477 0.637071
vn -0.730322 -0.030165 0.682437
vn -0.791674 0.534347 0.296184
vn -0.844509 0.534698 -0.030045
vn -0.937598 0.346116 -0.033357
vn -0.878717 0.346415 0.328411
vn -0.929261 0.126965 0.346920
vn -0.991316 0.126683 -0.035268
vn -0.724638 0.127731 0.677188
vn -0.676028 0.126683 -0.725904
vn -0.902373 0.126574 -0.411949
vn 0.731958 -0.027667 -0.680788
vn 0.684646 -0.354023 -0.637124
vn 0.388332 -0.353401 -0.851061
vn 0.415279 -0.026550 -0.909307
vn -0.326908 -0.353320 -0.876525
vn -0.349589 -0.026471 -0.936529
vn 0.035555 -0.026316 -0.999021
vn 0.033250 -0.353038 -0.935018
vn -0.295521 0.534251 -0.791987
vn 0.030045 0.534697 -0.844509
vn 0.033357 0.346116 -0.937599
vn -0.328000 0.346007 -0.879031
vn 0.035268 0.126683 -0.991316
vn -0.346782 0.126574 -0.929366
vn 0.725904 0.126683 -0.676028
vn 0.411949 0.126574 -0.902373
vn -0.085558 -0.978548 0.187414
vn -0.240219 -0.815727 0.526198
vn 0.525616 -0.816215 0.239834
vn 0.393857 -0.815785 0.423523
vn 0.140358 -0.978563 0.150713
vn 0.187414 -0.978548 0.085558
vn 0.542436 -0.815309 -0.202569
vn 0.578309 -0.815568 0.020187
vn 0.205818 -0.978563 0.007322
vn 0.193020 -0.978548 -0.072023
vn 0.055441 -0.998248 -0.020687
vn 0.112314 -0.992789 -0.041908
vn 0.119794 -0.992790 0.004262
vn 0.059111 -0.998249 0.002102
vn 0.053831 -0.998248 0.024574
vn 0.109052 -0.992789 0.049784
vn 0.081693 -0.992790 0.087721
vn 0.040311 -0.998249 0.043285
vn 0.202218 -0.815727 0.541939
vn -0.020576 -0.815518 0.578366
vn -0.007322 -0.978563 0.205818
vn 0.072023 -0.978548 0.193020
vn 0.020687 -0.998248 0.055440
vn 0.041909 -0.992789 0.112314
vn -0.004262 -0.992790 0.119794
vn -0.002103 -0.998249 0.059110
vn -0.024575 -0.998248 0.053830
vn -0.049784 -0.992789 0.109051
vn 0.768562 0.534358 0.351815
vn 0.574847 0.534590 0.619487
vn 0.638216 0.347413 0.687012
vn 0.853098 0.346475 0.390102
vn 0.679915 -0.030236 0.732667
vn 0.635796 -0.357585 0.684029
vn 0.849427 -0.357129 0.388501
vn 0.909198 -0.029573 0.415313
vn 0.876001 -0.355241 -0.326228
vn 0.936578 -0.028825 -0.349271
vn 0.998942 -0.029201 0.035539
vn 0.933848 -0.356096 0.033518
vn 0.791987 0.534250 -0.295521
vn 0.844509 0.534698 0.030045
vn 0.937598 0.346116 0.033357
vn 0.879031 0.346007 -0.328000
vn 0.991316 0.126683 0.035268
vn 0.929366 0.126574 -0.346782
vn 0.674614 0.127807 0.727022
vn 0.902240 0.127014 0.412105
vn -0.387418 -0.356790 0.850064
vn -0.413841 -0.029803 0.909861
vn 0.326010 -0.356810 0.875445
vn 0.348098 -0.029829 0.936983
vn -0.035539 -0.029201 0.998942
vn -0.033225 -0.356008 0.933892
vn 0.295521 0.534251 0.791987
vn -0.030045 0.534697 0.844509
vn -0.033357 0.346116 0.937599
vn 0.327344 0.346821 0.878955
vn -0.035268 0.126683 0.991316
vn 0.345341 0.127246 0.929811
vn -0.410584 0.127218 0.902904
vn -0.131385 0.948636 0.287799
vn -0.231279 0.948745 0.215391
vn -0.291858 0.917028 0.271806
vn -0.165720 0.916931 0.363008
vn 0.383457 -0.383962 -0.839961
vn 0.675693 -0.384007 -0.629267
vn 0.702211 -0.281483 -0.653962
vn 0.398566 -0.280922 -0.873057
vn -0.839961 -0.383962 -0.383457
vn -0.629267 -0.384008 -0.675693
vn -0.653963 -0.281483 -0.702211
vn -0.873057 -0.280922 -0.398565
vn -0.864736 -0.384307 0.323325
vn -0.922746 -0.384007 -0.032828
vn -0.958960 -0.281482 -0.034116
vn -0.898724 -0.281115 0.336556
vn -0.824222 0.474799 0.308584
vn -0.879274 0.475287 -0.031282
vn -0.821717 0.569146 -0.029234
vn -0.770255 0.568876 0.288250
vn -0.600715 0.569054 0.561533
vn -0.642655 0.475119 0.601047
vn -0.700786 -0.281359 0.655542
vn -0.674385 -0.385226 0.629925
vn -0.599622 0.475287 -0.643861
vn -0.560370 0.569145 -0.601713
vn -0.748199 0.568797 -0.341567
vn -0.800716 0.474589 -0.365541
vn -0.322797 -0.383963 -0.865087
vn 0.032828 -0.384007 -0.922746
vn 0.034116 -0.281482 -0.958960
vn -0.335516 -0.280921 -0.899173
vn 0.031282 0.475287 -0.879274
vn 0.029234 0.569145 -0.821717
vn -0.287533 0.568797 -0.770581
vn -0.307715 0.474589 -0.824668
vn 0.643861 0.475287 -0.599621
vn 0.601713 0.569145 -0.560370
vn 0.341566 0.568797 -0.748200
vn 0.365541 0.474589 -0.800715
vn 0.287798 0.948636 0.131386
vn 0.215388 0.948745 0.231280
vn 0.271805 0.917029 0.291857
vn 0.363008 0.916931 0.165720
vn 0.306039 0.941711 0.139713
vn 0.228554 0.942090 0.245416
vn -0.625959 0.395476 -0.672141
vn -0.834962 0.396919 -0.381175
vn 0.315194 0.941711 -0.117611
vn 0.335148 0.942090 0.011924
vn -0.917896 0.395476 -0.032655
vn -0.859851 0.396725 0.321350
vn -0.671423 0.392440 0.628635
vn 0.245698 0.941928 -0.228919
vn 0.296407 0.948636 -0.110599
vn 0.315842 0.948745 0.011241
vn 0.398569 0.917028 0.014181
vn 0.373867 0.916931 -0.139504
vn 0.480853 0.858247 -0.179425
vn 0.512657 0.858400 0.018239
vn 0.375400 0.858400 -0.349607
vn 0.349606 0.858400 0.375399
vn 0.466886 0.858247 0.213142
vn -0.245416 0.942090 0.228554
vn 0.672141 0.395476 -0.625959
vn 0.381175 0.396918 -0.834962
vn -0.139712 0.941711 0.306040
vn -0.320876 0.396918 -0.859939
vn 0.117611 0.941711 0.315194
vn -0.011923 0.942090 0.335148
vn 0.032656 0.395476 -0.917896
vn 0.110601 0.948636 0.296406
vn -0.011237 0.948746 0.315841
vn -0.014180 0.917029 0.398569
vn 0.139504 0.916931 0.373867
vn -0.018239 0.858400 0.512656
vn 0.179424 0.858247 0.480852
vn -0.375400 0.858400 0.349607
vn -0.213142 0.858247 0.466886
vn -0.398566 -0.280922 0.873057
vn -0.382663 -0.384778 0.839949
vn 0.839501 -0.384369 0.384055
vn 0.627775 -0.385319 0.676334
vn 0.652316 -0.281339 0.703798
vn 0.872444 -0.281131 0.399757
vn 0.865087 -0.383962 -0.322797
vn 0.922746 -0.384007 0.032828
vn 0.958960 -0.281482 0.034117
vn 0.899173 -0.280921 -0.335516
vn 0.770581 0.568797 -0.287534
vn 0.824668 0.474589 -0.307715
vn 0.879274 0.475287 0.031282
vn 0.821717 0.569146 0.029234
vn 0.747756 0.568886 0.342390
vn 0.800124 0.474819 0.366535
vn 0.598224 0.475096 0.645299
vn 0.559214 0.569045 0.602883
vn 0.321982 -0.384806 0.865016
vn -0.032828 -0.384007 0.922746
vn -0.034117 -0.281482 0.958960
vn 0.335516 -0.280921 0.899173
vn 0.287533 0.568797 0.770581
vn 0.307715 0.474589 0.824668
vn -0.031282 0.475287 0.879274
vn -0.029234 0.569145 0.821717
vn -0.341566 0.568797 0.748200
vn -0.365541 0.474589 0.800715
vn -0.287798 0.948636 -0.131386
vn -0.215388 0.948745 -0.231280
vn -0.271805 0.917029 -0.291857
vn -0.363008 0.916931 -0.165720
vn -0.228811 0.941925 -0.245810
vn 0.625066 0.392190 0.674892
vn 0.834851 0.396606 0.381744
vn -0.306039 0.941711 -0.139713
vn 0.859939 0.396918 -0.320876
vn -0.315194 0.941711 0.117611
vn -0.335148 0.942090 -0.011924
vn 0.917895 0.395476 0.032655
vn -0.296407 0.948636 0.110599
vn -0.315842 0.948745 -0.011241
vn -0.398569 0.917028 -0.014181
vn -0.373867 0.916931 0.139504
vn -0.512657 0.858400 -0.018239
vn -0.480853 0.858247 0.179424
vn -0.349606 0.858400 -0.375399
vn -0.466886 0.858247 -0.213142
vn -0.380938 0.392388 0.837208
vn 0.140170 0.941210 -0.307371
vn 0.320477 0.392263 0.862220
vn -0.117983 0.941201 -0.316575
vn 0.011986 0.941433 -0.336988
vn -0.032732 0.390125 0.920180
vn -0.110601 0.948636 -0.296406
vn 0.011237 0.948746 -0.315841
vn 0.014180 0.917029 -0.398569
vn -0.139504 0.916931 -0.373867
vn 0.018239 0.858400 -0.512656
vn -0.179424 0.858247 -0.480852
vn 0.213142 0.858247 -0.466886
s 1
g PottedFlowers:Pot Flower_pot
usemtl initialShadingGroup
f 2799/4035/7006 2512/4036/7007 2711/4037/7008 2800/4038/7009
f 2656/4246/7010 2513/4252/7011 2567/4253/7012 2657/4243/7013
f 2591/4204/7014 2514/4210/7015 2593/4211/7016 2592/4201/7017
f 2548/4115/7018 2516/4116/7019 2550/4117/7020 2549/4118/7021
f 2533/4153/7022 2517/4144/7023 2535/4145/7024 2534/4154/7025
f 2525/4171/7026 2518/4161/7027 2528/4162/7028 2527/4172/7029
f 2521/4179/7030 2520/4170/7031 2524/4178/7032 2523/4185/7033
f 2522/4189/7034 2519/4186/7035 2521/4179/7030 2523/4185/7033
f 2618/4141/7036 2522/4189/7034 2523/4185/7033
f 2524/4178/7032 2618/4141/7036 2523/4185/7033
f 2526/4180/7037 2515/4181/7038 2525/4171/7026 2527/4172/7029
f 2519/4186/7035 2526/4180/7037 2527/4172/7029 2521/4179/7030
f 2528/4162/7028 2520/4170/7031 2521/4179/7030 2527/4172/7029
f 2529/4152/7039 2532/4159/7040 2531/4169/7041 2530/4160/7042
f 2524/4178/7032 2520/4170/7031 2530/4160/7042 2531/4169/7041
f 2618/4141/7036 2524/4178/7032 2531/4169/7041
f 2532/4159/7040 2618/4141/7036 2531/4169/7041
f 2518/4161/7027 2533/4153/7022 2534/4154/7025 2528/4162/7028
f 2534/4154/7025 2530/4160/7042 2520/4170/7031 2528/4162/7028
f 2535/4145/7024 2529/4152/7039 2530/4160/7042 2534/4154/7025
f 2541/4134/7043 2536/4125/7044 2543/4126/7045 2542/4135/7046
f 2537/4133/7047 2540/4142/7048 2539/4151/7049 2538/4143/7050
f 2532/4159/7040 2529/4152/7039 2538/4143/7050 2539/4151/7049
f 2618/4141/7036 2532/4159/7040 2539/4151/7049
f 2540/4142/7048 2618/4141/7036 2539/4151/7049
f 2517/4144/7023 2541/4134/7043 2542/4135/7046 2535/4145/7024
f 2542/4135/7046 2538/4143/7050 2529/4152/7039 2535/4145/7024
f 2543/4126/7045 2537/4133/7047 2538/4143/7050 2542/4135/7046
f 2544/4123/7051 2547/4131/7052 2546/4132/7053 2545/4124/7054
f 2540/4142/7048 2537/4133/7047 2545/4124/7054 2546/4132/7053
f 2618/4141/7036 2540/4142/7048 2546/4132/7053
f 2547/4131/7052 2618/4141/7036 2546/4132/7053
f 2536/4125/7044 2548/4115/7018 2549/4118/7021 2543/4126/7045
f 2549/4118/7021 2545/4124/7054 2537/4133/7047 2543/4126/7045
f 2550/4117/7020 2544/4123/7051 2545/4124/7054 2549/4118/7021
f 2572/3925/7055 2551/3932/7056 2574/3924/7057 2573/3915/7058
f 2559/3899/7059 2553/3909/7060 2561/3910/7061 2560/3900/7062
f 2555/3893/7063 2554/3894/7064 2558/3895/7065 2557/3896/7066
f 2556/3903/7067 2552/3904/7068 2555/3893/7063 2557/3896/7066
f 2515/3912/7038 2556/3903/7067 2557/3896/7066 2525/3902/7026
f 2558/3895/7065 2518/3901/7027 2525/3902/7026 2557/3896/7066
f 2554/3894/7064 2559/3899/7059 2560/3900/7062 2558/3895/7065
f 2560/3900/7062 2533/3911/7022 2518/3901/7027 2558/3895/7065
f 2561/3910/7061 2517/3923/7023 2533/3911/7022 2560/3900/7062
f 2566/3917/7069 2562/3918/7070 2569/3905/7071 2568/3906/7072
f 2565/3897/7073 2564/3898/7074 2554/3894/7064 2555/3893/7063
f 2552/3904/7068 2563/3908/7075 2565/3897/7073 2555/3893/7063
f 2567/3916/7012 2513/3927/7011 2566/3917/7069 2568/3906/7072
f 2563/3908/7075 2567/3916/7012 2568/3906/7072 2565/3897/7073
f 2569/3905/7071 2564/3898/7074 2565/3897/7073 2568/3906/7072
f 2570/3919/7076 2553/3909/7060 2559/3899/7059 2571/3907/7077
f 2559/3899/7059 2554/3894/7064 2564/3898/7074 2571/3907/7077
f 2562/3918/7070 2572/3925/7055 2573/3915/7058 2569/3905/7071
f 2573/3915/7058 2571/3907/7077 2564/3898/7074 2569/3905/7071
f 2574/3924/7057 2570/3919/7076 2571/3907/7077 2573/3915/7058
f 2575/3969/7078 2582/3968/7079 2581/3976/7080 2580/3977/7081
f 2578/4190/7082 2577/4191/7083 2576/4192/7084 2579/4193/7085
f 2561/3910/7061 2553/3909/7060 2577/3921/7083 2578/3922/7082
f 2541/4134/7043 2517/4144/7023 2561/4146/7061 2578/4136/7082
f 2536/4125/7044 2541/4134/7043 2578/4136/7082 2579/4127/7085
f 2579/4193/7085 2576/4192/7084 2580/4196/7081 2581/4197/7080
f 2548/4115/7018 2536/4125/7044 2579/4127/7085 2581/4120/7080
f 2582/4119/7079 2516/4116/7019 2548/4115/7018 2581/4120/7080
f 2586/4202/7086 2583/4203/7087 2588/4199/7088 2587/4200/7089
f 2584/4194/7090 2576/4192/7084 2577/4191/7083 2585/4195/7091
f 2577/3921/7083 2553/3909/7060 2570/3919/7076 2585/3930/7091
f 2551/4207/7056 2586/4202/7086 2587/4200/7089 2574/4208/7057
f 2587/3931/7089 2585/3930/7091 2570/3919/7076 2574/3924/7057
f 2588/4199/7088 2584/4194/7090 2585/4195/7091 2587/4200/7089
f 2589/3978/7092 2575/3969/7078 2580/3977/7081 2590/3986/7093
f 2580/4196/7081 2576/4192/7084 2584/4194/7090 2590/4198/7093
f 2583/4203/7087 2591/4204/7014 2592/4201/7017 2588/4199/7088
f 2592/4201/7017 2590/4198/7093 2584/4194/7090 2588/4199/7088
f 2593/3987/7016 2589/3978/7092 2590/3986/7093 2592/3995/7017
f 2515/4181/7038 2526/4180/7037 2622/4175/7094 2621/4174/7095
f 2607/4137/7096 2594/4147/7097 2609/4148/7098 2608/4138/7099
f 2600/4121/7100 2595/4128/7101 2602/4129/7102 2601/4122/7103
f 2598/4140/7104 2597/4130/7105 2596/4139/7106 2599/4150/7107
f 2547/4131/7052 2544/4123/7051 2597/4130/7105 2598/4140/7104
f 2618/4141/7036 2547/4131/7052 2598/4140/7104
f 2618/4141/7036 2598/4140/7104 2599/4150/7107
f 2550/4117/7020 2516/4116/7019 2600/4121/7100 2601/4122/7103
f 2544/4123/7051 2550/4117/7020 2601/4122/7103 2597/4130/7105
f 2602/4129/7102 2596/4139/7106 2597/4130/7105 2601/4122/7103
f 2605/4158/7108 2604/4149/7109 2603/4157/7110 2606/4168/7111
f 2599/4150/7107 2596/4139/7106 2604/4149/7109 2605/4158/7108
f 2618/4141/7036 2599/4150/7107 2605/4158/7108
f 2618/4141/7036 2605/4158/7108 2606/4168/7111
f 2602/4129/7102 2595/4128/7101 2607/4137/7096 2608/4138/7099
f 2596/4139/7106 2602/4129/7102 2608/4138/7099 2604/4149/7109
f 2609/4148/7098 2603/4157/7110 2604/4149/7109 2608/4138/7099
f 2615/4155/7112 2610/4165/7113 2617/4166/7114 2616/4156/7115
f 2613/4177/7116 2612/4167/7117 2611/4176/7118 2614/4184/7119
f 2606/4168/7111 2603/4157/7110 2612/4167/7117 2613/4177/7116
f 2618/4141/7036 2606/4168/7111 2613/4177/7116
f 2618/4141/7036 2613/4177/7116 2614/4184/7119
f 2609/4148/7098 2594/4147/7097 2615/4155/7112 2616/4156/7115
f 2603/4157/7110 2609/4148/7098 2616/4156/7115 2612/4167/7117
f 2617/4166/7114 2611/4176/7118 2612/4167/7117 2616/4156/7115
f 2519/4186/7035 2522/4189/7034 2620/4188/7120 2619/4183/7121
f 2614/4184/7119 2611/4176/7118 2619/4183/7121 2620/4188/7120
f 2618/4141/7036 2614/4184/7119 2620/4188/7120
f 2522/4189/7034 2618/4141/7036 2620/4188/7120
f 2617/4166/7114 2610/4165/7113 2621/4174/7095 2622/4175/7094
f 2619/4183/7121 2611/4176/7118 2617/4166/7114 2622/4175/7094
f 2526/4180/7037 2519/4186/7035 2619/4183/7121 2622/4175/7094
f 2640/3998/7122 2623/4004/7123 2642/3997/7124 2641/3988/7125
f 2624/3983/7126 2631/3984/7127 2630/3973/7128 2629/3972/7129
f 2627/3964/7130 2626/3965/7131 2625/3966/7132 2628/3967/7133
f 2582/3968/7079 2575/3969/7078 2626/3965/7131 2627/3964/7130
f 2600/3975/7100 2516/3979/7019 2582/3968/7079 2627/3964/7130
f 2595/3974/7101 2600/3975/7100 2627/3964/7130 2628/3967/7133
f 2628/3967/7133 2625/3966/7132 2629/3972/7129 2630/3973/7128
f 2607/3985/7096 2595/3974/7101 2628/3967/7133 2630/3973/7128
f 2631/3984/7127 2594/3994/7097 2607/3985/7096 2630/3973/7128
f 2635/3990/7134 2632/3991/7135 2637/3981/7136 2636/3982/7137
f 2633/3970/7138 2625/3966/7132 2626/3965/7131 2634/3971/7139
f 2626/3965/7131 2575/3969/7078 2589/3978/7092 2634/3971/7139
f 2514/3996/7015 2635/3990/7134 2636/3982/7137 2593/3987/7016
f 2636/3982/7137 2634/3971/7139 2589/3978/7092 2593/3987/7016
f 2637/3981/7136 2633/3970/7138 2634/3971/7139 2636/3982/7137
f 2638/3989/7140 2624/3983/7126 2629/3972/7129 2639/3980/7141
f 2629/3972/7129 2625/3966/7132 2633/3970/7138 2639/3980/7141
f 2632/3991/7135 2640/3998/7122 2641/3988/7125 2637/3981/7136
f 2641/3988/7125 2639/3980/7141 2633/3970/7138 2637/3981/7136
f 2642/3997/7124 2638/3989/7140 2639/3980/7141 2641/3988/7125
f 2552/3904/7068 2556/3903/7067 2648/3913/7142 2647/3914/7143
f 2645/4232/7144 2644/4233/7145 2643/4234/7146 2646/4235/7147
f 2631/3984/7127 2624/3983/7126 2644/3992/7145 2645/3993/7144
f 2615/4155/7112 2594/4147/7097 2631/4163/7127 2645/4164/7144
f 2610/4165/7113 2615/4155/7112 2645/4164/7144 2646/4173/7147
f 2646/4235/7147 2643/4234/7146 2647/4238/7143 2648/4239/7142
f 2621/4174/7095 2610/4165/7113 2646/4173/7147 2648/4182/7142
f 2556/4187/7067 2515/4181/7038 2621/4174/7095 2648/4182/7142
f 2652/4244/7148 2649/4245/7149 2654/4241/7150 2653/4242/7151
f 2650/4236/7152 2643/4234/7146 2644/4233/7145 2651/4237/7153
f 2644/3992/7145 2624/3983/7126 2638/3989/7140 2651/3999/7153
f 2623/4249/7123 2652/4244/7148 2653/4242/7151 2642/4250/7124
f 2653/4003/7151 2651/3999/7153 2638/3989/7140 2642/3997/7124
f 2654/4241/7150 2650/4236/7152 2651/4237/7153 2653/4242/7151
f 2563/3908/7075 2552/3904/7068 2647/3914/7143 2655/3920/7154
f 2647/4238/7143 2643/4234/7146 2650/4236/7152 2655/4240/7154
f 2649/4245/7149 2656/4246/7010 2657/4243/7013 2654/4241/7150
f 2657/4243/7013 2655/4240/7154 2650/4236/7152 2654/4241/7150
f 2567/3916/7012 2563/3908/7075 2655/3920/7154 2657/3926/7013
f 2735/4093/7155 2658/4101/7156 2737/4102/7157 2736/4094/7158
f 2692/4224/7159 2660/4230/7160 2694/4231/7161 2693/4220/7162
f 2677/3948/7163 2661/3956/7164 2679/3947/7165 2678/3943/7166
f 2669/3945/7167 2662/3946/7168 2672/3940/7169 2671/3941/7170
f 2665/3935/7171 2664/3936/7172 2668/3928/7173 2667/3929/7174
f 2666/3934/7175 2663/3939/7176 2665/3935/7171 2667/3929/7174
f 2513/3927/7011 2666/3934/7175 2667/3929/7174 2566/3917/7069
f 2668/3928/7173 2562/3918/7070 2566/3917/7069 2667/3929/7174
f 2670/3944/7177 2659/3951/7178 2669/3945/7167 2671/3941/7170
f 2663/3939/7176 2670/3944/7177 2671/3941/7170 2665/3935/7171
f 2672/3940/7169 2664/3936/7172 2665/3935/7171 2671/3941/7170
f 2673/3942/7179 2676/3937/7180 2675/3933/7181 2674/3938/7182
f 2668/3928/7173 2664/3936/7172 2674/3938/7182 2675/3933/7181
f 2572/3925/7055 2562/3918/7070 2668/3928/7173 2675/3933/7181
f 2676/3937/7180 2551/3932/7056 2572/3925/7055 2675/3933/7181
f 2662/3946/7168 2677/3948/7163 2678/3943/7166 2672/3940/7169
f 2678/3943/7166 2674/3938/7182 2664/3936/7172 2672/3940/7169
f 2679/3947/7165 2673/3942/7179 2674/3938/7182 2678/3943/7166
f 2685/4222/7183 2680/4223/7184 2687/4218/7185 2686/4219/7186
f 2681/4213/7187 2684/4205/7188 2683/4206/7189 2682/4214/7190
f 2676/4212/7180 2673/4217/7179 2682/4214/7190 2683/4206/7189
f 2586/4202/7086 2551/4207/7056 2676/4212/7180 2683/4206/7189
f 2684/4205/7188 2583/4203/7087 2586/4202/7086 2683/4206/7189
f 2661/4227/7164 2685/4222/7183 2686/4219/7186 2679/4228/7165
f 2686/3954/7186 2682/3955/7190 2673/3942/7179 2679/3947/7165
f 2687/4218/7185 2681/4213/7187 2682/4214/7190 2686/4219/7186
f 2688/4221/7191 2691/4216/7192 2690/4209/7193 2689/4215/7194
f 2684/4205/7188 2681/4213/7187 2689/4215/7194 2690/4209/7193
f 2591/4204/7014 2583/4203/7087 2684/4205/7188 2690/4209/7193
f 2691/4216/7192 2514/4210/7015 2591/4204/7014 2690/4209/7193
f 2680/4223/7184 2692/4224/7159 2693/4220/7162 2687/4218/7185
f 2693/4220/7162 2689/4215/7194 2681/4213/7187 2687/4218/7185
f 2694/4013/7161 2688/4008/7191 2689/4018/7194 2693/4019/7162
f 2716/4053/7195 2695/4063/7196 2718/4064/7197 2717/4054/7198
f 2703/4076/7199 2697/4086/7200 2705/4097/7201 2704/4087/7202
f 2699/4056/7203 2698/4066/7204 2702/4077/7205 2701/4067/7206
f 2700/4057/7207 2696/4048/7208 2699/4056/7203 2701/4067/7206
f 2659/3951/7178 2700/3958/7207 2701/3953/7206 2669/3945/7167
f 2702/3952/7205 2662/3946/7168 2669/3945/7167 2701/3953/7206
f 2698/4066/7204 2703/4076/7199 2704/4087/7202 2702/4077/7205
f 2704/3957/7202 2677/3948/7163 2662/3946/7168 2702/3952/7205
f 2705/3959/7201 2661/3956/7164 2677/3948/7163 2704/3957/7202
f 2710/4039/7209 2706/4045/7210 2713/4046/7211 2712/4040/7212
f 2709/4047/7213 2708/4055/7214 2698/4066/7204 2699/4056/7203
f 2696/4048/7208 2707/4041/7215 2709/4047/7213 2699/4056/7203
f 2711/4037/7008 2512/4036/7007 2710/4039/7209 2712/4040/7212
f 2707/4041/7215 2711/4037/7008 2712/4040/7212 2709/4047/7213
f 2713/4046/7211 2708/4055/7214 2709/4047/7213 2712/4040/7212
f 2714/4075/7216 2697/4086/7200 2703/4076/7199 2715/4065/7217
f 2703/4076/7199 2698/4066/7204 2708/4055/7214 2715/4065/7217
f 2706/4045/7210 2716/4053/7195 2717/4054/7198 2713/4046/7211
f 2717/4054/7198 2715/4065/7217 2708/4055/7214 2713/4046/7211
f 2718/4064/7197 2714/4075/7216 2715/4065/7217 2717/4054/7198
f 2719/4112/7218 2726/4114/7219 2725/4113/7220 2724/4109/7221
f 2722/4105/7222 2721/4096/7223 2720/4104/7224 2723/4110/7225
f 2705/4097/7201 2697/4086/7200 2721/4096/7223 2722/4105/7222
f 2685/3962/7183 2661/3956/7164 2705/3959/7201 2722/3963/7222
f 2680/4223/7184 2685/4222/7183 2722/4225/7222 2723/4226/7225
f 2723/4110/7225 2720/4104/7224 2724/4109/7221 2725/4113/7220
f 2692/4224/7159 2680/4223/7184 2723/4226/7225 2725/4229/7220
f 2726/4025/7219 2660/4020/7160 2692/4030/7159 2725/4031/7220
f 2730/4073/7226 2727/4083/7227 2732/4084/7228 2731/4074/7229
f 2728/4095/7230 2720/4104/7224 2721/4096/7223 2729/4085/7231
f 2721/4096/7223 2697/4086/7200 2714/4075/7216 2729/4085/7231
f 2695/4063/7196 2730/4073/7226 2731/4074/7229 2718/4064/7197
f 2731/4074/7229 2729/4085/7231 2714/4075/7216 2718/4064/7197
f 2732/4084/7228 2728/4095/7230 2729/4085/7231 2731/4074/7229
f 2733/4108/7232 2719/4112/7218 2724/4109/7221 2734/4103/7233
f 2724/4109/7221 2720/4104/7224 2728/4095/7230 2734/4103/7233
f 2727/4083/7227 2735/4093/7155 2736/4094/7158 2732/4084/7228
f 2736/4094/7158 2734/4103/7233 2728/4095/7230 2732/4084/7228
f 2737/4102/7157 2733/4108/7232 2734/4103/7233 2736/4094/7158
f 2659/4272/7178 2670/4273/7177 2765/4262/7234 2764/4266/7235
f 2751/4022/7236 2738/4028/7237 2753/4021/7238 2752/4015/7239
f 2744/4016/7240 2739/4017/7241 2746/4011/7242 2745/4012/7243
f 2742/4000/7244 2741/4006/7245 2740/4007/7246 2743/4001/7247
f 2691/4002/7192 2688/4008/7191 2741/4006/7245 2742/4000/7244
f 2635/3990/7134 2514/3996/7015 2691/4002/7192 2742/4000/7244
f 2632/3991/7135 2635/3990/7134 2742/4000/7244 2743/4001/7247
f 2694/4013/7161 2660/4020/7160 2744/4016/7240 2745/4012/7243
f 2688/4008/7191 2694/4013/7161 2745/4012/7243 2741/4006/7245
f 2746/4011/7242 2740/4007/7246 2741/4006/7245 2745/4012/7243
f 2749/4005/7248 2748/4010/7249 2747/4014/7250 2750/4009/7251
f 2743/4001/7247 2740/4007/7246 2748/4010/7249 2749/4005/7248
f 2640/3998/7122 2632/3991/7135 2743/4001/7247 2749/4005/7248
f 2623/4004/7123 2640/3998/7122 2749/4005/7248 2750/4009/7251
f 2746/4011/7242 2739/4017/7241 2751/4022/7236 2752/4015/7239
f 2740/4007/7246 2746/4011/7242 2752/4015/7239 2748/4010/7249
f 2753/4021/7238 2747/4014/7250 2748/4010/7249 2752/4015/7239
f 2759/4264/7252 2754/4265/7253 2761/4260/7254 2760/4261/7255
f 2757/4247/7256 2756/4255/7257 2755/4256/7258 2758/4248/7259
f 2750/4254/7251 2747/4259/7250 2756/4255/7257 2757/4247/7256
f 2652/4244/7148 2623/4249/7123 2750/4254/7251 2757/4247/7256
f 2649/4245/7149 2652/4244/7148 2757/4247/7256 2758/4248/7259
f 2753/4269/7238 2738/4270/7237 2759/4264/7252 2760/4261/7255
f 2747/4014/7250 2753/4021/7238 2760/4026/7255 2756/4027/7257
f 2761/4260/7254 2755/4256/7258 2756/4255/7257 2760/4261/7255
f 2663/4263/7176 2666/4258/7175 2763/4251/7260 2762/4257/7261
f 2758/4248/7259 2755/4256/7258 2762/4257/7261 2763/4251/7260
f 2656/4246/7010 2649/4245/7149 2758/4248/7259 2763/4251/7260
f 2666/4258/7175 2513/4252/7011 2656/4246/7010 2763/4251/7260
f 2761/4260/7254 2754/4265/7253 2764/4266/7235 2765/4262/7234
f 2762/4257/7261 2755/4256/7258 2761/4260/7254 2765/4262/7234
f 2670/3944/7177 2663/3939/7176 2762/3949/7261 2765/3950/7234
f 2783/4071/7262 2766/4061/7263 2785/4062/7264 2784/4072/7265
f 2767/4079/7266 2774/4088/7267 2773/4098/7268 2772/4089/7269
f 2770/4111/7270 2769/4107/7271 2768/4099/7272 2771/4106/7273
f 2726/4114/7219 2719/4112/7218 2769/4107/7271 2770/4111/7270
f 2744/4016/7240 2660/4020/7160 2726/4025/7219 2770/4023/7270
f 2739/4017/7241 2744/4016/7240 2770/4023/7270 2771/4024/7273
f 2771/4106/7273 2768/4099/7272 2772/4089/7269 2773/4098/7268
f 2751/4022/7236 2739/4017/7241 2771/4024/7273 2773/4029/7268
f 2774/4032/7267 2738/4028/7237 2751/4022/7236 2773/4029/7268
f 2778/4091/7274 2775/4081/7275 2780/4082/7276 2779/4092/7277
f 2776/4090/7278 2768/4099/7272 2769/4107/7271 2777/4100/7279
f 2769/4107/7271 2719/4112/7218 2733/4108/7232 2777/4100/7279
f 2658/4101/7156 2778/4091/7274 2779/4092/7277 2737/4102/7157
f 2779/4092/7277 2777/4100/7279 2733/4108/7232 2737/4102/7157
f 2780/4082/7276 2776/4090/7278 2777/4100/7279 2779/4092/7277
f 2781/4070/7280 2767/4079/7266 2772/4089/7269 2782/4080/7281
f 2772/4089/7269 2768/4099/7272 2776/4090/7278 2782/4080/7281
f 2775/4081/7275 2783/4071/7262 2784/4072/7265 2780/4082/7276
f 2784/4072/7265 2782/4080/7281 2776/4090/7278 2780/4082/7276
f 2785/4062/7264 2781/4070/7280 2782/4080/7281 2784/4072/7265
f 2696/4048/7208 2700/4057/7207 2791/4058/7282 2790/4049/7283
f 2788/4078/7284 2787/4069/7285 2786/4059/7286 2789/4068/7287
f 2774/4088/7267 2767/4079/7266 2787/4069/7285 2788/4078/7284
f 2759/4033/7252 2738/4028/7237 2774/4032/7267 2788/4034/7284
f 2754/4265/7253 2759/4264/7252 2788/4267/7284 2789/4268/7287
f 2789/4068/7287 2786/4059/7286 2790/4049/7283 2791/4058/7282
f 2764/4266/7235 2754/4265/7253 2789/4268/7287 2791/4271/7282
f 2700/3958/7207 2659/3951/7178 2764/3960/7235 2791/3961/7282
f 2795/4051/7288 2792/4043/7289 2797/4044/7290 2796/4052/7291
f 2793/4050/7292 2786/4059/7286 2787/4069/7285 2794/4060/7293
f 2787/4069/7285 2767/4079/7266 2781/4070/7280 2794/4060/7293
f 2766/4061/7263 2795/4051/7288 2796/4052/7291 2785/4062/7264
f 2796/4052/7291 2794/4060/7293 2781/4070/7280 2785/4062/7264
f 2797/4044/7290 2793/4050/7292 2794/4060/7293 2796/4052/7291
f 2707/4041/7215 2696/4048/7208 2790/4049/7283 2798/4042/7294
f 2790/4049/7283 2786/4059/7286 2793/4050/7292 2798/4042/7294
f 2792/4043/7289 2799/4035/7006 2800/4038/7009 2797/4044/7290
f 2800/4038/7009 2798/4042/7294 2793/4050/7292 2797/4044/7290
f 2711/4037/7008 2707/4041/7215 2798/4042/7294 2800/4038/7009
g default
v -6.023514 8.640451 -7.995613
v -6.013277 8.640451 -7.968179
v -5.986640 8.640451 -7.956018
v -5.959206 8.640451 -7.966255
v -5.947045 8.640451 -7.992892
v -5.957282 8.640451 -8.020326
v -5.983919 8.640451 -8.032487
v -6.011353 8.640451 -8.022250
v -6.055927 8.654672 -7.996766
v -6.037012 8.654672 -7.946074
v -5.987793 8.654672 -7.923605
v -5.937102 8.654672 -7.942520
v -5.914632 8.654672 -7.991739
v -5.933547 8.654672 -8.042431
v -5.982766 8.654672 -8.064900
v -6.033458 8.654672 -8.045985
v -6.077585 8.675955 -7.997536
v -6.052872 8.675955 -7.931305
v -5.988564 8.675955 -7.901947
v -5.922332 8.675955 -7.926661
v -5.892974 8.675955 -7.990969
v -5.917688 8.675955 -8.057200
v -5.981996 8.675955 -8.086558
v -6.048227 8.675955 -8.061844
v -6.085190 8.701059 -7.997807
v -6.058441 8.701059 -7.926118
v -5.988834 8.701059 -7.894342
v -5.917145 8.701059 -7.921091
v -5.885369 8.701059 -7.990698
v -5.912119 8.701059 -8.062387
v -5.981725 8.701059 -8.094163
v -6.053414 8.701059 -8.067413
v -6.077585 8.726164 -7.997536
v -6.052872 8.726164 -7.931305
v -5.988564 8.726164 -7.901947
v -5.922332 8.726164 -7.926661
v -5.892974 8.726164 -7.990969
v -5.917688 8.726164 -8.057200
v -5.981996 8.726164 -8.086558
v -6.048227 8.726164 -8.061844
v -6.055927 8.747446 -7.996766
v -6.037012 8.747446 -7.946074
v -5.987793 8.747446 -7.923605
v -5.937102 8.747446 -7.942520
v -5.914632 8.747446 -7.991739
v -5.933547 8.747446 -8.042431
v -5.982766 8.747446 -8.064900
v -6.033458 8.747446 -8.045985
v -6.023514 8.761667 -7.995613
v -6.013277 8.761667 -7.968179
v -5.986640 8.761667 -7.956018
v -5.959206 8.761667 -7.966255
v -5.947045 8.761667 -7.992892
v -5.957282 8.761667 -8.020326
v -5.983919 8.761667 -8.032487
v -6.011353 8.761667 -8.022250
v -5.985280 8.766660 -7.994252
v -6.001374 5.968793 -7.994825
v -5.997065 5.968793 -7.983277
v -5.985852 5.968793 -7.978158
v -5.974304 5.968793 -7.982467
v -5.969185 5.968793 -7.993680
v -5.973494 5.968793 -8.005228
v -5.984707 5.968793 -8.010347
v -5.996255 5.968793 -8.006038
v -6.001374 6.078609 -7.994825
v -5.997065 6.078609 -7.983277
v -5.985852 6.078609 -7.978158
v -5.974304 6.078609 -7.982467
v -5.969185 6.078609 -7.993680
v -5.973494 6.078609 -8.005228
v -5.984707 6.078609 -8.010347
v -5.996255 6.078609 -8.006038
v -6.001374 6.188425 -7.994825
v -5.997065 6.188425 -7.983277
v -5.985852 6.188425 -7.978158
v -5.974304 6.188425 -7.982467
v -5.969185 6.188425 -7.993680
v -5.973494 6.188425 -8.005228
v -5.984707 6.188425 -8.010347
v -5.996255 6.188425 -8.006038
v -6.001374 6.298242 -7.994825
v -5.997065 6.298242 -7.983277
v -5.985852 6.298242 -7.978158
v -5.974304 6.298242 -7.982467
v -5.969185 6.298242 -7.993680
v -5.973494 6.298242 -8.005228
v -5.984707 6.298242 -8.010347
v -5.996255 6.298242 -8.006038
v -6.001374 6.408058 -7.994825
v -5.997065 6.408058 -7.983277
v -5.985852 6.408058 -7.978158
v -5.974304 6.408058 -7.982467
v -5.969185 6.408058 -7.993680
v -5.973494 6.408058 -8.005228
v -5.984707 6.408058 -8.010347
v -5.996255 6.408058 -8.006038
v -6.001374 6.517874 -7.994825
v -5.997065 6.517874 -7.983277
v -5.985852 6.517874 -7.978158
v -5.974304 6.517874 -7.982467
v -5.969185 6.517874 -7.993680
v -5.973494 6.517874 -8.005228
v -5.984707 6.517874 -8.010347
v -5.996255 6.517874 -8.006038
v -6.001374 6.627691 -7.994825
v -5.997065 6.627691 -7.983277
v -5.985852 6.627691 -7.978158
v -5.974304 6.627691 -7.982467
v -5.969185 6.627691 -7.993680
v -5.973494 6.627691 -8.005228
v -5.984707 6.627691 -8.010347
v -5.996255 6.627691 -8.006038
v -6.001374 6.737507 -7.994825
v -5.997065 6.737507 -7.983277
v -5.985852 6.737507 -7.978158
v -5.974304 6.737507 -7.982467
v -5.969185 6.737507 -7.993680
v -5.973494 6.737507 -8.005228
v -5.984707 6.737507 -8.010347
v -5.996255 6.737507 -8.006038
v -6.001374 6.847324 -7.994825
v -5.997065 6.847324 -7.983277
v -5.985852 6.847324 -7.978158
v -5.974304 6.847324 -7.982467
v -5.969185 6.847324 -7.993680
v -5.973494 6.847324 -8.005228
v -5.984707 6.847324 -8.010347
v -5.996255 6.847324 -8.006038
v -6.001374 6.957140 -7.994825
v -5.997065 6.957140 -7.983277
v -5.985852 6.957140 -7.978158
v -5.974304 6.957140 -7.982467
v -5.969185 6.957140 -7.993680
v -5.973494 6.957140 -8.005228
v -5.984707 6.957140 -8.010347
v -5.996255 6.957140 -8.006038
v -6.001374 7.066956 -7.994825
v -5.997065 7.066956 -7.983277
v -5.985852 7.066956 -7.978158
v -5.974304 7.066956 -7.982467
v -5.969185 7.066956 -7.993680
v -5.973494 7.066956 -8.005228
v -5.984707 7.066956 -8.010347
v -5.996255 7.066956 -8.006038
v -6.001374 7.176773 -7.994825
v -5.997065 7.176773 -7.983277
v -5.985852 7.176773 -7.978158
v -5.974304 7.176773 -7.982467
v -5.969185 7.176773 -7.993680
v -5.973494 7.176773 -8.005228
v -5.984707 7.176773 -8.010347
v -5.996255 7.176773 -8.006038
v -6.001374 7.286589 -7.994825
v -5.997065 7.286589 -7.983277
v -5.985852 7.286589 -7.978158
v -5.974304 7.286589 -7.982467
v -5.969185 7.286589 -7.993680
v -5.973494 7.286589 -8.005228
v -5.984707 7.286589 -8.010347
v -5.996255 7.286589 -8.006038
v -6.001374 7.396406 -7.994825
v -5.997065 7.396406 -7.983277
v -5.985852 7.396406 -7.978158
v -5.974304 7.396406 -7.982467
v -5.969185 7.396406 -7.993680
v -5.973494 7.396406 -8.005228
v -5.984707 7.396406 -8.010347
v -5.996255 7.396406 -8.006038
v -6.001374 7.506222 -7.994825
v -5.997065 7.506222 -7.983277
v -5.985852 7.506222 -7.978158
v -5.974304 7.506222 -7.982467
v -5.969185 7.506222 -7.993680
v -5.973494 7.506222 -8.005228
v -5.984707 7.506222 -8.010347
v -5.996255 7.506222 -8.006038
v -6.001374 7.616038 -7.994825
v -5.997065 7.616038 -7.983277
v -5.985852 7.616038 -7.978158
v -5.974304 7.616038 -7.982467
v -5.969185 7.616038 -7.993680
v -5.973494 7.616038 -8.005228
v -5.984707 7.616038 -8.010347
v -5.996255 7.616038 -8.006038
v -6.001374 7.725855 -7.994825
v -5.997065 7.725855 -7.983277
v -5.985852 7.725855 -7.978158
v -5.974304 7.725855 -7.982467
v -5.969185 7.725855 -7.993680
v -5.973494 7.725855 -8.005228
v -5.984707 7.725855 -8.010347
v -5.996255 7.725855 -8.006038
v -6.001374 7.835671 -7.994825
v -5.997065 7.835671 -7.983277
v -5.985852 7.835671 -7.978158
v -5.974304 7.835671 -7.982467
v -5.969185 7.835671 -7.993680
v -5.973494 7.835671 -8.005228
v -5.984707 7.835671 -8.010347
v -5.996255 7.835671 -8.006038
v -6.001374 7.945488 -7.994825
v -5.997065 7.945488 -7.983277
v -5.985852 7.945488 -7.978158
v -5.974304 7.945488 -7.982467
v -5.969185 7.945488 -7.993680
v -5.973494 7.945488 -8.005228
v -5.984707 7.945488 -8.010347
v -5.996255 7.945488 -8.006038
v -6.001374 8.055304 -7.994825
v -5.997065 8.055304 -7.983277
v -5.985852 8.055304 -7.978158
v -5.974304 8.055304 -7.982467
v -5.969185 8.055304 -7.993680
v -5.973494 8.055304 -8.005228
v -5.984707 8.055304 -8.010347
v -5.996255 8.055304 -8.006038
v -6.001374 8.165121 -7.994825
v -5.997065 8.165121 -7.983277
v -5.985852 8.165121 -7.978158
v -5.974304 8.165121 -7.982467
v -5.969185 8.165121 -7.993680
v -5.973494 8.165121 -8.005228
v -5.984707 8.165121 -8.010347
v -5.996255 8.165121 -8.006038
v -6.001374 8.274936 -7.994825
v -5.997065 8.274936 -7.983277
v -5.985852 8.274936 -7.978158
v -5.974304 8.274936 -7.982467
v -5.969185 8.274936 -7.993680
v -5.973494 8.274936 -8.005228
v -5.984707 8.274936 -8.010347
v -5.996255 8.274936 -8.006038
v -6.001374 8.384753 -7.994825
v -5.997065 8.384753 -7.983277
v -5.985852 8.384753 -7.978158
v -5.974304 8.384753 -7.982467
v -5.969185 8.384753 -7.993680
v -5.973494 8.384753 -8.005228
v -5.984707 8.384753 -8.010347
v -5.996255 8.384753 -8.006038
v -6.001374 8.494569 -7.994825
v -5.997065 8.494569 -7.983277
v -5.985852 8.494569 -7.978158
v -5.974304 8.494569 -7.982467
v -5.969185 8.494569 -7.993680
v -5.973494 8.494569 -8.005228
v -5.984707 8.494569 -8.010347
v -5.996255 8.494569 -8.006038
v -6.001374 8.604386 -7.994825
v -5.997065 8.604386 -7.983277
v -5.985852 8.604386 -7.978158
v -5.974304 8.604386 -7.982467
v -5.969185 8.604386 -7.993680
v -5.973494 8.604386 -8.005228
v -5.984707 8.604386 -8.010347
v -5.996255 8.604386 -8.006038
v -5.985280 5.968793 -7.994252
v -6.006946 8.631957 -7.974074
v -6.014868 8.631957 -7.995305
v -6.005458 8.631957 -8.015919
v -5.984227 8.631957 -8.023841
v -5.963613 8.631957 -8.014430
v -5.955691 8.631957 -7.993200
v -5.965102 8.631957 -7.972586
v -5.986332 8.631957 -7.964664
v -6.002071 8.625281 -7.978615
v -6.008210 8.625281 -7.995068
v -6.000917 8.625281 -8.011044
v -5.984464 8.625281 -8.017183
v -5.968489 8.625281 -8.009890
v -5.962349 8.625281 -7.993437
v -5.969642 8.625281 -7.977461
v -5.986095 8.625281 -7.971322
v -5.998900 8.619556 -7.981568
v -6.003881 8.619556 -7.994914
v -5.997965 8.619556 -8.007873
v -5.984618 8.619556 -8.012853
v -5.971659 8.619556 -8.006937
v -5.966679 8.619556 -7.993591
v -5.972595 8.619556 -7.980632
v -5.985941 8.619556 -7.975652
v -5.997349 8.612880 -7.983013
v -6.001762 8.612880 -7.994839
v -5.996520 8.612880 -8.006322
v -5.984693 8.612880 -8.010734
v -5.973210 8.612880 -8.005492
v -5.968798 8.612880 -7.993666
v -5.974040 8.612880 -7.982183
v -5.985866 8.612880 -7.977770
v -6.253795 9.005787 -7.706576
v -6.208707 8.988443 -7.608330
v -6.127645 8.927095 -7.567690
v -6.226757 8.942737 -7.829490
v -6.161572 8.825639 -7.743345
v -6.047770 8.831341 -7.631529
v -6.070383 8.762059 -7.950765
v -6.007698 8.726133 -7.939529
v -5.995445 8.715313 -7.868262
v -6.164668 8.863167 -7.905384
v -6.098949 8.769675 -7.831724
v -6.008237 8.767124 -7.727729
v -6.055670 8.760822 -7.782259
v -6.000066 8.740552 -7.794537
v -5.997868 8.720549 -7.915047
v -6.132211 8.789089 -7.790595
v -6.199902 8.905393 -7.872667
v -6.023466 8.796356 -7.674793
v -6.238136 9.002707 -7.655191
v -6.186289 8.898070 -7.679897
v -6.198209 8.873954 -7.788564
v -6.246396 8.976979 -7.773401
v -6.169001 8.959580 -7.579075
v -6.083186 8.875168 -7.593713
v -6.108715 8.818256 -7.689583
v -6.133888 8.808843 -7.871085
v -6.062539 8.748649 -7.876792
v -6.028828 8.739862 -7.949133
v -6.119902 8.814278 -7.930085
v -6.219920 8.932856 -7.726044
v -6.138315 8.881952 -7.636200
v -6.091641 8.776670 -7.905857
v -6.031723 8.739806 -7.838083
v -6.169471 8.836944 -7.834448
v -6.081253 8.782426 -7.735512
v -6.334588 8.981311 -7.887638
v -6.343939 8.965214 -7.787751
v -6.297645 8.908279 -7.717472
v -6.255820 8.922796 -7.973881
v -6.243402 8.814120 -7.874395
v -6.203823 8.819412 -7.731716
v -6.073860 8.755113 -7.998791
v -6.028692 8.721771 -7.960672
v -6.051915 8.711729 -7.897706
v -6.170699 8.848949 -8.006069
v -6.152060 8.762182 -7.916369
v -6.127409 8.759814 -7.790691
v -6.140228 8.753964 -7.856530
v -6.089839 8.735153 -7.840595
v -6.032151 8.716589 -7.936434
v -6.197879 8.780200 -7.898748
v -6.214200 8.888138 -7.996122
v -6.164213 8.786943 -7.755211
v -6.345848 8.978453 -7.839071
v -6.292711 8.881342 -7.834869
v -6.251866 8.858960 -7.927740
v -6.297632 8.954574 -7.937914
v -6.325601 8.938428 -7.745812
v -6.249836 8.860087 -7.717756
v -6.225867 8.807269 -7.806657
v -6.161876 8.798532 -7.964218
v -6.101882 8.742668 -7.935696
v -6.041218 8.734512 -7.978197
v -6.123256 8.803576 -8.005149
v -6.298327 8.913626 -7.887565
v -6.274429 8.866382 -7.777487
v -6.111785 8.768673 -7.972561
v -6.095077 8.734461 -7.890285
v -6.207477 8.824611 -7.951284
v -6.182482 8.774015 -7.830828
v -5.715045 8.982298 -8.238655
v -5.757650 8.975547 -8.330651
v -5.836403 8.926559 -8.372148
v -5.744235 8.917600 -8.128980
v -5.811618 8.819147 -8.216323
v -5.916405 8.838811 -8.319206
v -5.900431 8.752323 -8.028313
v -5.960666 8.723741 -8.040951
v -5.972522 8.719212 -8.107613
v -5.806796 8.842910 -8.063847
v -5.873248 8.765469 -8.138071
v -5.957178 8.775570 -8.234310
v -5.913761 8.763224 -8.184351
v -5.966528 8.747114 -8.174203
v -5.970059 8.720806 -8.063962
v -5.841160 8.784072 -8.174934
v -5.771497 8.881906 -8.091420
v -5.941159 8.805133 -8.281414
v -5.729623 8.983814 -8.286393
v -5.784131 8.888723 -8.270324
v -5.774816 8.858530 -8.171350
v -5.723818 8.951727 -8.178682
v -5.796132 8.953266 -8.359553
v -5.880828 8.879613 -8.351393
v -5.860901 8.819136 -8.266463
v -5.838568 8.796894 -8.099122
v -5.908358 8.745310 -8.097660
v -5.940275 8.734486 -8.031200
v -5.851315 8.798875 -8.044114
v -5.750948 8.915733 -8.225379
v -5.829452 8.879676 -8.311735
v -5.879747 8.767479 -8.068966
v -5.937353 8.741598 -8.134011
v -5.803807 8.823081 -8.131257
v -5.888639 8.784694 -8.226254
v -5.635971 8.981311 -8.100867
v -5.626620 8.965214 -8.200754
v -5.672914 8.908279 -8.271033
v -5.714739 8.922796 -8.014624
v -5.727157 8.814120 -8.114110
v -5.766736 8.819412 -8.256789
v -5.896699 8.755113 -7.989713
v -5.941867 8.721771 -8.027833
v -5.918645 8.711729 -8.090799
v -5.799860 8.848949 -7.982436
v -5.818500 8.762182 -8.072136
v -5.843151 8.759814 -8.197814
v -5.830331 8.753964 -8.131975
v -5.880720 8.735153 -8.147910
v -5.938408 8.716589 -8.052071
v -5.772680 8.780200 -8.089757
v -5.756359 8.888138 -7.992382
v -5.806346 8.786943 -8.233293
v -5.624712 8.978453 -8.149434
v -5.677848 8.881342 -8.153636
v -5.718693 8.858960 -8.060765
v -5.672927 8.954574 -8.050591
v -5.644958 8.938428 -8.242692
v -5.720723 8.860087 -8.270749
v -5.744692 8.807269 -8.181848
v -5.808683 8.798532 -8.024287
v -5.868678 8.742668 -8.052809
v -5.929341 8.734512 -8.010308
v -5.847303 8.803576 -7.983356
v -5.672232 8.913626 -8.100939
v -5.696130 8.866382 -8.211018
v -5.858774 8.768673 -8.015944
v -5.875483 8.734461 -8.098220
v -5.763083 8.824611 -8.037221
v -5.788077 8.774015 -8.157677
v -6.040451 8.956906 -7.613255
v -5.960066 8.929504 -7.557474
v -5.881028 8.866496 -7.567808
v -6.080736 8.910742 -7.728634
v -5.997502 8.792073 -7.699445
v -5.854100 8.782607 -7.663414
v -6.025782 8.752379 -7.912343
v -5.973164 8.716358 -7.935554
v -5.931078 8.698673 -7.885346
v -6.072401 8.843514 -7.824268
v -5.992742 8.747883 -7.803500
v -5.872070 8.732258 -7.763470
v -5.935822 8.733404 -7.785097
v -5.898598 8.714445 -7.822537
v -5.954353 8.708406 -7.921089
v -5.998757 8.762451 -7.753639
v -6.082163 8.880035 -7.778465
v -5.857429 8.754155 -7.711938
v -6.004288 8.948318 -7.579905
v -5.982273 8.852971 -7.631828
v -6.044130 8.842307 -7.714619
v -6.067775 8.937053 -7.672141
v -5.916918 8.898769 -7.554999
v -5.861517 8.820082 -7.613343
v -5.930812 8.778240 -7.682008
v -6.035988 8.789032 -7.815493
v -5.986162 8.732150 -7.858102
v -5.993480 8.730594 -7.932243
v -6.051799 8.799755 -7.868666
v -6.027960 8.890746 -7.650173
v -5.924831 8.832261 -7.620774
v -6.020806 8.761795 -7.865473
v -5.944206 8.719139 -7.842409
v -6.045285 8.812135 -7.767466
v -5.932917 8.749196 -7.734204
v -6.315886 8.958934 -8.070743
v -6.369815 8.943978 -7.994712
v -6.365214 8.891076 -7.916654
v -6.212438 8.904564 -8.103546
v -6.248664 8.803589 -8.017724
v -6.283101 8.808506 -7.884528
v -6.054449 8.748762 -8.039057
v -6.035812 8.717783 -7.987400
v -6.083751 8.708452 -7.947522
v -6.128991 8.835950 -8.089901
v -6.155664 8.755330 -8.009064
v -6.194215 8.753130 -7.896483
v -6.173943 8.747695 -7.955417
v -6.140800 8.730218 -7.919185
v -6.049857 8.712967 -7.969503
v -6.200720 8.772071 -8.016171
v -6.168615 8.872362 -8.102108
v -6.240313 8.778338 -7.885032
v -6.347509 8.956278 -8.036894
v -6.306704 8.866047 -8.008827
v -6.230692 8.845251 -8.064581
v -6.262792 8.934092 -8.094029
v -6.374543 8.919089 -7.952446
v -6.326611 8.846299 -7.894672
v -6.266024 8.797223 -7.955071
v -6.141334 8.789106 -8.052127
v -6.106309 8.737199 -8.001305
v -6.037750 8.729621 -8.007320
v -6.091242 8.793792 -8.067121
v -6.286742 8.896045 -8.053839
v -6.318652 8.852149 -7.954160
v -6.097151 8.761362 -8.035569
v -6.121930 8.729574 -7.961602
v -6.184036 8.813337 -8.062904
v -6.219884 8.766325 -7.954366
v -5.916103 8.982731 -7.636902
v -5.815045 8.977946 -7.627502
v -5.738633 8.930587 -7.674854
v -5.994950 8.916688 -7.717451
v -5.883652 8.820453 -7.732065
v -5.742453 8.843014 -7.770871
v -6.000197 8.751793 -7.903541
v -5.958437 8.724157 -7.949337
v -5.894772 8.720818 -7.926086
v -6.018330 8.841764 -7.804483
v -5.919253 8.766319 -7.824828
v -5.794091 8.778958 -7.848972
v -5.858847 8.765299 -7.836590
v -5.840781 8.749683 -7.887350
v -5.933770 8.721699 -7.945897
v -5.903886 8.785100 -7.778507
v -6.013008 8.880749 -7.759999
v -5.762012 8.809056 -7.811362
v -5.867547 8.985173 -7.625500
v -5.852165 8.890520 -7.680962
v -5.941795 8.858670 -7.722751
v -5.962926 8.951335 -7.674720
v -5.770285 8.956595 -7.646299
v -5.733319 8.883873 -7.723821
v -5.815546 8.821834 -7.749460
v -5.970966 8.796701 -7.814343
v -5.936137 8.745964 -7.875551
v -5.977325 8.734497 -7.936582
v -6.012143 8.797978 -7.853011
v -5.908221 8.916413 -7.674797
v -5.793417 8.882682 -7.699347
v -5.975754 8.767327 -7.865182
v -5.890073 8.743179 -7.882352
v -5.961178 8.822957 -7.768066
v -5.835680 8.787111 -7.793748
v -5.629462 8.981311 -7.911929
v -5.571420 8.965214 -7.993758
v -5.576372 8.908279 -8.077769
v -5.740799 8.922796 -7.876624
v -5.701810 8.814120 -7.968991
v -5.664747 8.819412 -8.112344
v -5.910836 8.755113 -7.946031
v -5.930893 8.721771 -8.001628
v -5.879299 8.711729 -8.044547
v -5.830610 8.848949 -7.891310
v -5.801902 8.762182 -7.978312
v -5.760411 8.759814 -8.099478
v -5.782229 8.753964 -8.036050
v -5.817900 8.735153 -8.075044
v -5.915778 8.716589 -8.020889
v -5.753411 8.780200 -7.970662
v -5.787963 8.888138 -7.878173
v -5.710798 8.786943 -8.111801
v -5.595428 8.978453 -7.948360
v -5.639344 8.881342 -7.978567
v -5.721153 8.858960 -7.918561
v -5.686605 8.954574 -7.886867
v -5.566332 8.938428 -8.039247
v -5.617919 8.860087 -8.101427
v -5.683127 8.807269 -8.036421
v -5.817325 8.798532 -7.931965
v -5.855021 8.742668 -7.986663
v -5.928808 8.734512 -7.980188
v -5.871237 8.803576 -7.915828
v -5.660829 8.913626 -7.930122
v -5.626486 8.866382 -8.037402
v -5.864877 8.768673 -7.949785
v -5.838209 8.734461 -8.029393
v -5.771367 8.824611 -7.920366
v -5.732785 8.774015 -8.037181
v -6.252265 8.981311 -8.243455
v -6.343445 8.965214 -8.201610
v -6.381162 8.908279 -8.126379
v -6.138192 8.922796 -8.218362
v -6.218141 8.814120 -8.157865
v -6.321915 8.819412 -8.052248
v -6.025639 8.755113 -8.073235
v -6.036067 8.721771 -8.015059
v -6.102209 8.711729 -8.003687
v -6.067756 8.848949 -8.160739
v -6.136119 8.762182 -8.099746
v -6.232634 8.759814 -8.015559
v -6.182025 8.753964 -8.059580
v -6.170631 8.735153 -8.007975
v -6.058788 8.716589 -8.005935
v -6.174289 8.780200 -8.130616
v -6.098121 8.888138 -8.193439
v -6.281762 8.786943 -8.029693
v -6.299955 8.978453 -8.228923
v -6.277026 8.881342 -8.180804
v -6.176174 8.858960 -8.191867
v -6.190247 8.954574 -8.236588
v -6.370596 8.938428 -8.164760
v -6.357011 8.860087 -8.085117
v -6.268036 8.807269 -8.108810
v -6.099589 8.798532 -8.132172
v -6.094292 8.742668 -8.065955
v -6.027154 8.734512 -8.034669
v -6.044831 8.803576 -8.119192
v -6.234197 8.913626 -8.212016
v -6.317579 8.866382 -8.136281
v -6.067317 8.768673 -8.092964
v -6.130217 8.734461 -8.037356
v -6.133590 8.824611 -8.165196
v -6.225410 8.774015 -8.083323
v -5.902956 8.981311 -8.350070
v -5.984785 8.965214 -8.408112
v -6.068796 8.908279 -8.403160
v -5.867651 8.922796 -8.238733
v -5.960018 8.814120 -8.277722
v -6.103371 8.819412 -8.314785
v -5.937058 8.755113 -8.068696
v -5.992655 8.721771 -8.048639
v -6.035574 8.711729 -8.100233
v -5.882337 8.848949 -8.148922
v -5.969339 8.762182 -8.177630
v -6.090505 8.759814 -8.219121
v -6.027077 8.753964 -8.197303
v -6.066071 8.735153 -8.161632
v -6.011916 8.716589 -8.063754
v -5.961690 8.780200 -8.226121
v -5.869200 8.888138 -8.191569
v -6.102829 8.786943 -8.268734
v -5.939387 8.978453 -8.384104
v -5.969594 8.881342 -8.340188
v -5.909588 8.858960 -8.258379
v -5.877894 8.954574 -8.292927
v -6.030274 8.938428 -8.413200
v -6.092454 8.860087 -8.361613
v -6.027449 8.807269 -8.296405
v -5.922992 8.798532 -8.162207
v -5.977690 8.742668 -8.124511
v -5.971215 8.734512 -8.050724
v -5.906855 8.803576 -8.108295
v -5.921149 8.913626 -8.318703
v -6.028429 8.866382 -8.353046
v -5.940812 8.768673 -8.114655
v -6.020420 8.734461 -8.141323
v -5.911393 8.824611 -8.208165
v -6.028208 8.774015 -8.246747
v -5.699258 8.978120 -7.762778
v -5.609290 8.954206 -7.803495
v -5.575214 8.890948 -7.875335
v -5.816704 8.925290 -7.784731
v -5.743577 8.808743 -7.838874
v -5.639853 8.801793 -7.944444
v -5.939439 8.756814 -7.920374
v -5.931146 8.719679 -7.976563
v -5.865752 8.705031 -7.987238
v -5.891575 8.852710 -7.838223
v -5.828689 8.758670 -7.894115
v -5.732638 8.745731 -7.977871
v -5.783432 8.745443 -7.933676
v -5.796032 8.724479 -7.984159
v -5.908796 8.712626 -7.985341
v -5.789447 8.776057 -7.864244
v -5.858840 8.891771 -7.807730
v -5.681935 8.770594 -7.965203
v -5.651853 8.971569 -7.777045
v -5.680695 8.873466 -7.819657
v -5.782697 8.857883 -7.807523
v -5.762791 8.954839 -7.768234
v -5.583872 8.923794 -7.838732
v -5.602306 8.842058 -7.913859
v -5.694271 8.796136 -7.887380
v -5.862898 8.798932 -7.863850
v -5.871677 8.739850 -7.926825
v -5.939239 8.734020 -7.957717
v -5.917273 8.806539 -7.877187
v -5.721440 8.909988 -7.790386
v -5.641197 8.853598 -7.863198
v -5.896983 8.768918 -7.901370
v -5.836363 8.727887 -7.954855
v -5.827326 8.824726 -7.832289
v -5.738874 8.764137 -7.911026
v -6.099768 9.004634 -8.369358
v -6.207031 8.987349 -8.379399
v -6.282501 8.926209 -8.329687
v -6.007155 8.941797 -8.284772
v -6.113989 8.825096 -8.271438
v -6.267205 8.830779 -8.228935
v -5.980405 8.761731 -8.089375
v -6.021340 8.725927 -8.040871
v -6.088956 8.715144 -8.065808
v -5.972591 8.862498 -8.193365
v -6.068915 8.769322 -8.173349
v -6.203875 8.766780 -8.146878
v -6.133173 8.760498 -8.160644
v -6.150285 8.740298 -8.106534
v -6.047368 8.720362 -8.044586
v -6.087837 8.788671 -8.222552
v -5.983272 8.904580 -8.240079
v -6.241974 8.795913 -8.186400
v -6.151921 9.001565 -8.381448
v -6.156434 8.897282 -8.324388
v -6.056704 8.873247 -8.280526
v -6.045779 8.975924 -8.329672
v -6.252067 8.958584 -8.359707
v -6.282195 8.874458 -8.278346
v -6.186729 8.817739 -8.252608
v -6.017532 8.808357 -8.183891
v -6.048160 8.748368 -8.119466
v -6.002521 8.739610 -8.054322
v -5.973579 8.813774 -8.142419
v -6.099845 8.931951 -8.330419
v -6.218053 8.881219 -8.304756
v -6.008573 8.776293 -8.130100
v -6.096925 8.739554 -8.112158
v -6.031421 8.836362 -8.232859
v -6.160773 8.782029 -8.206018
vt 0.674081 0.457658
vt 0.674081 0.436125
vt 0.682358 0.436125
vt 0.682358 0.459432
vt 0.667064 0.452606
vt 0.667064 0.436125
vt 0.674081 0.414592
vt 0.682358 0.412818
vt 0.690635 0.436125
vt 0.690635 0.457658
vt 0.667064 0.419644
vt 0.690635 0.414592
vt 0.697652 0.436125
vt 0.697652 0.452606
vt 0.697652 0.419644
vt 0.567568 0.430782
vt 0.567568 0.409248
vt 0.575845 0.409248
vt 0.575845 0.432556
vt 0.560551 0.425729
vt 0.560551 0.409248
vt 0.567568 0.387715
vt 0.575845 0.385941
vt 0.584122 0.409248
vt 0.584122 0.430782
vt 0.560551 0.392767
vt 0.584122 0.387715
vt 0.591139 0.409248
vt 0.591139 0.425729
vt 0.591139 0.392767
vt 0.019541 0.514771
vt 0.023296 0.514771
vt 0.023296 0.523995
vt 0.019541 0.523995
vt 0.027051 0.514771
vt 0.027051 0.523995
vt 0.023296 0.533218
vt 0.019541 0.533218
vt 0.027051 0.533218
vt 0.023296 0.542442
vt 0.019541 0.542442
vt 0.027051 0.542442
vt 0.023296 0.551666
vt 0.019541 0.551666
vt 0.027051 0.551666
vt 0.023296 0.560890
vt 0.019541 0.560890
vt 0.027051 0.560890
vt 0.023296 0.570113
vt 0.019541 0.570113
vt 0.027051 0.570113
vt 0.023296 0.579337
vt 0.019541 0.579337
vt 0.027051 0.579337
vt 0.023296 0.588561
vt 0.019541 0.588561
vt 0.027051 0.588561
vt 0.023296 0.597785
vt 0.019541 0.597785
vt 0.027051 0.597785
vt 0.023296 0.607009
vt 0.019541 0.607009
vt 0.027051 0.607009
vt 0.023296 0.616232
vt 0.019541 0.616232
vt 0.027051 0.616232
vt 0.023296 0.625456
vt 0.019541 0.625456
vt 0.027051 0.625456
vt 0.023296 0.634680
vt 0.019541 0.634680
vt 0.027051 0.634680
vt 0.023296 0.643904
vt 0.019541 0.643904
vt 0.027051 0.643904
vt 0.023296 0.653128
vt 0.019541 0.653128
vt 0.027051 0.653128
vt 0.023296 0.662351
vt 0.019541 0.662351
vt 0.027051 0.662351
vt 0.023296 0.671575
vt 0.019541 0.671575
vt 0.027051 0.671575
vt 0.023296 0.680799
vt 0.019541 0.680799
vt 0.027051 0.680799
vt 0.023296 0.690023
vt 0.019541 0.690023
vt 0.027051 0.690023
vt 0.023296 0.699246
vt 0.019541 0.699246
vt 0.027051 0.699246
vt 0.023296 0.708470
vt 0.019541 0.708470
vt 0.027051 0.708470
vt 0.023296 0.717694
vt 0.019541 0.717694
vt 0.027051 0.717694
vt 0.023296 0.726918
vt 0.019541 0.726918
vt 0.027051 0.726918
vt 0.023296 0.736142
vt 0.019541 0.736142
vt 0.027051 0.736142
vt 0.023296 0.736855
vt 0.019451 0.736855
vt 0.027141 0.736855
vt 0.023296 0.737416
vt 0.018957 0.737416
vt 0.027635 0.737416
vt 0.023296 0.737897
vt 0.017947 0.737897
vt 0.028645 0.737897
vt 0.023296 0.738457
vt 0.016394 0.738457
vt 0.030199 0.738457
vt 0.023296 0.739171
vt 0.014377 0.739171
vt 0.032215 0.739171
vt 0.043983 0.514771
vt 0.047737 0.514771
vt 0.047737 0.523995
vt 0.043983 0.523995
vt 0.051492 0.514771
vt 0.051492 0.523995
vt 0.047737 0.533218
vt 0.043983 0.533218
vt 0.051492 0.533218
vt 0.047737 0.542442
vt 0.043983 0.542442
vt 0.051492 0.542442
vt 0.047737 0.551666
vt 0.043983 0.551666
vt 0.051492 0.551666
vt 0.047737 0.560890
vt 0.043983 0.560890
vt 0.051492 0.560890
vt 0.047737 0.570113
vt 0.043983 0.570113
vt 0.051492 0.570113
vt 0.047737 0.579337
vt 0.043983 0.579337
vt 0.051492 0.579337
vt 0.047737 0.588561
vt 0.043983 0.588561
vt 0.051492 0.588561
vt 0.047737 0.597785
vt 0.043983 0.597785
vt 0.051492 0.597785
vt 0.047737 0.607009
vt 0.043983 0.607009
vt 0.051492 0.607009
vt 0.047737 0.616232
vt 0.043983 0.616232
vt 0.051492 0.616232
vt 0.047737 0.625456
vt 0.043983 0.625456
vt 0.051492 0.625456
vt 0.047737 0.634680
vt 0.043983 0.634680
vt 0.051492 0.634680
vt 0.047737 0.643904
vt 0.043983 0.643904
vt 0.051492 0.643904
vt 0.047737 0.653128
vt 0.043983 0.653128
vt 0.051492 0.653128
vt 0.047737 0.662351
vt 0.043983 0.662351
vt 0.051492 0.662351
vt 0.047737 0.671575
vt 0.043983 0.671575
vt 0.051492 0.671575
vt 0.047737 0.680799
vt 0.043983 0.680799
vt 0.051492 0.680799
vt 0.047737 0.690023
vt 0.043983 0.690023
vt 0.051492 0.690023
vt 0.047737 0.699246
vt 0.043983 0.699246
vt 0.051492 0.699246
vt 0.047737 0.708470
vt 0.043983 0.708470
vt 0.051492 0.708470
vt 0.047737 0.717694
vt 0.043983 0.717694
vt 0.051492 0.717694
vt 0.047737 0.726918
vt 0.043983 0.726918
vt 0.051492 0.726918
vt 0.047737 0.736142
vt 0.043983 0.736142
vt 0.051492 0.736142
vt 0.047737 0.736855
vt 0.043892 0.736855
vt 0.051582 0.736855
vt 0.047737 0.737416
vt 0.043398 0.737416
vt 0.052077 0.737416
vt 0.047737 0.737897
vt 0.042388 0.737897
vt 0.053086 0.737897
vt 0.047737 0.738457
vt 0.040835 0.738457
vt 0.054640 0.738457
vt 0.047737 0.739171
vt 0.038818 0.739171
vt 0.056657 0.739171
vt 0.831569 0.100606
vt 0.831343 0.114235
vt 0.826223 0.091873
vt 0.829457 0.080392
vt 0.830297 0.125306
vt 0.823673 0.102359
vt 0.821905 0.071636
vt 0.826947 0.062222
vt 0.828182 0.130305
vt 0.822492 0.110842
vt 0.818364 0.081580
vt 0.819193 0.055635
vt 0.824210 0.047183
vt 0.815685 0.065125
vt 0.817133 0.041727
vt 0.821115 0.034452
vt 0.814262 0.050110
vt 0.814775 0.027766
vt 0.817531 0.023212
vt 0.812721 0.033660
vt 0.812077 0.009474
vt 0.813704 0.012722
vt 0.811071 0.010389
vt 0.853915 0.100606
vt 0.853689 0.114235
vt 0.848569 0.091873
vt 0.851803 0.080392
vt 0.852644 0.125306
vt 0.846019 0.102359
vt 0.844252 0.071636
vt 0.849293 0.062222
vt 0.850528 0.130305
vt 0.844838 0.110842
vt 0.840710 0.081580
vt 0.841539 0.055635
vt 0.846556 0.047182
vt 0.838031 0.065124
vt 0.839479 0.041727
vt 0.843461 0.034452
vt 0.836608 0.050110
vt 0.837121 0.027766
vt 0.839878 0.023212
vt 0.835067 0.033660
vt 0.834423 0.009474
vt 0.836050 0.012722
vt 0.833417 0.010389
vt 0.955348 0.183332
vt 0.955139 0.198568
vt 0.950382 0.180099
vt 0.953386 0.165289
vt 0.954167 0.213428
vt 0.948012 0.195029
vt 0.946370 0.164161
vt 0.951054 0.151001
vt 0.952201 0.224066
vt 0.946915 0.210195
vt 0.943079 0.179026
vt 0.943849 0.153281
vt 0.948511 0.140751
vt 0.949989 0.229857
vt 0.946453 0.225483
vt 0.942577 0.197293
vt 0.940590 0.167807
vt 0.941936 0.145400
vt 0.945635 0.133934
vt 0.943468 0.217264
vt 0.940136 0.186319
vt 0.939268 0.158533
vt 0.939744 0.138460
vt 0.942306 0.129945
vt 0.937836 0.148369
vt 0.937238 0.130475
vt 0.938749 0.127373
vt 0.936303 0.134484
vt 0.966987 0.069700
vt 0.966761 0.086098
vt 0.961641 0.066220
vt 0.964875 0.050282
vt 0.965716 0.102091
vt 0.959092 0.082289
vt 0.957324 0.049067
vt 0.962366 0.034904
vt 0.963600 0.113540
vt 0.957910 0.098612
vt 0.953783 0.065066
vt 0.954611 0.037357
vt 0.959628 0.023872
vt 0.961219 0.119773
vt 0.957413 0.115065
vt 0.953241 0.084725
vt 0.951104 0.052991
vt 0.952551 0.028875
vt 0.956533 0.016535
vt 0.954201 0.106220
vt 0.950615 0.072915
vt 0.949681 0.043010
vt 0.950193 0.021406
vt 0.952950 0.012242
vt 0.948139 0.032070
vt 0.947495 0.012813
vt 0.949122 0.009474
vt 0.946489 0.017127
vt 0.907181 0.156031
vt 0.906955 0.170802
vt 0.901836 0.158736
vt 0.905070 0.142610
vt 0.905910 0.187433
vt 0.899286 0.176082
vt 0.897518 0.149264
vt 0.902560 0.134146
vt 0.903794 0.202264
vt 0.898104 0.195871
vt 0.893977 0.167029
vt 0.894805 0.144982
vt 0.899822 0.130078
vt 0.901413 0.213437
vt 0.897607 0.216882
vt 0.893436 0.190091
vt 0.891298 0.162572
vt 0.894395 0.215800
vt 0.890809 0.185533
vt 0.891830 0.211180
vt 0.888885 0.176257
vt 0.887514 0.192470
vt 0.881137 0.178873
vt 0.884021 0.162465
vt 0.885112 0.206521
vt 0.879568 0.198187
vt 0.876025 0.168019
vt 0.879906 0.151536
vt 0.889402 0.161614
vt 0.887564 0.147511
vt 0.882518 0.216834
vt 0.878656 0.218954
vt 0.875029 0.190815
vt 0.873444 0.162653
vt 0.877288 0.146333
vt 0.885230 0.138210
vt 0.875476 0.216767
vt 0.872502 0.185367
vt 0.882583 0.133211
vt 0.873012 0.211278
vt 0.695965 0.354123
vt 0.687045 0.350429
vt 0.687045 0.339735
vt 0.703526 0.346561
vt 0.693948 0.356140
vt 0.687045 0.353281
vt 0.678126 0.354123
vt 0.670564 0.346561
vt 0.687045 0.332590
vt 0.708578 0.341509
vt 0.699659 0.363042
vt 0.710353 0.363042
vt 0.692394 0.357693
vt 0.687045 0.355477
vt 0.680143 0.356140
vt 0.674431 0.363042
vt 0.663738 0.363042
vt 0.665512 0.341509
vt 0.695965 0.371962
vt 0.703526 0.379523
vt 0.691384 0.358703
vt 0.687045 0.356906
vt 0.681696 0.357693
vt 0.678126 0.371962
vt 0.670564 0.379523
vt 0.687045 0.375656
vt 0.687045 0.386350
vt 0.682706 0.358703
vt 0.687045 0.372804
vt 0.693948 0.369945
vt 0.708578 0.384576
vt 0.687045 0.393495
vt 0.680143 0.369945
vt 0.665512 0.384576
vt 0.687045 0.370607
vt 0.692394 0.368392
vt 0.681696 0.368392
vt 0.687045 0.369179
vt 0.691384 0.367382
vt 0.682706 0.367382
vt 0.641062 0.382438
vt 0.624581 0.389265
vt 0.624581 0.378572
vt 0.633500 0.374877
vt 0.646114 0.387491
vt 0.624581 0.396410
vt 0.608100 0.382438
vt 0.615662 0.374877
vt 0.624581 0.365958
vt 0.647888 0.365958
vt 0.637195 0.365958
vt 0.603048 0.387491
vt 0.601274 0.365958
vt 0.611967 0.365958
vt 0.641062 0.349477
vt 0.633500 0.357038
vt 0.608100 0.349477
vt 0.615662 0.357038
vt 0.624581 0.342650
vt 0.624581 0.353344
vt 0.624581 0.335505
vt 0.646114 0.344424
vt 0.603048 0.344424
vt 0.794465 0.208671
vt 0.795365 0.210226
vt 0.794465 0.213980
vt 0.795737 0.213980
vt 0.793566 0.210226
vt 0.795365 0.217735
vt 0.793194 0.213980
vt 0.794465 0.219290
vt 0.793566 0.217735
vt 0.805432 0.037293
vt 0.802186 0.036803
vt 0.802860 0.009474
vt 0.804553 0.012414
vt 0.805697 0.055300
vt 0.801541 0.055714
vt 0.798290 0.038065
vt 0.800916 0.012603
vt 0.808354 0.038668
vt 0.806884 0.022074
vt 0.805495 0.072118
vt 0.800954 0.072981
vt 0.796353 0.056387
vt 0.809336 0.055019
vt 0.794070 0.040212
vt 0.798082 0.022531
vt 0.804389 0.089361
vt 0.799804 0.090682
vt 0.795028 0.073063
vt 0.809341 0.070872
vt 0.790648 0.057195
vt 0.793852 0.090009
vt 0.788408 0.072764
vt 0.797467 0.110903
vt 0.792360 0.109146
vt 0.787216 0.088350
vt 0.794538 0.132393
vt 0.790710 0.129386
vt 0.786937 0.105392
vt 0.787826 0.121966
vt 0.864423 0.049195
vt 0.860328 0.059786
vt 0.859849 0.041307
vt 0.862839 0.032745
vt 0.865871 0.064209
vt 0.861117 0.075756
vt 0.855833 0.071487
vt 0.856695 0.051209
vt 0.859129 0.015755
vt 0.860344 0.009474
vt 0.866914 0.080665
vt 0.862055 0.091655
vt 0.855763 0.088339
vt 0.857954 0.029225
vt 0.867284 0.101443
vt 0.862983 0.109926
vt 0.856537 0.103175
vt 0.858207 0.117414
vt 0.863907 0.129390
vt 0.860764 0.129013
vt 0.927751 0.081022
vt 0.931869 0.080637
vt 0.931423 0.098189
vt 0.928225 0.097733
vt 0.927737 0.065414
vt 0.932272 0.064612
vt 0.936724 0.080013
vt 0.935085 0.097017
vt 0.930961 0.123552
vt 0.929300 0.120823
vt 0.924002 0.081282
vt 0.925258 0.096458
vt 0.928494 0.049410
vt 0.933074 0.048184
vt 0.937794 0.064536
vt 0.923696 0.066570
vt 0.941949 0.079263
vt 0.938978 0.095025
vt 0.932796 0.120648
vt 0.926988 0.111858
vt 0.930332 0.031511
vt 0.934716 0.029418
vt 0.938625 0.048809
vt 0.924399 0.051552
vt 0.943809 0.064814
vt 0.935452 0.111434
vt 0.932711 0.012656
vt 0.936777 0.009474
vt 0.939549 0.031048
vt 0.944661 0.050349
vt 0.940519 0.012264
vt 0.944606 0.034533
vt 0.943414 0.019151
vt 0.871584 0.089669
vt 0.875680 0.079078
vt 0.876159 0.097557
vt 0.873168 0.106119
vt 0.870136 0.074655
vt 0.874891 0.063108
vt 0.880175 0.067377
vt 0.879313 0.087655
vt 0.876879 0.123109
vt 0.875664 0.129390
vt 0.869094 0.058199
vt 0.873952 0.047209
vt 0.880244 0.050525
vt 0.878053 0.109638
vt 0.868724 0.037420
vt 0.873024 0.028938
vt 0.879470 0.035689
vt 0.877800 0.021450
vt 0.872101 0.009474
vt 0.875244 0.009851
vt 0.910791 0.043159
vt 0.908492 0.060389
vt 0.905892 0.044677
vt 0.907472 0.031464
vt 0.913823 0.053838
vt 0.911064 0.073321
vt 0.905972 0.079932
vt 0.904325 0.059720
vt 0.902243 0.023414
vt 0.902552 0.015697
vt 0.912645 0.030548
vt 0.909078 0.021901
vt 0.916667 0.067196
vt 0.913751 0.086388
vt 0.907899 0.095656
vt 0.915768 0.040047
vt 0.902822 0.037267
vt 0.903904 0.011931
vt 0.914278 0.020249
vt 0.910697 0.014166
vt 0.919427 0.086932
vt 0.916702 0.102506
vt 0.910319 0.108111
vt 0.918545 0.053057
vt 0.906842 0.009474
vt 0.922145 0.109862
vt 0.919785 0.120154
vt 0.913442 0.118526
vt 0.917021 0.125128
vt 0.852673 0.158176
vt 0.850556 0.174641
vt 0.848114 0.160701
vt 0.849568 0.148011
vt 0.855509 0.167450
vt 0.852968 0.185961
vt 0.848241 0.192774
vt 0.846678 0.174785
vt 0.844691 0.141536
vt 0.844970 0.134126
vt 0.850061 0.206469
vt 0.845245 0.154653
vt 0.855493 0.196935
vt 0.852335 0.216906
vt 0.891312 0.027054
vt 0.888464 0.033454
vt 0.885781 0.010641
vt 0.887559 0.009474
vt 0.893771 0.040396
vt 0.890218 0.049486
vt 0.885436 0.042164
vt 0.884541 0.017013
vt 0.894070 0.021814
vt 0.890660 0.012307
vt 0.895697 0.053761
vt 0.891823 0.064116
vt 0.886094 0.060222
vt 0.897040 0.032133
vt 0.882318 0.052034
vt 0.883353 0.030556
vt 0.897015 0.069050
vt 0.893154 0.079868
vt 0.887061 0.075764
vt 0.899126 0.044062
vt 0.881685 0.071785
vt 0.897656 0.088164
vt 0.894084 0.099273
vt 0.888281 0.090974
vt 0.900373 0.058385
vt 0.881855 0.088067
vt 0.897959 0.109198
vt 0.894817 0.120512
vt 0.889699 0.108037
vt 0.882904 0.102232
vt 0.891218 0.126034
vt 0.900151 0.095536
vt 0.900822 0.075891
vt 0.884909 0.115636
vt 0.887851 0.126257
vt 0.911640 0.192158
vt 0.913918 0.174438
vt 0.916547 0.189441
vt 0.914982 0.203098
vt 0.908588 0.182177
vt 0.911322 0.162254
vt 0.916410 0.154922
vt 0.918092 0.174283
vt 0.920230 0.210067
vt 0.919931 0.218042
vt 0.914452 0.140182
vt 0.919634 0.195950
vt 0.908606 0.150444
vt 0.912004 0.128949
vt 0.835332 0.149271
vt 0.835223 0.161848
vt 0.829148 0.159236
vt 0.829801 0.152679
vt 0.839335 0.148247
vt 0.839428 0.164347
vt 0.835504 0.176942
vt 0.829843 0.166768
vt 0.835638 0.137952
vt 0.831949 0.143648
vt 0.843074 0.149030
vt 0.843266 0.166620
vt 0.839577 0.184448
vt 0.839273 0.134148
vt 0.835981 0.193295
vt 0.832050 0.177750
vt 0.843284 0.189581
vt 0.842797 0.134126
vt 0.839757 0.206551
vt 0.843218 0.215228
vt 0.968268 0.200357
vt 0.970546 0.182637
vt 0.973175 0.197639
vt 0.971610 0.211297
vt 0.965216 0.190376
vt 0.967950 0.170453
vt 0.973038 0.163121
vt 0.974720 0.182482
vt 0.976858 0.218266
vt 0.976559 0.226241
vt 0.966420 0.214493
vt 0.970009 0.221962
vt 0.962342 0.178302
vt 0.965234 0.158642
vt 0.971080 0.148381
vt 0.963276 0.206010
vt 0.976262 0.204148
vt 0.975207 0.230555
vt 0.964785 0.226833
vt 0.968389 0.231126
vt 0.959533 0.161079
vt 0.962242 0.144756
vt 0.968633 0.137148
vt 0.960469 0.194300
vt 0.961730 0.219495
vt 0.972266 0.233894
vt 0.956755 0.141277
vt 0.959111 0.129828
vt 0.965481 0.128303
vt 0.961877 0.123594
vt 0.817461 0.185508
vt 0.817311 0.165699
vt 0.821384 0.173712
vt 0.821665 0.188530
vt 0.813622 0.182752
vt 0.813604 0.160038
vt 0.817132 0.143513
vt 0.820907 0.157396
vt 0.827045 0.184338
vt 0.827741 0.191703
vt 0.817553 0.200563
vt 0.821556 0.200356
vt 0.813670 0.134126
vt 0.813814 0.199071
vt 0.824838 0.173526
vt 0.827087 0.197890
vt 0.817615 0.213240
vt 0.821250 0.210685
vt 0.824940 0.206329
vt 0.775813 0.095592
vt 0.780211 0.084218
vt 0.780726 0.104062
vt 0.777514 0.113256
vt 0.774259 0.079468
vt 0.779364 0.067069
vt 0.785038 0.071653
vt 0.784113 0.093429
vt 0.781499 0.131501
vt 0.780195 0.138246
vt 0.772276 0.104594
vt 0.774654 0.119585
vt 0.773139 0.061797
vt 0.778357 0.049996
vt 0.785113 0.053557
vt 0.770443 0.089658
vt 0.782760 0.117036
vt 0.778383 0.139229
vt 0.769169 0.112406
vt 0.771968 0.124476
vt 0.772742 0.039484
vt 0.777360 0.030375
vt 0.784282 0.037625
vt 0.769339 0.072476
vt 0.767272 0.098735
vt 0.775218 0.135741
vt 0.772705 0.014842
vt 0.776368 0.009474
vt 0.782489 0.022335
vt 0.779743 0.009879
vt 0.614606 0.402005
vt 0.614606 0.423539
vt 0.606329 0.423539
vt 0.606329 0.400231
vt 0.614606 0.445072
vt 0.606329 0.446846
vt 0.598052 0.423539
vt 0.598052 0.402005
vt 0.598052 0.445072
vt 0.622306 0.445072
vt 0.622306 0.423539
vt 0.630584 0.423539
vt 0.630584 0.446846
vt 0.622306 0.402005
vt 0.630584 0.400231
vt 0.638861 0.423539
vt 0.638861 0.445072
vt 0.638861 0.402005
vt 0.071166 0.737416
vt 0.067412 0.737416
vt 0.067412 0.728192
vt 0.071166 0.728192
vt 0.063657 0.737416
vt 0.063657 0.728192
vt 0.067412 0.718968
vt 0.071166 0.718968
vt 0.063657 0.718968
vt 0.067412 0.709745
vt 0.071166 0.709745
vt 0.063657 0.709745
vt 0.067412 0.700521
vt 0.071166 0.700521
vt 0.063657 0.700521
vt 0.067412 0.691297
vt 0.071166 0.691297
vt 0.063657 0.691297
vt 0.067412 0.682073
vt 0.071166 0.682073
vt 0.063657 0.682073
vt 0.067412 0.672849
vt 0.071166 0.672849
vt 0.063657 0.672849
vt 0.067412 0.663626
vt 0.071166 0.663626
vt 0.063657 0.663626
vt 0.067412 0.654402
vt 0.071166 0.654402
vt 0.063657 0.654402
vt 0.067412 0.645178
vt 0.071166 0.645178
vt 0.063657 0.645178
vt 0.067412 0.635954
vt 0.071166 0.635954
vt 0.063657 0.635954
vt 0.067412 0.626730
vt 0.071166 0.626730
vt 0.063657 0.626730
vt 0.067412 0.617507
vt 0.071166 0.617507
vt 0.063657 0.617507
vt 0.067412 0.608283
vt 0.071166 0.608283
vt 0.063657 0.608283
vt 0.067412 0.599059
vt 0.071166 0.599059
vt 0.063657 0.599059
vt 0.067412 0.589835
vt 0.071166 0.589835
vt 0.063657 0.589835
vt 0.067412 0.580612
vt 0.071166 0.580612
vt 0.063657 0.580612
vt 0.067412 0.571388
vt 0.071166 0.571388
vt 0.063657 0.571388
vt 0.067412 0.562164
vt 0.071166 0.562164
vt 0.063657 0.562164
vt 0.067412 0.552940
vt 0.071166 0.552940
vt 0.063657 0.552940
vt 0.067412 0.543716
vt 0.071166 0.543716
vt 0.063657 0.543716
vt 0.067412 0.534493
vt 0.071166 0.534493
vt 0.063657 0.534493
vt 0.067412 0.525269
vt 0.071166 0.525269
vt 0.063657 0.525269
vt 0.067412 0.516045
vt 0.071166 0.516045
vt 0.063657 0.516045
vt 0.067412 0.515332
vt 0.071257 0.515332
vt 0.063567 0.515332
vt 0.067412 0.514771
vt 0.071751 0.514771
vt 0.063072 0.514771
vt 0.078583 0.514771
vt 0.082338 0.514771
vt 0.082338 0.523995
vt 0.078583 0.523995
vt 0.086092 0.514771
vt 0.086092 0.523995
vt 0.082338 0.533218
vt 0.078583 0.533218
vt 0.086092 0.533218
vt 0.082338 0.542442
vt 0.078583 0.542442
vt 0.086092 0.542442
vt 0.082338 0.551666
vt 0.078583 0.551666
vt 0.086092 0.551666
vt 0.082338 0.560890
vt 0.078583 0.560890
vt 0.086092 0.560890
vt 0.082338 0.570113
vt 0.078583 0.570113
vt 0.086092 0.570113
vt 0.082338 0.579337
vt 0.078583 0.579337
vt 0.086092 0.579337
vt 0.082338 0.588561
vt 0.078583 0.588561
vt 0.086092 0.588561
vt 0.082338 0.597785
vt 0.078583 0.597785
vt 0.086092 0.597785
vt 0.082338 0.607009
vt 0.078583 0.607009
vt 0.086092 0.607009
vt 0.082338 0.616232
vt 0.078583 0.616232
vt 0.086092 0.616232
vt 0.082338 0.625456
vt 0.078583 0.625456
vt 0.086092 0.625456
vt 0.082338 0.634680
vt 0.078583 0.634680
vt 0.086092 0.634680
vt 0.082338 0.643904
vt 0.078583 0.643904
vt 0.086092 0.643904
vt 0.082338 0.653128
vt 0.078583 0.653128
vt 0.086092 0.653128
vt 0.082338 0.662351
vt 0.078583 0.662351
vt 0.086092 0.662351
vt 0.082338 0.671575
vt 0.078583 0.671575
vt 0.086092 0.671575
vt 0.082338 0.680799
vt 0.078583 0.680799
vt 0.086092 0.680799
vt 0.082338 0.690023
vt 0.078583 0.690023
vt 0.086092 0.690023
vt 0.082338 0.699246
vt 0.078583 0.699246
vt 0.086092 0.699246
vt 0.082338 0.708470
vt 0.078583 0.708470
vt 0.086092 0.708470
vt 0.082338 0.717694
vt 0.078583 0.717694
vt 0.086092 0.717694
vt 0.082338 0.726918
vt 0.078583 0.726918
vt 0.086092 0.726918
vt 0.082338 0.736142
vt 0.078583 0.736142
vt 0.086092 0.736142
vt 0.082338 0.736855
vt 0.078493 0.736855
vt 0.086183 0.736855
vt 0.082338 0.737416
vt 0.077998 0.737416
vt 0.086677 0.737416
vt 0.797585 0.171014
vt 0.797342 0.186931
vt 0.791826 0.173929
vt 0.795310 0.156553
vt 0.796216 0.204850
vt 0.789078 0.192620
vt 0.787173 0.163723
vt 0.792606 0.147433
vt 0.783358 0.182865
vt 0.784250 0.159109
vt 0.789657 0.143050
vt 0.776198 0.198722
vt 0.790991 0.198222
vt 0.781062 0.220668
vt 0.763699 0.208801
vt 0.773389 0.239528
vt 0.756295 0.220053
vt 0.934896 0.187041
vt 0.934217 0.203213
vt 0.929671 0.180940
vt 0.933328 0.166694
vt 0.932732 0.218562
vt 0.926687 0.195632
vt 0.925845 0.161757
vt 0.931250 0.150151
vt 0.921878 0.175896
vt 0.923462 0.148747
vt 0.928825 0.137807
vt 0.921637 0.139248
vt 0.925940 0.128949
vt 0.787195 0.239222
vt 0.784255 0.227709
vt 0.788834 0.208671
vt 0.791389 0.227799
vt 0.798992 0.168605
vt 0.799218 0.152207
vt 0.804338 0.172085
vt 0.801104 0.188023
vt 0.800264 0.136214
vt 0.806888 0.156016
vt 0.808656 0.189237
vt 0.803614 0.203401
vt 0.812197 0.173239
vt 0.811368 0.200947
vt 0.806351 0.214433
vt 0.779169 0.239280
vt 0.778892 0.217175
vt 0.782631 0.208671
vt 0.782693 0.226402
vt 0.856916 0.159736
vt 0.857158 0.145100
vt 0.862656 0.169113
vt 0.859183 0.181442
vt 0.858281 0.133211
vt 0.865394 0.157853
vt 0.867292 0.190845
vt 0.861879 0.200954
vt 0.871095 0.180166
vt 0.870206 0.208027
vt 0.864818 0.217104
vn -0.401694 -0.903423 0.149899
vn -0.401694 -0.903423 0.149899
vn -0.401694 -0.903423 0.149899
vn -0.401694 -0.903423 0.149899
vn -0.178055 -0.903428 0.390018
vn -0.178055 -0.903428 0.390018
vn -0.178055 -0.903428 0.390018
vn -0.178055 -0.903428 0.390018
vn 0.149888 -0.903430 0.401681
vn 0.149888 -0.903430 0.401681
vn 0.149888 -0.903430 0.401681
vn 0.149888 -0.903430 0.401681
vn 0.390027 -0.903424 0.178053
vn 0.390027 -0.903424 0.178053
vn 0.390027 -0.903424 0.178053
vn 0.390027 -0.903424 0.178053
vn 0.401695 -0.903424 -0.149888
vn 0.401695 -0.903424 -0.149888
vn 0.401695 -0.903424 -0.149888
vn 0.401695 -0.903424 -0.149888
vn 0.178054 -0.903422 -0.390032
vn 0.178054 -0.903422 -0.390032
vn 0.178054 -0.903422 -0.390032
vn 0.178054 -0.903422 -0.390032
vn -0.149888 -0.903430 -0.401681
vn -0.149888 -0.903430 -0.401681
vn -0.149888 -0.903430 -0.401681
vn -0.149888 -0.903430 -0.401681
vn -0.390027 -0.903424 -0.178058
vn -0.390027 -0.903424 -0.178058
vn -0.390027 -0.903424 -0.178058
vn -0.390027 -0.903424 -0.178058
vn -0.682391 -0.685204 0.254632
vn -0.682391 -0.685204 0.254632
vn -0.682391 -0.685204 0.254632
vn -0.682391 -0.685204 0.254632
vn -0.302475 -0.685204 0.662574
vn -0.302475 -0.685204 0.662574
vn -0.302475 -0.685204 0.662574
vn -0.302475 -0.685204 0.662574
vn 0.254625 -0.685201 0.682397
vn 0.254625 -0.685201 0.682397
vn 0.254625 -0.685201 0.682397
vn 0.254625 -0.685201 0.682397
vn 0.662571 -0.685204 0.302480
vn 0.662571 -0.685204 0.302480
vn 0.662571 -0.685204 0.302480
vn 0.662571 -0.685204 0.302480
vn 0.682391 -0.685204 -0.254632
vn 0.682391 -0.685204 -0.254632
vn 0.682391 -0.685204 -0.254632
vn 0.682391 -0.685204 -0.254632
vn 0.302475 -0.685203 -0.662576
vn 0.302475 -0.685203 -0.662576
vn 0.302475 -0.685203 -0.662576
vn 0.302475 -0.685203 -0.662576
vn -0.254625 -0.685203 -0.682395
vn -0.254625 -0.685203 -0.682395
vn -0.254625 -0.685203 -0.682395
vn -0.254625 -0.685203 -0.682395
vn -0.662572 -0.685206 -0.302476
vn -0.662572 -0.685206 -0.302476
vn -0.662572 -0.685206 -0.302476
vn -0.662572 -0.685205 -0.302476
vn -0.902188 -0.269687 0.336638
vn -0.902188 -0.269687 0.336638
vn -0.902188 -0.269687 0.336638
vn -0.902188 -0.269687 0.336638
vn -0.399904 -0.269688 0.875982
vn -0.399904 -0.269688 0.875982
vn -0.399904 -0.269688 0.875982
vn -0.399904 -0.269688 0.875982
vn 0.336645 -0.269690 0.902185
vn 0.336645 -0.269690 0.902185
vn 0.336645 -0.269690 0.902185
vn 0.336645 -0.269690 0.902185
vn 0.875982 -0.269686 0.399905
vn 0.875982 -0.269686 0.399905
vn 0.875982 -0.269686 0.399905
vn 0.875982 -0.269686 0.399905
vn 0.902188 -0.269686 -0.336640
vn 0.902188 -0.269686 -0.336640
vn 0.902188 -0.269686 -0.336640
vn 0.902188 -0.269686 -0.336640
vn 0.399904 -0.269687 -0.875982
vn 0.399904 -0.269687 -0.875982
vn 0.399904 -0.269687 -0.875982
vn 0.399904 -0.269687 -0.875982
vn -0.336640 -0.269685 -0.902188
vn -0.336640 -0.269685 -0.902188
vn -0.336640 -0.269685 -0.902188
vn -0.336640 -0.269685 -0.902188
vn -0.875985 -0.269687 -0.399899
vn -0.875985 -0.269687 -0.399899
vn -0.875985 -0.269687 -0.399899
vn -0.875985 -0.269687 -0.399899
vn -0.902189 0.269680 0.336641
vn -0.902189 0.269680 0.336641
vn -0.902189 0.269680 0.336641
vn -0.902189 0.269680 0.336641
vn -0.399903 0.269680 0.875985
vn -0.399903 0.269680 0.875985
vn -0.399903 0.269680 0.875985
vn -0.399903 0.269680 0.875985
vn 0.336636 0.269676 0.902192
vn 0.336636 0.269676 0.902192
vn 0.336636 0.269676 0.902192
vn 0.336636 0.269676 0.902192
vn 0.875984 0.269679 0.399907
vn 0.875984 0.269679 0.399907
vn 0.875984 0.269679 0.399907
vn 0.875984 0.269679 0.399907
vn 0.902191 0.269679 -0.336638
vn 0.902191 0.269679 -0.336638
vn 0.902191 0.269679 -0.336638
vn 0.902191 0.269679 -0.336638
vn 0.399903 0.269679 -0.875985
vn 0.399903 0.269679 -0.875985
vn 0.399903 0.269679 -0.875985
vn 0.399903 0.269679 -0.875985
vn -0.336646 0.269683 -0.902187
vn -0.336646 0.269683 -0.902187
vn -0.336646 0.269683 -0.902187
vn -0.336646 0.269683 -0.902187
vn -0.875984 0.269679 -0.399906
vn -0.875984 0.269679 -0.399906
vn -0.875984 0.269679 -0.399906
vn -0.875984 0.269679 -0.399906
vn -0.682391 0.685204 0.254632
vn -0.682391 0.685204 0.254632
vn -0.682391 0.685204 0.254632
vn -0.682391 0.685204 0.254632
vn -0.302475 0.685204 0.662574
vn -0.302475 0.685204 0.662574
vn -0.302475 0.685204 0.662574
vn -0.302475 0.685204 0.662574
vn 0.254630 0.685215 0.682381
vn 0.254630 0.685215 0.682381
vn 0.254630 0.685215 0.682381
vn 0.254630 0.685215 0.682381
vn 0.662573 0.685206 0.302473
vn 0.662573 0.685206 0.302473
vn 0.662573 0.685206 0.302473
vn 0.662573 0.685206 0.302473
vn 0.682392 0.685205 -0.254628
vn 0.682392 0.685205 -0.254628
vn 0.682392 0.685205 -0.254628
vn 0.682392 0.685205 -0.254628
vn 0.302480 0.685214 -0.662562
vn 0.302480 0.685214 -0.662562
vn 0.302480 0.685214 -0.662562
vn 0.302480 0.685214 -0.662562
vn -0.254626 0.685206 -0.682392
vn -0.254626 0.685206 -0.682392
vn -0.254626 0.685206 -0.682392
vn -0.254626 0.685206 -0.682392
vn -0.662573 0.685206 -0.302473
vn -0.662573 0.685206 -0.302473
vn -0.662573 0.685206 -0.302473
vn -0.662573 0.685206 -0.302473
vn -0.401678 0.903431 0.149889
vn -0.401678 0.903431 0.149889
vn -0.401678 0.903431 0.149889
vn -0.401678 0.903431 0.149889
vn -0.178046 0.903428 0.390023
vn -0.178046 0.903428 0.390023
vn -0.178046 0.903428 0.390023
vn -0.178046 0.903428 0.390023
vn 0.149882 0.903432 0.401680
vn 0.149882 0.903432 0.401680
vn 0.149882 0.903432 0.401680
vn 0.149882 0.903432 0.401680
vn 0.390012 0.903432 0.178049
vn 0.390012 0.903432 0.178049
vn 0.390012 0.903432 0.178049
vn 0.390012 0.903432 0.178049
vn 0.401679 0.903433 -0.149879
vn 0.401679 0.903433 -0.149879
vn 0.401679 0.903433 -0.149879
vn 0.401679 0.903433 -0.149879
vn 0.178047 0.903428 -0.390023
vn 0.178047 0.903428 -0.390023
vn 0.178047 0.903428 -0.390023
vn 0.178047 0.903428 -0.390023
vn -0.149880 0.903424 -0.401698
vn -0.149880 0.903424 -0.401698
vn -0.149880 0.903424 -0.401698
vn -0.149880 0.903424 -0.401698
vn -0.390013 0.903433 -0.178044
vn -0.390013 0.903433 -0.178044
vn -0.390013 0.903433 -0.178044
vn -0.390013 0.903433 -0.178044
vn -0.131057 0.990167 0.048921
vn -0.131057 0.990167 0.048921
vn -0.131057 0.990167 0.048921
vn -0.058092 0.990166 0.127265
vn -0.058092 0.990166 0.127265
vn -0.058092 0.990166 0.127265
vn 0.048902 0.990167 0.131061
vn 0.048902 0.990167 0.131061
vn 0.048902 0.990167 0.131061
vn 0.127250 0.990166 0.058121
vn 0.127250 0.990166 0.058121
vn 0.127250 0.990166 0.058121
vn 0.131057 0.990169 -0.048892
vn 0.131057 0.990169 -0.048892
vn 0.131057 0.990169 -0.048892
vn 0.058092 0.990166 -0.127264
vn 0.058092 0.990166 -0.127264
vn 0.058092 0.990166 -0.127264
vn -0.048902 0.990167 -0.131061
vn -0.048902 0.990167 -0.131061
vn -0.048902 0.990167 -0.131061
vn -0.127250 0.990166 -0.058121
vn -0.127250 0.990166 -0.058121
vn -0.127250 0.990166 -0.058121
vn -0.936902 0.000000 0.349593
vn -0.936902 0.000000 0.349593
vn -0.936901 0.000000 0.349593
vn -0.936901 0.000000 0.349593
vn -0.415289 0.000000 0.909689
vn -0.415289 0.000000 0.909689
vn -0.415289 0.000000 0.909689
vn -0.415289 0.000000 0.909689
vn 0.349593 0.000000 0.936902
vn 0.349593 0.000000 0.936902
vn 0.349594 0.000000 0.936901
vn 0.349594 0.000000 0.936901
vn 0.909689 0.000000 0.415289
vn 0.909689 0.000000 0.415289
vn 0.909689 0.000000 0.415289
vn 0.909689 0.000000 0.415289
vn 0.936901 0.000000 -0.349594
vn 0.936901 0.000000 -0.349594
vn 0.936901 0.000000 -0.349594
vn 0.936901 0.000000 -0.349594
vn 0.415290 0.000000 -0.909689
vn 0.415290 0.000000 -0.909689
vn 0.415289 0.000000 -0.909689
vn 0.415289 0.000000 -0.909689
vn -0.349594 0.000000 -0.936901
vn -0.349594 0.000000 -0.936901
vn -0.349594 0.000000 -0.936901
vn -0.349594 0.000000 -0.936901
vn -0.909689 0.000000 -0.415290
vn -0.909689 0.000000 -0.415290
vn -0.909689 0.000000 -0.415289
vn -0.909689 0.000000 -0.415289
vn -0.936901 0.000000 0.349594
vn -0.936901 0.000000 0.349594
vn -0.415289 0.000000 0.909689
vn -0.415289 0.000000 0.909689
vn 0.349593 0.000000 0.936902
vn 0.349593 0.000000 0.936902
vn 0.909689 0.000000 0.415289
vn 0.909689 0.000000 0.415289
vn 0.936901 0.000000 -0.349594
vn 0.936901 0.000000 -0.349594
vn 0.415289 0.000000 -0.909689
vn 0.415289 0.000000 -0.909689
vn -0.349593 0.000000 -0.936901
vn -0.349593 0.000000 -0.936901
vn -0.909689 0.000000 -0.415289
vn -0.909689 0.000000 -0.415289
vn -0.936901 0.000000 0.349594
vn -0.936901 0.000000 0.349594
vn -0.415289 0.000000 0.909689
vn -0.415289 0.000000 0.909689
vn 0.349594 0.000000 0.936901
vn 0.349594 0.000000 0.936901
vn 0.909689 0.000000 0.415289
vn 0.909689 0.000000 0.415289
vn 0.936901 0.000000 -0.349594
vn 0.936901 0.000000 -0.349594
vn 0.415289 0.000000 -0.909689
vn 0.415289 0.000000 -0.909689
vn -0.349594 0.000000 -0.936901
vn -0.349594 0.000000 -0.936901
vn -0.909689 0.000000 -0.415289
vn -0.909689 0.000000 -0.415289
vn -0.936901 0.000000 0.349594
vn -0.936901 0.000000 0.349594
vn -0.415289 0.000000 0.909689
vn -0.415289 0.000000 0.909689
vn 0.349594 0.000000 0.936901
vn 0.349594 0.000000 0.936901
vn 0.909689 0.000000 0.415289
vn 0.909689 0.000000 0.415289
vn 0.936901 0.000000 -0.349594
vn 0.936901 0.000000 -0.349594
vn 0.415289 0.000000 -0.909689
vn 0.415289 0.000000 -0.909689
vn -0.349594 0.000000 -0.936901
vn -0.349594 0.000000 -0.936901
vn -0.909689 0.000000 -0.415289
vn -0.909689 0.000000 -0.415289
vn -0.936901 0.000000 0.349594
vn -0.936901 0.000000 0.349594
vn -0.415290 0.000000 0.909689
vn -0.415290 0.000000 0.909689
vn 0.349593 0.000000 0.936901
vn 0.349593 0.000000 0.936901
vn 0.909689 0.000000 0.415290
vn 0.909689 0.000000 0.415290
vn 0.936901 0.000000 -0.349594
vn 0.936901 0.000000 -0.349594
vn 0.415290 0.000000 -0.909689
vn 0.415290 0.000000 -0.909689
vn -0.349593 0.000000 -0.936901
vn -0.349593 0.000000 -0.936901
vn -0.909690 0.000000 -0.415289
vn -0.909690 0.000000 -0.415289
vn -0.936901 0.000000 0.349593
vn -0.936901 0.000000 0.349593
vn -0.415289 0.000000 0.909689
vn -0.415289 0.000000 0.909689
vn 0.349593 0.000000 0.936901
vn 0.349593 0.000000 0.936901
vn 0.909689 0.000000 0.415290
vn 0.909689 0.000000 0.415290
vn 0.936901 0.000000 -0.349594
vn 0.936901 0.000000 -0.349594
vn 0.415289 0.000000 -0.909689
vn 0.415289 0.000000 -0.909689
vn -0.349593 0.000000 -0.936901
vn -0.349593 0.000000 -0.936901
vn -0.909689 0.000000 -0.415290
vn -0.909689 0.000000 -0.415290
vn -0.936901 0.000000 0.349594
vn -0.936901 0.000000 0.349594
vn -0.415289 0.000000 0.909689
vn -0.415289 0.000000 0.909689
vn 0.349593 0.000000 0.936901
vn 0.349593 0.000000 0.936901
vn 0.909689 0.000000 0.415289
vn 0.909689 0.000000 0.415289
vn 0.936901 0.000000 -0.349594
vn 0.936901 0.000000 -0.349594
vn 0.415289 0.000000 -0.909689
vn 0.415289 0.000000 -0.909689
vn -0.349594 0.000000 -0.936901
vn -0.349594 0.000000 -0.936901
vn -0.909689 0.000000 -0.415290
vn -0.909689 0.000000 -0.415290
vn -0.936901 0.000000 0.349594
vn -0.936901 0.000000 0.349594
vn -0.415290 0.000000 0.909689
vn -0.415290 0.000000 0.909689
vn 0.349593 0.000000 0.936901
vn 0.349593 0.000000 0.936901
vn 0.909689 0.000000 0.415289
vn 0.909689 0.000000 0.415289
vn 0.936901 0.000000 -0.349594
vn 0.936901 0.000000 -0.349594
vn 0.415290 0.000000 -0.909689
vn 0.415290 0.000000 -0.909689
vn -0.349594 0.000000 -0.936901
vn -0.349594 0.000000 -0.936901
vn -0.909689 0.000000 -0.415289
vn -0.909689 0.000000 -0.415289
vn -0.936901 0.000000 0.349594
vn -0.936901 0.000000 0.349594
vn -0.415289 0.000000 0.909689
vn -0.415289 0.000000 0.909689
vn 0.349594 0.000000 0.936901
vn 0.349594 0.000000 0.936901
vn 0.909689 0.000000 0.415289
vn 0.909689 0.000000 0.415289
vn 0.936901 0.000000 -0.349594
vn 0.936901 0.000000 -0.349594
vn 0.415290 0.000000 -0.909689
vn 0.415290 0.000000 -0.909689
vn -0.349593 0.000000 -0.936901
vn -0.349593 0.000000 -0.936901
vn -0.909689 0.000000 -0.415289
vn -0.909689 0.000000 -0.415289
vn -0.936901 0.000000 0.349594
vn -0.936901 0.000000 0.349594
vn -0.415289 0.000000 0.909689
vn -0.415289 0.000000 0.909689
vn 0.349594 0.000000 0.936901
vn 0.349594 0.000000 0.936901
vn 0.909689 0.000000 0.415290
vn 0.909689 0.000000 0.415290
vn 0.936901 0.000000 -0.349594
vn 0.936901 0.000000 -0.349594
vn 0.415289 0.000000 -0.909689
vn 0.415289 0.000000 -0.909689
vn -0.349593 0.000000 -0.936901
vn -0.349593 0.000000 -0.936901
vn -0.909689 0.000000 -0.415289
vn -0.909689 0.000000 -0.415289
vn -0.936901 0.000000 0.349593
vn -0.936901 0.000000 0.349593
vn -0.415290 0.000000 0.909689
vn -0.415290 0.000000 0.909689
vn 0.349593 0.000000 0.936901
vn 0.349593 0.000000 0.936901
vn 0.909689 0.000000 0.415290
vn 0.909689 0.000000 0.415290
vn 0.936901 0.000000 -0.349594
vn 0.936901 0.000000 -0.349594
vn 0.415289 0.000000 -0.909689
vn 0.415289 0.000000 -0.909689
vn -0.349594 0.000000 -0.936901
vn -0.349594 0.000000 -0.936901
vn -0.909690 0.000000 -0.415289
vn -0.909690 0.000000 -0.415289
vn -0.936901 0.000000 0.349594
vn -0.936901 0.000000 0.349594
vn -0.415289 0.000000 0.909689
vn -0.415289 0.000000 0.909689
vn 0.349593 0.000000 0.936901
vn 0.349593 0.000000 0.936901
vn 0.909689 0.000000 0.415289
vn 0.909689 0.000000 0.415289
vn 0.936901 0.000000 -0.349594
vn 0.936901 0.000000 -0.349594
vn 0.415290 0.000000 -0.909689
vn 0.415290 0.000000 -0.909689
vn -0.349594 0.000000 -0.936901
vn -0.349594 0.000000 -0.936901
vn -0.909689 0.000000 -0.415290
vn -0.909689 0.000000 -0.415290
vn -0.936901 0.000000 0.349594
vn -0.936901 0.000000 0.349594
vn -0.415289 0.000000 0.909689
vn -0.415289 0.000000 0.909689
vn 0.349593 0.000000 0.936901
vn 0.349593 0.000000 0.936901
vn 0.909689 0.000000 0.415290
vn 0.909689 0.000000 0.415290
vn 0.936901 0.000000 -0.349594
vn 0.936901 0.000000 -0.349594
vn 0.415290 0.000000 -0.909689
vn 0.415290 0.000000 -0.909689
vn -0.349593 0.000000 -0.936901
vn -0.349593 0.000000 -0.936901
vn -0.909689 0.000000 -0.415290
vn -0.909689 0.000000 -0.415290
vn -0.936901 0.000000 0.349594
vn -0.936901 0.000000 0.349594
vn -0.415290 0.000000 0.909689
vn -0.415290 0.000000 0.909689
vn 0.349593 0.000000 0.936901
vn 0.349593 0.000000 0.936901
vn 0.909689 0.000000 0.415290
vn 0.909689 0.000000 0.415290
vn 0.936901 0.000000 -0.349594
vn 0.936901 0.000000 -0.349594
vn 0.415289 0.000000 -0.909689
vn 0.415289 0.000000 -0.909689
vn -0.349593 0.000000 -0.936901
vn -0.349593 0.000000 -0.936901
vn -0.909690 0.000000 -0.415289
vn -0.909690 0.000000 -0.415289
vn -0.936901 0.000000 0.349594
vn -0.936901 0.000000 0.349594
vn -0.415290 0.000000 0.909689
vn -0.415290 0.000000 0.909689
vn 0.349593 0.000000 0.936901
vn 0.349593 0.000000 0.936901
vn 0.909689 0.000000 0.415289
vn 0.909689 0.000000 0.415289
vn 0.936901 0.000000 -0.349595
vn 0.936901 0.000000 -0.349595
vn 0.415289 0.000000 -0.909689
vn 0.415289 0.000000 -0.909689
vn -0.349593 0.000000 -0.936901
vn -0.349593 0.000000 -0.936901
vn -0.909689 0.000000 -0.415289
vn -0.909689 0.000000 -0.415289
vn -0.936901 0.000000 0.349594
vn -0.936901 0.000000 0.349594
vn -0.415289 0.000000 0.909689
vn -0.415289 0.000000 0.909689
vn 0.349594 0.000000 0.936901
vn 0.349594 0.000000 0.936901
vn 0.909689 0.000000 0.415289
vn 0.909689 0.000000 0.415289
vn 0.936901 0.000000 -0.349594
vn 0.936901 0.000000 -0.349594
vn 0.415290 0.000000 -0.909689
vn 0.415290 0.000000 -0.909689
vn -0.349594 0.000000 -0.936901
vn -0.349594 0.000000 -0.936901
vn -0.909689 0.000000 -0.415289
vn -0.909689 0.000000 -0.415289
vn -0.936902 0.000000 0.349593
vn -0.936902 0.000000 0.349593
vn -0.415289 0.000000 0.909689
vn -0.415289 0.000000 0.909689
vn 0.349594 0.000000 0.936901
vn 0.349594 0.000000 0.936901
vn 0.909689 0.000000 0.415290
vn 0.909689 0.000000 0.415290
vn 0.936901 0.000000 -0.349594
vn 0.936901 0.000000 -0.349594
vn 0.415290 0.000000 -0.909689
vn 0.415290 0.000000 -0.909689
vn -0.349594 0.000000 -0.936901
vn -0.349594 0.000000 -0.936901
vn -0.909689 0.000000 -0.415289
vn -0.909689 0.000000 -0.415289
vn -0.936902 0.000000 0.349593
vn -0.936902 0.000000 0.349593
vn -0.415290 0.000000 0.909689
vn -0.415290 0.000000 0.909689
vn 0.349593 0.000000 0.936901
vn 0.349593 0.000000 0.936901
vn 0.909689 0.000000 0.415290
vn 0.909689 0.000000 0.415290
vn 0.936901 0.000000 -0.349594
vn 0.936901 0.000000 -0.349594
vn 0.415289 0.000000 -0.909689
vn 0.415289 0.000000 -0.909689
vn -0.349593 0.000000 -0.936901
vn -0.349593 0.000000 -0.936901
vn -0.909689 0.000000 -0.415290
vn -0.909689 0.000000 -0.415290
vn -0.936901 0.000000 0.349594
vn -0.936901 0.000000 0.349594
vn -0.415289 0.000000 0.909689
vn -0.415289 0.000000 0.909689
vn 0.349593 0.000000 0.936901
vn 0.349593 0.000000 0.936901
vn 0.909689 0.000000 0.415289
vn 0.909689 0.000000 0.415289
vn 0.936901 0.000000 -0.349594
vn 0.936901 0.000000 -0.349594
vn 0.415289 0.000000 -0.909689
vn 0.415289 0.000000 -0.909689
vn -0.349593 0.000000 -0.936901
vn -0.349593 0.000000 -0.936901
vn -0.909689 0.000000 -0.415290
vn -0.909689 0.000000 -0.415290
vn -0.936901 0.000000 0.349594
vn -0.936901 0.000000 0.349594
vn -0.415289 0.000000 0.909689
vn -0.415289 0.000000 0.909689
vn 0.349593 0.000000 0.936902
vn 0.349593 0.000000 0.936902
vn 0.909689 0.000000 0.415289
vn 0.909689 0.000000 0.415289
vn 0.936901 0.000000 -0.349594
vn 0.936901 0.000000 -0.349594
vn 0.415290 0.000000 -0.909689
vn 0.415290 0.000000 -0.909689
vn -0.349594 0.000000 -0.936901
vn -0.349594 0.000000 -0.936901
vn -0.909690 0.000000 -0.415289
vn -0.909690 0.000000 -0.415289
vn -0.936901 0.000000 0.349594
vn -0.936901 0.000000 0.349594
vn -0.415290 0.000000 0.909689
vn -0.415290 0.000000 0.909689
vn 0.349593 0.000000 0.936902
vn 0.349593 0.000000 0.936902
vn 0.909689 0.000000 0.415290
vn 0.909689 0.000000 0.415290
vn 0.936901 0.000000 -0.349594
vn 0.936901 0.000000 -0.349594
vn 0.415290 0.000000 -0.909689
vn 0.415290 0.000000 -0.909689
vn -0.349594 0.000000 -0.936901
vn -0.349594 0.000000 -0.936901
vn -0.909690 0.000000 -0.415289
vn -0.909690 0.000000 -0.415289
vn -0.936901 0.000000 0.349594
vn -0.936901 0.000000 0.349594
vn -0.415290 0.000000 0.909689
vn -0.415290 0.000000 0.909689
vn 0.349593 0.000000 0.936901
vn 0.349593 0.000000 0.936901
vn 0.909689 0.000000 0.415290
vn 0.909689 0.000000 0.415290
vn 0.936901 0.000000 -0.349594
vn 0.936901 0.000000 -0.349594
vn 0.415289 0.000000 -0.909689
vn 0.415289 0.000000 -0.909689
vn -0.349593 0.000000 -0.936901
vn -0.349593 0.000000 -0.936901
vn -0.909689 0.000000 -0.415289
vn -0.909689 0.000000 -0.415289
vn -0.936901 0.000000 0.349594
vn -0.936901 0.000000 0.349594
vn -0.415289 0.000000 0.909689
vn -0.415289 0.000000 0.909689
vn 0.349594 0.000000 0.936901
vn 0.349594 0.000000 0.936901
vn 0.909689 0.000000 0.415289
vn 0.909689 0.000000 0.415289
vn 0.936901 0.000000 -0.349594
vn 0.936901 0.000000 -0.349594
vn 0.415289 0.000000 -0.909689
vn 0.415289 0.000000 -0.909689
vn -0.349593 0.000000 -0.936901
vn -0.349593 0.000000 -0.936901
vn -0.909689 0.000000 -0.415290
vn -0.909689 0.000000 -0.415290
vn -0.936901 0.000000 0.349594
vn -0.936901 0.000000 0.349594
vn -0.415289 0.000000 0.909690
vn -0.415289 0.000000 0.909690
vn 0.349594 0.000000 0.936901
vn 0.349594 0.000000 0.936901
vn 0.909689 0.000000 0.415289
vn 0.909689 0.000000 0.415289
vn 0.936901 0.000000 -0.349594
vn 0.936901 0.000000 -0.349594
vn 0.415290 0.000000 -0.909689
vn 0.415290 0.000000 -0.909689
vn -0.349593 0.000000 -0.936901
vn -0.349593 0.000000 -0.936901
vn -0.909689 0.000000 -0.415290
vn -0.909689 0.000000 -0.415290
vn 0.000000 -1.000000 -0.000005
vn 0.000000 -1.000000 0.000021
vn 0.000000 -1.000000 0.000006
vn 0.000000 -1.000000 0.000005
vn 0.000000 -1.000000 0.000010
vn 0.000000 -1.000000 0.000000
vn 0.000000 -1.000000 0.000000
vn 0.000000 -1.000000 0.000000
vn 0.000000 -1.000000 0.000021
vn -0.924771 -0.160395 0.345067
vn -0.924771 -0.160395 0.345067
vn -0.936068 -0.042135 0.349288
vn -0.936068 -0.042135 0.349288
vn -0.897914 -0.160396 -0.409907
vn -0.897914 -0.160396 -0.409907
vn -0.908884 -0.042136 -0.414914
vn -0.908884 -0.042136 -0.414914
vn -0.345077 -0.160402 -0.924766
vn -0.345077 -0.160402 -0.924766
vn -0.349287 -0.042136 -0.936068
vn -0.349287 -0.042136 -0.936068
vn 0.409908 -0.160395 -0.897914
vn 0.409908 -0.160395 -0.897914
vn 0.414920 -0.042136 -0.908882
vn 0.414920 -0.042136 -0.908882
vn 0.924771 -0.160396 -0.345067
vn 0.924771 -0.160396 -0.345067
vn 0.936065 -0.042136 -0.349295
vn 0.936065 -0.042136 -0.349295
vn 0.897908 -0.160394 0.409921
vn 0.897908 -0.160394 0.409921
vn 0.908879 -0.042136 0.414925
vn 0.908879 -0.042136 0.414925
vn 0.345071 -0.160396 0.924770
vn 0.345071 -0.160396 0.924770
vn 0.349289 -0.042136 0.936067
vn 0.349289 -0.042136 0.936067
vn -0.409912 -0.160394 0.897912
vn -0.409912 -0.160394 0.897912
vn -0.414925 -0.042136 0.908879
vn -0.414925 -0.042136 0.908879
vn -0.682319 -0.685286 0.254606
vn -0.682319 -0.685286 0.254606
vn -0.684265 -0.683073 0.255328
vn -0.684265 -0.683073 0.255328
vn -0.662503 -0.685288 -0.302440
vn -0.662503 -0.685288 -0.302440
vn -0.664393 -0.683075 -0.303298
vn -0.664393 -0.683075 -0.303298
vn -0.254601 -0.685289 -0.682318
vn -0.254601 -0.685289 -0.682318
vn -0.255325 -0.683073 -0.684266
vn -0.255325 -0.683073 -0.684266
vn 0.302447 -0.685294 -0.662493
vn 0.302447 -0.685294 -0.662493
vn 0.303308 -0.683078 -0.664386
vn 0.303308 -0.683078 -0.664386
vn 0.682321 -0.685288 -0.254594
vn 0.682321 -0.685288 -0.254594
vn 0.684266 -0.683074 -0.255325
vn 0.684266 -0.683074 -0.255325
vn 0.662506 -0.685290 0.302429
vn 0.662506 -0.685290 0.302429
vn 0.664392 -0.683075 0.303302
vn 0.664392 -0.683075 0.303302
vn 0.254604 -0.685298 0.682308
vn 0.254604 -0.685298 0.682308
vn 0.255327 -0.683078 0.684261
vn 0.255327 -0.683078 0.684261
vn -0.302443 -0.685283 0.662507
vn -0.302442 -0.685283 0.662507
vn -0.303305 -0.683070 0.664395
vn -0.303305 -0.683070 0.664395
vn -0.714389 -0.646988 0.266562
vn -0.714389 -0.646988 0.266562
vn -0.693640 -0.646988 -0.316654
vn -0.693640 -0.646988 -0.316654
vn -0.266565 -0.646985 -0.714390
vn -0.266565 -0.646985 -0.714390
vn 0.316660 -0.646989 -0.693636
vn 0.316660 -0.646989 -0.693636
vn 0.714388 -0.646986 -0.266570
vn 0.714388 -0.646986 -0.266570
vn 0.693635 -0.646983 0.316675
vn 0.693635 -0.646983 0.316675
vn 0.266563 -0.646981 0.714395
vn 0.266563 -0.646981 0.714395
vn -0.316660 -0.646989 0.693637
vn -0.316660 -0.646989 0.693637
vn -0.831390 -0.461034 0.310222
vn -0.831390 -0.461034 0.310222
vn -0.807238 -0.461031 -0.368534
vn -0.807238 -0.461031 -0.368534
vn -0.310232 -0.461047 -0.831379
vn -0.310232 -0.461047 -0.831379
vn 0.368523 -0.461036 -0.807240
vn 0.368523 -0.461036 -0.807240
vn 0.831394 -0.461037 -0.310209
vn 0.831394 -0.461037 -0.310209
vn 0.807238 -0.461032 0.368532
vn 0.807238 -0.461032 0.368532
vn 0.310225 -0.461040 0.831386
vn 0.310225 -0.461040 0.831386
vn -0.368524 -0.461039 0.807238
vn -0.368524 -0.461039 0.807238
vn 0.878390 0.450565 -0.159441
vn 0.839298 0.473233 -0.267636
vn 0.866401 0.467160 -0.176383
vn 0.897336 0.435813 -0.069677
vn 0.755689 0.528328 -0.387044
vn 0.747717 0.555284 -0.364114
vn 0.703356 0.660111 -0.263711
vn 0.865253 0.500714 -0.024936
vn 0.895041 0.443082 0.050791
vn 0.647512 0.592868 -0.478786
vn 0.574382 0.649104 -0.498748
vn 0.554089 0.652862 -0.516485
vn 0.476395 0.698074 -0.534547
vn 0.378983 0.764703 -0.521154
vn 0.463786 0.750972 -0.470047
vn 0.783271 0.568720 0.251085
vn 0.721324 0.663057 0.200118
vn 0.649490 0.747709 0.138185
vn 0.727319 0.656267 0.200800
vn 0.532412 0.846434 -0.009274
vn 0.501045 0.864934 0.029047
vn 0.472698 0.878970 0.062998
vn 0.570201 0.809177 0.141789
vn 0.638411 0.767913 0.052354
vn 0.311713 0.916974 -0.248987
vn 0.390528 0.908238 -0.150304
vn 0.239376 0.907033 -0.346395
vn 0.311039 0.914444 -0.258933
vn 0.474340 0.869815 -0.135733
vn 0.397784 0.916019 -0.051734
vn 0.797875 0.585653 0.142849
vn 0.850145 0.491898 0.187856
vn 0.599565 0.794614 -0.095449
vn 0.344449 0.868352 -0.356819
vn 0.275437 0.850452 -0.448181
vn 0.840428 0.450564 0.301120
vn 0.860672 0.473233 0.187870
vn 0.838517 0.467159 0.280448
vn 0.811954 0.435813 0.388326
vn 0.847967 0.528329 0.042657
vn 0.829599 0.555284 0.058524
vn 0.740979 0.660113 0.123293
vn 0.761801 0.500714 0.411029
vn 0.749734 0.443082 0.491505
vn 0.800154 0.592870 -0.090879
vn 0.746802 0.649106 -0.144737
vn 0.738097 0.652864 -0.170241
vn 0.679843 0.698077 -0.224728
vn 0.588786 0.764704 -0.261837
vn 0.636673 0.750972 -0.175182
vn 0.552789 0.568720 0.609083
vn 0.524624 0.663057 0.533971
vn 0.493380 0.747709 0.444419
vn 0.529478 0.656267 0.537557
vn 0.465718 0.846435 0.258176
vn 0.419393 0.864934 0.275677
vn 0.377872 0.878970 0.290904
vn 0.422912 0.809176 0.407897
vn 0.526702 0.767912 0.364550
vn 0.394445 0.916974 -0.059773
vn 0.413358 0.908239 0.065096
vn 0.380505 0.907032 -0.180302
vn 0.398829 0.914446 -0.068725
vn 0.478660 0.869813 0.119626
vn 0.370363 0.916019 0.154081
vn 0.619555 0.585653 0.522649
vn 0.642319 0.491897 0.587761
vn 0.566963 0.794614 0.217121
vn 0.476714 0.868350 -0.136790
vn 0.462631 0.850449 -0.250418
vn -0.846945 0.495335 0.193203
vn -0.806692 0.507597 0.302645
vn -0.833922 0.509847 0.211260
vn -0.866615 0.488302 0.102667
vn -0.719895 0.548380 0.425477
vn -0.710099 0.576309 0.404509
vn -0.658644 0.684848 0.311724
vn -0.830192 0.553953 0.062589
vn -0.863558 0.503964 -0.016981
vn -0.607892 0.598904 0.521326
vn -0.531241 0.648599 0.545071
vn -0.510785 0.649732 0.562981
vn -0.430307 0.688289 0.584032
vn -0.328658 0.749093 0.575190
vn -0.414064 0.744691 0.523437
vn -0.743226 0.635859 -0.208082
vn -0.675279 0.722007 -0.150675
vn -0.598135 0.797081 -0.083046
vn -0.681711 0.715694 -0.151827
vn -0.475116 0.877071 0.070792
vn -0.442498 0.896132 0.033814
vn -0.413204 0.910638 0.000885
vn -0.514931 0.853257 -0.082459
vn -0.585945 0.810341 0.003980
vn -0.250790 0.915564 0.314399
vn -0.329779 0.919125 0.215533
vn -0.179501 0.893931 0.410691
vn -0.250306 0.912295 0.324137
vn -0.415935 0.887475 0.198460
vn -0.336276 0.934367 0.117797
vn -0.756930 0.645972 -0.098882
vn -0.815198 0.559334 -0.150327
vn -0.545763 0.823813 0.153218
vn -0.286936 0.861663 0.418575
vn -0.219478 0.832760 0.508271
vn -0.840429 0.450565 -0.301117
vn -0.860672 0.473233 -0.187869
vn -0.838517 0.467160 -0.280448
vn -0.811955 0.435814 -0.388324
vn -0.847967 0.528329 -0.042655
vn -0.829599 0.555284 -0.058525
vn -0.740979 0.660112 -0.123294
vn -0.761801 0.500715 -0.411028
vn -0.749735 0.443082 -0.491503
vn -0.800153 0.592870 0.090883
vn -0.746802 0.649106 0.144737
vn -0.738097 0.652864 0.170241
vn -0.679842 0.698077 0.224728
vn -0.588786 0.764705 0.261835
vn -0.636673 0.750972 0.175181
vn -0.552790 0.568721 -0.609081
vn -0.524625 0.663058 -0.533969
vn -0.493380 0.747708 -0.444420
vn -0.529477 0.656265 -0.537559
vn -0.465718 0.846435 -0.258175
vn -0.419393 0.864935 -0.275675
vn -0.377872 0.878972 -0.290898
vn -0.422913 0.809178 -0.407891
vn -0.526699 0.767908 -0.364562
vn -0.394445 0.916973 0.059776
vn -0.413358 0.908239 -0.065095
vn -0.380505 0.907031 0.180306
vn -0.398829 0.914446 0.068729
vn -0.478660 0.869813 -0.119626
vn -0.370363 0.916019 -0.154081
vn -0.619556 0.585654 -0.522646
vn -0.642323 0.491899 -0.587756
vn -0.566963 0.794614 -0.217120
vn -0.476714 0.868350 0.136792
vn -0.462631 0.850450 0.250417
vn 0.714154 0.439047 -0.545180
vn 0.628166 0.474789 -0.616428
vn 0.696703 0.457777 -0.552308
vn 0.774204 0.413825 -0.478911
vn 0.500864 0.545325 -0.672128
vn 0.507683 0.569783 -0.646224
vn 0.528321 0.664048 -0.529072
vn 0.774283 0.474267 -0.418995
vn 0.833131 0.407689 -0.373741
vn 0.367013 0.622895 -0.690872
vn 0.298614 0.683165 -0.666420
vn 0.272558 0.689480 -0.671066
vn 0.200274 0.738730 -0.643559
vn 0.128500 0.806334 -0.577333
vn 0.226035 0.784461 -0.577520
vn 0.847395 0.513512 -0.135004
vn 0.776242 0.614753 -0.139741
vn 0.690283 0.707889 -0.149670
vn 0.781194 0.607751 -0.142740
vn 0.523677 0.825889 -0.208970
vn 0.517346 0.840934 -0.158690
vn 0.511065 0.851942 -0.114052
vn 0.628804 0.770918 -0.101446
vn 0.639430 0.737853 -0.216105
vn 0.219276 0.929271 -0.297277
vn 0.335882 0.907239 -0.253182
vn 0.107356 0.932415 -0.345074
vn 0.213508 0.927887 -0.305679
vn 0.412258 0.864937 -0.286228
vn 0.392116 0.903768 -0.171604
vn 0.807187 0.541958 -0.233948
vn 0.867065 0.442248 -0.229380
vn 0.534155 0.782008 -0.321159
vn 0.189515 0.892009 -0.410371
vn 0.082833 0.886473 -0.455306
vn 0.577273 0.450564 0.680990
vn 0.651428 0.473232 0.593037
vn 0.585953 0.467158 0.662135
vn 0.509013 0.435812 0.742276
vn 0.713033 0.528329 0.460925
vn 0.689191 0.555284 0.465484
vn 0.580060 0.660111 0.477266
vn 0.454223 0.500714 0.736863
vn 0.403538 0.443081 0.800522
vn 0.738394 0.592871 0.321368
vn 0.719119 0.649105 0.248053
vn 0.724330 0.652867 0.221611
vn 0.701125 0.698077 0.145300
vn 0.640822 0.764704 0.067636
vn 0.638966 0.750972 0.166624
vn 0.174194 0.568723 0.803872
vn 0.187355 0.663057 0.724744
vn 0.205073 0.747708 0.631567
vn 0.189765 0.656268 0.730275
vn 0.274234 0.846433 0.456450
vn 0.225367 0.864933 0.448442
vn 0.181796 0.878970 0.440864
vn 0.162307 0.809180 0.564698
vn 0.273863 0.767910 0.579062
vn 0.371484 0.916975 0.145455
vn 0.325431 0.908236 0.263063
vn 0.419681 0.907031 0.034103
vn 0.379754 0.914448 0.139898
vn 0.354727 0.869801 0.342951
vn 0.243706 0.916014 0.318632
vn 0.275227 0.585654 0.762404
vn 0.262386 0.491899 0.830174
vn 0.382443 0.794614 0.471514
vn 0.481243 0.868350 0.119891
vn 0.525858 0.850450 0.014446
vn 0.248899 0.502643 -0.827889
vn 0.133837 0.512696 -0.848075
vn 0.226463 0.516714 -0.825664
vn 0.337175 0.497273 -0.799395
vn -0.016753 0.550481 -0.834680
vn -0.004105 0.578614 -0.815591
vn 0.048087 0.687946 -0.724167
vn 0.352218 0.563092 -0.747576
vn 0.438745 0.514769 -0.736557
vn -0.156884 0.598116 -0.785904
vn -0.216911 0.646485 -0.731442
vn -0.242697 0.647086 -0.722757
vn -0.302096 0.684313 -0.663666
vn -0.346737 0.743990 -0.571185
vn -0.258998 0.741450 -0.619008
vn 0.540834 0.648145 -0.536103
vn 0.455370 0.732543 -0.505982
vn 0.356663 0.805593 -0.473087
vn 0.459719 0.726332 -0.510980
vn 0.160295 0.881644 -0.443857
vn 0.175486 0.900878 -0.397019
vn 0.188941 0.915537 -0.355096
vn 0.313234 0.860722 -0.401301
vn 0.275057 0.817339 -0.506262
vn -0.163755 0.913552 -0.372299
vn -0.038679 0.919632 -0.390871
vn -0.282373 0.889539 -0.359146
vn -0.172347 0.910125 -0.376787
vn 0.020006 0.889314 -0.456859
vn 0.048760 0.936485 -0.347301
vn 0.453141 0.656715 -0.602817
vn 0.528601 0.571618 -0.627562
vn 0.125610 0.827975 -0.546516
vn -0.234564 0.858473 -0.456074
vn -0.345417 0.827343 -0.442933
vn -0.577276 0.450565 -0.680987
vn -0.651429 0.473233 -0.593035
vn -0.585954 0.467160 -0.662133
vn -0.509012 0.435815 -0.742275
vn -0.713035 0.528329 -0.460922
vn -0.689191 0.555285 -0.465483
vn -0.580059 0.660112 -0.477267
vn -0.454223 0.500714 -0.736862
vn -0.403537 0.443083 -0.800522
vn -0.738397 0.592870 -0.321365
vn -0.719119 0.649106 -0.248052
vn -0.724333 0.652863 -0.221610
vn -0.701126 0.698077 -0.145297
vn -0.640822 0.764705 -0.067635
vn -0.638965 0.750972 -0.166627
vn -0.174188 0.568720 -0.803876
vn -0.187353 0.663058 -0.724743
vn -0.205071 0.747710 -0.631566
vn -0.189759 0.656267 -0.730278
vn -0.274236 0.846435 -0.456446
vn -0.225367 0.864935 -0.448439
vn -0.181795 0.878970 -0.440865
vn -0.162307 0.809178 -0.564702
vn -0.273860 0.767913 -0.579060
vn -0.371486 0.916973 -0.145459
vn -0.325430 0.908239 -0.263052
vn -0.419679 0.907032 -0.034105
vn -0.379760 0.914446 -0.139895
vn -0.354720 0.869816 -0.342919
vn -0.243701 0.916019 -0.318621
vn -0.275226 0.585653 -0.762404
vn -0.262386 0.491898 -0.830175
vn -0.382443 0.794613 -0.471516
vn -0.481241 0.868350 -0.119895
vn -0.525858 0.850449 -0.014449
vn 0.159439 0.450563 0.878392
vn 0.267635 0.473233 0.839298
vn 0.176383 0.467159 0.866401
vn 0.069679 0.435814 0.897336
vn 0.387043 0.528329 0.755689
vn 0.364114 0.555283 0.747717
vn 0.263712 0.660112 0.703355
vn 0.024937 0.500713 0.865254
vn -0.050788 0.443082 0.895041
vn 0.478785 0.592869 0.647512
vn 0.498747 0.649104 0.574382
vn 0.516485 0.652864 0.554086
vn 0.534543 0.698076 0.476398
vn 0.521150 0.764703 0.378988
vn 0.470047 0.750972 0.463786
vn -0.251087 0.568719 0.783271
vn -0.200120 0.663058 0.721323
vn -0.138187 0.747709 0.649489
vn -0.200804 0.656263 0.727321
vn 0.009272 0.846435 0.532412
vn -0.029046 0.864934 0.501044
vn -0.062993 0.878970 0.472698
vn -0.141790 0.809180 0.570196
vn -0.052363 0.767908 0.638416
vn 0.248987 0.916974 0.311712
vn 0.150303 0.908239 0.390526
vn 0.346400 0.907032 0.239376
vn 0.258934 0.914448 0.311027
vn 0.135731 0.869818 0.474335
vn 0.051740 0.916016 0.397790
vn -0.142849 0.585653 0.797875
vn -0.187854 0.491897 0.850146
vn 0.095449 0.794614 0.599564
vn 0.356821 0.868351 0.344450
vn 0.448183 0.850449 0.275443
vn -0.680989 0.450564 0.577275
vn -0.593036 0.473232 0.651429
vn -0.662134 0.467159 0.585953
vn -0.742276 0.435813 0.509011
vn -0.460924 0.528329 0.713034
vn -0.465484 0.555285 0.689190
vn -0.477266 0.660113 0.580059
vn -0.736863 0.500714 0.454223
vn -0.800523 0.443081 0.403537
vn -0.321368 0.592871 0.738395
vn -0.248053 0.649106 0.719118
vn -0.221611 0.652863 0.724333
vn -0.145298 0.698076 0.701126
vn -0.067635 0.764705 0.640822
vn -0.166626 0.750973 0.638965
vn -0.803876 0.568720 0.174186
vn -0.724744 0.663057 0.187354
vn -0.631568 0.747709 0.205070
vn -0.730280 0.656264 0.189758
vn -0.456445 0.846434 0.274239
vn -0.448439 0.864934 0.225369
vn -0.440865 0.878970 0.181797
vn -0.564702 0.809177 0.162308
vn -0.579066 0.767912 0.273851
vn -0.145457 0.916973 0.371486
vn -0.263055 0.908238 0.325432
vn -0.034105 0.907034 0.419674
vn -0.139895 0.914445 0.379761
vn -0.342929 0.869811 0.354723
vn -0.318623 0.916018 0.243703
vn -0.762405 0.585654 0.275225
vn -0.830175 0.491897 0.262385
vn -0.471514 0.794613 0.382446
vn -0.119893 0.868351 0.481241
vn -0.014448 0.850452 0.525855
vn -0.133399 0.409194 -0.902644
vn -0.239954 0.440526 -0.865077
vn -0.149285 0.427429 -0.891638
vn -0.044726 0.387996 -0.920575
vn -0.355669 0.507366 -0.784907
vn -0.331140 0.533291 -0.778426
vn -0.224506 0.634188 -0.739867
vn 0.003915 0.451776 -0.892123
vn 0.075965 0.388084 -0.918488
vn -0.443157 0.583329 -0.680690
vn -0.459557 0.644698 -0.610878
vn -0.476999 0.650660 -0.590858
vn -0.492158 0.701184 -0.515870
vn -0.474594 0.772261 -0.422343
vn -0.424560 0.750709 -0.506146
vn 0.283679 0.507475 -0.813631
vn 0.238619 0.608059 -0.757182
vn 0.182042 0.700214 -0.690334
vn 0.238875 0.600914 -0.762785
vn 0.041028 0.814113 -0.579256
vn 0.080446 0.831999 -0.548914
vn 0.115230 0.845530 -0.521346
vn 0.189498 0.765719 -0.614626
vn 0.097612 0.726164 -0.680557
vn -0.193604 0.911341 -0.363282
vn -0.095767 0.892225 -0.441320
vn -0.291317 0.911399 -0.290666
vn -0.203685 0.909462 -0.362479
vn -0.083685 0.848321 -0.522827
vn 0.003072 0.893607 -0.448839
vn 0.176647 0.530073 -0.829348
vn 0.215809 0.430973 -0.876178
vn -0.048236 0.763900 -0.643530
vn -0.304238 0.867561 -0.393417
vn -0.396398 0.859134 -0.323662
vn -0.301114 0.450566 0.840428
vn -0.187873 0.473233 0.860671
vn -0.280448 0.467159 0.838517
vn -0.388323 0.435813 0.811956
vn -0.042657 0.528329 0.847967
vn -0.058526 0.555283 0.829600
vn -0.123296 0.660111 0.740980
vn -0.411029 0.500714 0.761801
vn -0.491503 0.443081 0.749736
vn 0.090885 0.592871 0.800152
vn 0.144738 0.649104 0.746803
vn 0.170239 0.652866 0.738096
vn 0.224730 0.698076 0.679843
vn 0.261840 0.764702 0.588787
vn 0.175180 0.750971 0.636675
vn -0.609082 0.568721 0.552789
vn -0.533970 0.663059 0.524623
vn -0.444417 0.747709 0.493381
vn -0.537558 0.656267 0.529476
vn -0.258176 0.846435 0.465718
vn -0.275678 0.864935 0.419392
vn -0.290907 0.878971 0.377866
vn -0.407896 0.809176 0.422912
vn -0.364543 0.767913 0.526705
vn 0.059775 0.916974 0.394443
vn -0.065094 0.908239 0.413359
vn 0.180305 0.907034 0.380498
vn 0.068731 0.914446 0.398829
vn -0.119620 0.869813 0.478661
vn -0.154086 0.916021 0.370355
vn -0.522648 0.585656 0.619554
vn -0.587759 0.491898 0.642320
vn -0.217122 0.794615 0.566961
vn 0.136789 0.868352 0.476711
vn 0.250420 0.850451 0.462627
s off
g Flower_pot PottedFlowers:Flower
usemtl initialShadingGroup
f 2801/4626/7295 2802/4627/7296 2810/4628/7297 2809/4629/7298
f 2802/4627/7299 2803/4632/7300 2811/4633/7301 2810/4628/7302
f 2803/4632/7303 2804/4641/7304 2812/4642/7305 2811/4633/7306
f 2804/4641/7307 2805/4649/7308 2813/4650/7309 2812/4642/7310
f 2805/4649/7311 2806/4651/7312 2814/4652/7313 2813/4650/7314
f 2806/4651/7315 2807/4644/7316 2815/4645/7317 2814/4652/7318
f 2807/4644/7319 2808/4636/7320 2816/4637/7321 2815/4645/7322
f 2808/4636/7323 2801/4626/7324 2809/4629/7325 2816/4637/7326
f 2809/4629/7327 2810/4628/7328 2818/4634/7329 2817/4635/7330
f 2810/4628/7331 2811/4633/7332 2819/4643/7333 2818/4634/7334
f 2811/4278/7335 2812/4279/7336 2820/4275/7337 2819/4274/7338
f 2812/4279/7339 2813/4284/7340 2821/4280/7341 2820/4275/7342
f 2813/4650/7343 2814/4652/7344 2822/4657/7345 2821/4659/7346
f 2814/4652/7347 2815/4645/7348 2823/4656/7349 2822/4657/7350
f 2815/4293/7351 2816/4294/7352 2824/4290/7353 2823/4289/7354
f 2816/4294/7355 2809/4299/7356 2817/4295/7357 2824/4290/7358
f 2817/4992/7359 2818/4993/7360 2826/4994/7361 2825/4995/7362
f 2818/4993/7363 2819/4996/7364 2827/4997/7365 2826/4994/7366
f 2819/4274/7367 2820/4275/7368 2828/4276/7369 2827/4277/7370
f 2820/4275/7371 2821/4280/7372 2829/4281/7373 2828/4276/7374
f 2821/5001/7375 2822/5002/7376 2830/5003/7377 2829/5004/7378
f 2822/5002/7379 2823/5005/7380 2831/5006/7381 2830/5003/7382
f 2823/4289/7383 2824/4290/7384 2832/4291/7385 2831/4292/7386
f 2824/4290/7387 2817/4295/7388 2825/4296/7389 2832/4291/7390
f 2825/4995/7391 2826/4994/7392 2834/4998/7393 2833/4999/7394
f 2826/4994/7395 2827/4997/7396 2835/5000/7397 2834/4998/7398
f 2827/4277/7399 2828/4276/7400 2836/4282/7401 2835/4283/7402
f 2828/4276/7403 2829/4281/7404 2837/4285/7405 2836/4282/7406
f 2829/5004/7407 2830/5003/7408 2838/5007/7409 2837/5008/7410
f 2830/5003/7411 2831/5006/7412 2839/5009/7413 2838/5007/7414
f 2831/4292/7415 2832/4291/7416 2840/4297/7417 2839/4298/7418
f 2832/4291/7419 2825/4296/7420 2833/4300/7421 2840/4297/7422
f 2833/4670/7423 2834/4671/7424 2842/4667/7425 2841/4666/7426
f 2834/4671/7427 2835/4677/7428 2843/4672/7429 2842/4667/7430
f 2835/4283/7431 2836/4282/7432 2844/4286/7433 2843/4287/7434
f 2836/4282/7435 2837/4285/7436 2845/4288/7437 2844/4286/7438
f 2837/4688/7439 2838/4686/7440 2846/4684/7441 2845/4682/7442
f 2838/4686/7443 2839/4687/7444 2847/4680/7445 2846/4684/7446
f 2839/4298/7447 2840/4297/7448 2848/4301/7449 2847/4302/7450
f 2840/4297/7451 2833/4300/7452 2841/4303/7453 2848/4301/7454
f 2841/4666/7455 2842/4667/7456 2850/4668/7457 2849/4669/7458
f 2842/4667/7459 2843/4672/7460 2851/4673/7461 2850/4668/7462
f 2843/4672/7463 2844/4678/7464 2852/4679/7465 2851/4673/7466
f 2844/4678/7467 2845/4682/7468 2853/4683/7469 2852/4679/7470
f 2845/4682/7471 2846/4684/7472 2854/4685/7473 2853/4683/7474
f 2846/4684/7475 2847/4680/7476 2855/4681/7477 2854/4685/7478
f 2847/4680/7479 2848/4675/7480 2856/4676/7481 2855/4681/7482
f 2848/4675/7483 2841/4666/7484 2849/4669/7485 2856/4676/7486
f 2849/4669/7487 2850/4668/7488 2857/4674/7489
f 2850/4668/7490 2851/4673/7491 2857/4674/7492
f 2851/4673/7493 2852/4679/7494 2857/4674/7495
f 2852/4679/7496 2853/4683/7497 2857/4674/7498
f 2853/4683/7499 2854/4685/7500 2857/4674/7501
f 2854/4685/7502 2855/4681/7503 2857/4674/7504
f 2855/4681/7505 2856/4676/7506 2857/4674/7507
f 2856/4676/7508 2849/4669/7509 2857/4674/7510
s 1
f 2858/5010/7511 2859/5011/7512 2867/5012/7513 2866/5013/7514
s 2
f 2859/5011/7515 2860/5014/7516 2868/5015/7517 2867/5012/7518
s 3
f 2860/4304/7519 2861/4305/7520 2869/4306/7521 2868/4307/7522
s 4
f 2861/4305/7523 2862/4308/7524 2870/4309/7525 2869/4306/7526
s 5
f 2862/5091/7527 2863/5092/7528 2871/5093/7529 2870/5094/7530
s 6
f 2863/5092/7531 2864/5095/7532 2872/5096/7533 2871/5093/7534
s 7
f 2864/4394/7535 2865/4395/7536 2873/4396/7537 2872/4397/7538
s 8
f 2865/4395/7539 2858/4398/7540 2866/4399/7541 2873/4396/7542
s 1
f 2866/5013/7514 2867/5012/7513 2875/5016/7543 2874/5017/7544
s 2
f 2867/5012/7518 2868/5015/7517 2876/5018/7545 2875/5016/7546
s 3
f 2868/4307/7522 2869/4306/7521 2877/4310/7547 2876/4311/7548
s 4
f 2869/4306/7526 2870/4309/7525 2878/4312/7549 2877/4310/7550
s 5
f 2870/5094/7530 2871/5093/7529 2879/5097/7551 2878/5098/7552
s 6
f 2871/5093/7534 2872/5096/7533 2880/5099/7553 2879/5097/7554
s 7
f 2872/4397/7538 2873/4396/7537 2881/4400/7555 2880/4401/7556
s 8
f 2873/4396/7542 2866/4399/7541 2874/4402/7557 2881/4400/7558
s 1
f 2874/5017/7544 2875/5016/7543 2883/5019/7559 2882/5020/7560
s 2
f 2875/5016/7546 2876/5018/7545 2884/5021/7561 2883/5019/7562
s 3
f 2876/4311/7548 2877/4310/7547 2885/4313/7563 2884/4314/7564
s 4
f 2877/4310/7550 2878/4312/7549 2886/4315/7565 2885/4313/7566
s 5
f 2878/5098/7552 2879/5097/7551 2887/5100/7567 2886/5101/7568
s 6
f 2879/5097/7554 2880/5099/7553 2888/5102/7569 2887/5100/7570
s 7
f 2880/4401/7556 2881/4400/7555 2889/4403/7571 2888/4404/7572
s 8
f 2881/4400/7558 2874/4402/7557 2882/4405/7573 2889/4403/7574
s 1
f 2882/5020/7560 2883/5019/7559 2891/5022/7575 2890/5023/7576
s 2
f 2883/5019/7562 2884/5021/7561 2892/5024/7577 2891/5022/7578
s 3
f 2884/4314/7564 2885/4313/7563 2893/4316/7579 2892/4317/7580
s 4
f 2885/4313/7566 2886/4315/7565 2894/4318/7581 2893/4316/7582
s 5
f 2886/5101/7568 2887/5100/7567 2895/5103/7583 2894/5104/7584
s 6
f 2887/5100/7570 2888/5102/7569 2896/5105/7585 2895/5103/7586
s 7
f 2888/4404/7572 2889/4403/7571 2897/4406/7587 2896/4407/7588
s 8
f 2889/4403/7574 2882/4405/7573 2890/4408/7589 2897/4406/7590
s 1
f 2890/5023/7576 2891/5022/7575 2899/5025/7591 2898/5026/7592
s 2
f 2891/5022/7578 2892/5024/7577 2900/5027/7593 2899/5025/7594
s 3
f 2892/4317/7580 2893/4316/7579 2901/4319/7595 2900/4320/7596
s 4
f 2893/4316/7582 2894/4318/7581 2902/4321/7597 2901/4319/7598
s 5
f 2894/5104/7584 2895/5103/7583 2903/5106/7599 2902/5107/7600
s 6
f 2895/5103/7586 2896/5105/7585 2904/5108/7601 2903/5106/7602
s 7
f 2896/4407/7588 2897/4406/7587 2905/4409/7603 2904/4410/7604
s 8
f 2897/4406/7590 2890/4408/7589 2898/4411/7605 2905/4409/7606
s 1
f 2898/5026/7592 2899/5025/7591 2907/5028/7607 2906/5029/7608
s 2
f 2899/5025/7594 2900/5027/7593 2908/5030/7609 2907/5028/7610
s 3
f 2900/4320/7596 2901/4319/7595 2909/4322/7611 2908/4323/7612
s 4
f 2901/4319/7598 2902/4321/7597 2910/4324/7613 2909/4322/7614
s 5
f 2902/5107/7600 2903/5106/7599 2911/5109/7615 2910/5110/7616
s 6
f 2903/5106/7602 2904/5108/7601 2912/5111/7617 2911/5109/7618
s 7
f 2904/4410/7604 2905/4409/7603 2913/4412/7619 2912/4413/7620
s 8
f 2905/4409/7606 2898/4411/7605 2906/4414/7621 2913/4412/7622
s 1
f 2906/5029/7608 2907/5028/7607 2915/5031/7623 2914/5032/7624
s 2
f 2907/5028/7610 2908/5030/7609 2916/5033/7625 2915/5031/7626
s 3
f 2908/4323/7612 2909/4322/7611 2917/4325/7627 2916/4326/7628
s 4
f 2909/4322/7614 2910/4324/7613 2918/4327/7629 2917/4325/7630
s 5
f 2910/5110/7616 2911/5109/7615 2919/5112/7631 2918/5113/7632
s 6
f 2911/5109/7618 2912/5111/7617 2920/5114/7633 2919/5112/7634
s 7
f 2912/4413/7620 2913/4412/7619 2921/4415/7635 2920/4416/7636
s 8
f 2913/4412/7622 2906/4414/7621 2914/4417/7637 2921/4415/7638
s 1
f 2914/5032/7624 2915/5031/7623 2923/5034/7639 2922/5035/7640
s 2
f 2915/5031/7626 2916/5033/7625 2924/5036/7641 2923/5034/7642
s 3
f 2916/4326/7628 2917/4325/7627 2925/4328/7643 2924/4329/7644
s 4
f 2917/4325/7630 2918/4327/7629 2926/4330/7645 2925/4328/7646
s 5
f 2918/5113/7632 2919/5112/7631 2927/5115/7647 2926/5116/7648
s 6
f 2919/5112/7634 2920/5114/7633 2928/5117/7649 2927/5115/7650
s 7
f 2920/4416/7636 2921/4415/7635 2929/4418/7651 2928/4419/7652
s 8
f 2921/4415/7638 2914/4417/7637 2922/4420/7653 2929/4418/7654
s 1
f 2922/5035/7640 2923/5034/7639 2931/5037/7655 2930/5038/7656
s 2
f 2923/5034/7642 2924/5036/7641 2932/5039/7657 2931/5037/7658
s 3
f 2924/4329/7644 2925/4328/7643 2933/4331/7659 2932/4332/7660
s 4
f 2925/4328/7646 2926/4330/7645 2934/4333/7661 2933/4331/7662
s 5
f 2926/5116/7648 2927/5115/7647 2935/5118/7663 2934/5119/7664
s 6
f 2927/5115/7650 2928/5117/7649 2936/5120/7665 2935/5118/7666
s 7
f 2928/4419/7652 2929/4418/7651 2937/4421/7667 2936/4422/7668
s 8
f 2929/4418/7654 2922/4420/7653 2930/4423/7669 2937/4421/7670
s 1
f 2930/5038/7656 2931/5037/7655 2939/5040/7671 2938/5041/7672
s 2
f 2931/5037/7658 2932/5039/7657 2940/5042/7673 2939/5040/7674
s 3
f 2932/4332/7660 2933/4331/7659 2941/4334/7675 2940/4335/7676
s 4
f 2933/4331/7662 2934/4333/7661 2942/4336/7677 2941/4334/7678
s 5
f 2934/5119/7664 2935/5118/7663 2943/5121/7679 2942/5122/7680
s 6
f 2935/5118/7666 2936/5120/7665 2944/5123/7681 2943/5121/7682
s 7
f 2936/4422/7668 2937/4421/7667 2945/4424/7683 2944/4425/7684
s 8
f 2937/4421/7670 2930/4423/7669 2938/4426/7685 2945/4424/7686
s 1
f 2938/5041/7672 2939/5040/7671 2947/5043/7687 2946/5044/7688
s 2
f 2939/5040/7674 2940/5042/7673 2948/5045/7689 2947/5043/7690
s 3
f 2940/4335/7676 2941/4334/7675 2949/4337/7691 2948/4338/7692
s 4
f 2941/4334/7678 2942/4336/7677 2950/4339/7693 2949/4337/7694
s 5
f 2942/5122/7680 2943/5121/7679 2951/5124/7695 2950/5125/7696
s 6
f 2943/5121/7682 2944/5123/7681 2952/5126/7697 2951/5124/7698
s 7
f 2944/4425/7684 2945/4424/7683 2953/4427/7699 2952/4428/7700
s 8
f 2945/4424/7686 2938/4426/7685 2946/4429/7701 2953/4427/7702
s 1
f 2946/5044/7688 2947/5043/7687 2955/5046/7703 2954/5047/7704
s 2
f 2947/5043/7690 2948/5045/7689 2956/5048/7705 2955/5046/7706
s 3
f 2948/4338/7692 2949/4337/7691 2957/4340/7707 2956/4341/7708
s 4
f 2949/4337/7694 2950/4339/7693 2958/4342/7709 2957/4340/7710
s 5
f 2950/5125/7696 2951/5124/7695 2959/5127/7711 2958/5128/7712
s 6
f 2951/5124/7698 2952/5126/7697 2960/5129/7713 2959/5127/7714
s 7
f 2952/4428/7700 2953/4427/7699 2961/4430/7715 2960/4431/7716
s 8
f 2953/4427/7702 2946/4429/7701 2954/4432/7717 2961/4430/7718
s 1
f 2954/5047/7704 2955/5046/7703 2963/5049/7719 2962/5050/7720
s 2
f 2955/5046/7706 2956/5048/7705 2964/5051/7721 2963/5049/7722
s 3
f 2956/4341/7708 2957/4340/7707 2965/4343/7723 2964/4344/7724
s 4
f 2957/4340/7710 2958/4342/7709 2966/4345/7725 2965/4343/7726
s 5
f 2958/5128/7712 2959/5127/7711 2967/5130/7727 2966/5131/7728
s 6
f 2959/5127/7714 2960/5129/7713 2968/5132/7729 2967/5130/7730
s 7
f 2960/4431/7716 2961/4430/7715 2969/4433/7731 2968/4434/7732
s 8
f 2961/4430/7718 2954/4432/7717 2962/4435/7733 2969/4433/7734
s 1
f 2962/5050/7720 2963/5049/7719 2971/5052/7735 2970/5053/7736
s 2
f 2963/5049/7722 2964/5051/7721 2972/5054/7737 2971/5052/7738
s 3
f 2964/4344/7724 2965/4343/7723 2973/4346/7739 2972/4347/7740
s 4
f 2965/4343/7726 2966/4345/7725 2974/4348/7741 2973/4346/7742
s 5
f 2966/5131/7728 2967/5130/7727 2975/5133/7743 2974/5134/7744
s 6
f 2967/5130/7730 2968/5132/7729 2976/5135/7745 2975/5133/7746
s 7
f 2968/4434/7732 2969/4433/7731 2977/4436/7747 2976/4437/7748
s 8
f 2969/4433/7734 2962/4435/7733 2970/4438/7749 2977/4436/7750
s 1
f 2970/5053/7736 2971/5052/7735 2979/5055/7751 2978/5056/7752
s 2
f 2971/5052/7738 2972/5054/7737 2980/5057/7753 2979/5055/7754
s 3
f 2972/4347/7740 2973/4346/7739 2981/4349/7755 2980/4350/7756
s 4
f 2973/4346/7742 2974/4348/7741 2982/4351/7757 2981/4349/7758
s 5
f 2974/5134/7744 2975/5133/7743 2983/5136/7759 2982/5137/7760
s 6
f 2975/5133/7746 2976/5135/7745 2984/5138/7761 2983/5136/7762
s 7
f 2976/4437/7748 2977/4436/7747 2985/4439/7763 2984/4440/7764
s 8
f 2977/4436/7750 2970/4438/7749 2978/4441/7765 2985/4439/7766
s 1
f 2978/5056/7752 2979/5055/7751 2987/5058/7767 2986/5059/7768
s 2
f 2979/5055/7754 2980/5057/7753 2988/5060/7769 2987/5058/7770
s 3
f 2980/4350/7756 2981/4349/7755 2989/4352/7771 2988/4353/7772
s 4
f 2981/4349/7758 2982/4351/7757 2990/4354/7773 2989/4352/7774
s 5
f 2982/5137/7760 2983/5136/7759 2991/5139/7775 2990/5140/7776
s 6
f 2983/5136/7762 2984/5138/7761 2992/5141/7777 2991/5139/7778
s 7
f 2984/4440/7764 2985/4439/7763 2993/4442/7779 2992/4443/7780
s 8
f 2985/4439/7766 2978/4441/7765 2986/4444/7781 2993/4442/7782
s 1
f 2986/5059/7768 2987/5058/7767 2995/5061/7783 2994/5062/7784
s 2
f 2987/5058/7770 2988/5060/7769 2996/5063/7785 2995/5061/7786
s 3
f 2988/4353/7772 2989/4352/7771 2997/4355/7787 2996/4356/7788
s 4
f 2989/4352/7774 2990/4354/7773 2998/4357/7789 2997/4355/7790
s 5
f 2990/5140/7776 2991/5139/7775 2999/5142/7791 2998/5143/7792
s 6
f 2991/5139/7778 2992/5141/7777 3000/5144/7793 2999/5142/7794
s 7
f 2992/4443/7780 2993/4442/7779 3001/4445/7795 3000/4446/7796
s 8
f 2993/4442/7782 2986/4444/7781 2994/4447/7797 3001/4445/7798
s 1
f 2994/5062/7784 2995/5061/7783 3003/5064/7799 3002/5065/7800
s 2
f 2995/5061/7786 2996/5063/7785 3004/5066/7801 3003/5064/7802
s 3
f 2996/4356/7788 2997/4355/7787 3005/4358/7803 3004/4359/7804
s 4
f 2997/4355/7790 2998/4357/7789 3006/4360/7805 3005/4358/7806
s 5
f 2998/5143/7792 2999/5142/7791 3007/5145/7807 3006/5146/7808
s 6
f 2999/5142/7794 3000/5144/7793 3008/5147/7809 3007/5145/7810
s 7
f 3000/4446/7796 3001/4445/7795 3009/4448/7811 3008/4449/7812
s 8
f 3001/4445/7798 2994/4447/7797 3002/4450/7813 3009/4448/7814
s 1
f 3002/5065/7800 3003/5064/7799 3011/5067/7815 3010/5068/7816
s 2
f 3003/5064/7802 3004/5066/7801 3012/5069/7817 3011/5067/7818
s 3
f 3004/4359/7804 3005/4358/7803 3013/4361/7819 3012/4362/7820
s 4
f 3005/4358/7806 3006/4360/7805 3014/4363/7821 3013/4361/7822
s 5
f 3006/5146/7808 3007/5145/7807 3015/5148/7823 3014/5149/7824
s 6
f 3007/5145/7810 3008/5147/7809 3016/5150/7825 3015/5148/7826
s 7
f 3008/4449/7812 3009/4448/7811 3017/4451/7827 3016/4452/7828
s 8
f 3009/4448/7814 3002/4450/7813 3010/4453/7829 3017/4451/7830
s 1
f 3010/5068/7816 3011/5067/7815 3019/5070/7831 3018/5071/7832
s 2
f 3011/5067/7818 3012/5069/7817 3020/5072/7833 3019/5070/7834
s 3
f 3012/4362/7820 3013/4361/7819 3021/4364/7835 3020/4365/7836
s 4
f 3013/4361/7822 3014/4363/7821 3022/4366/7837 3021/4364/7838
s 5
f 3014/5149/7824 3015/5148/7823 3023/5151/7839 3022/5152/7840
s 6
f 3015/5148/7826 3016/5150/7825 3024/5153/7841 3023/5151/7842
s 7
f 3016/4452/7828 3017/4451/7827 3025/4454/7843 3024/4455/7844
s 8
f 3017/4451/7830 3010/4453/7829 3018/4456/7845 3025/4454/7846
s 1
f 3018/5071/7832 3019/5070/7831 3027/5073/7847 3026/5074/7848
s 2
f 3019/5070/7834 3020/5072/7833 3028/5075/7849 3027/5073/7850
s 3
f 3020/4365/7836 3021/4364/7835 3029/4367/7851 3028/4368/7852
s 4
f 3021/4364/7838 3022/4366/7837 3030/4369/7853 3029/4367/7854
s 5
f 3022/5152/7840 3023/5151/7839 3031/5154/7855 3030/5155/7856
s 6
f 3023/5151/7842 3024/5153/7841 3032/5156/7857 3031/5154/7858
s 7
f 3024/4455/7844 3025/4454/7843 3033/4457/7859 3032/4458/7860
s 8
f 3025/4454/7846 3018/4456/7845 3026/4459/7861 3033/4457/7862
s 1
f 3026/5074/7848 3027/5073/7847 3035/5076/7863 3034/5077/7864
s 2
f 3027/5073/7850 3028/5075/7849 3036/5078/7865 3035/5076/7866
s 3
f 3028/4368/7852 3029/4367/7851 3037/4370/7867 3036/4371/7868
s 4
f 3029/4367/7854 3030/4369/7853 3038/4372/7869 3037/4370/7870
s 5
f 3030/5155/7856 3031/5154/7855 3039/5157/7871 3038/5158/7872
s 6
f 3031/5154/7858 3032/5156/7857 3040/5159/7873 3039/5157/7874
s 7
f 3032/4458/7860 3033/4457/7859 3041/4460/7875 3040/4461/7876
s 8
f 3033/4457/7862 3026/4459/7861 3034/4462/7877 3041/4460/7878
s 1
f 3034/5077/7864 3035/5076/7863 3043/5079/7879 3042/5080/7880
s 2
f 3035/5076/7866 3036/5078/7865 3044/5081/7881 3043/5079/7882
s 3
f 3036/4371/7868 3037/4370/7867 3045/4373/7883 3044/4374/7884
s 4
f 3037/4370/7870 3038/4372/7869 3046/4375/7885 3045/4373/7886
s 5
f 3038/5158/7872 3039/5157/7871 3047/5160/7887 3046/5161/7888
s 6
f 3039/5157/7874 3040/5159/7873 3048/5162/7889 3047/5160/7890
s 7
f 3040/4461/7876 3041/4460/7875 3049/4463/7891 3048/4464/7892
s 8
f 3041/4460/7878 3034/4462/7877 3042/4465/7893 3049/4463/7894
s 1
f 3042/5080/7880 3043/5079/7879 3051/5082/7895 3050/5083/7896
s 2
f 3043/5079/7882 3044/5081/7881 3052/5084/7897 3051/5082/7898
s 3
f 3044/4374/7884 3045/4373/7883 3053/4376/7899 3052/4377/7900
s 4
f 3045/4373/7886 3046/4375/7885 3054/4378/7901 3053/4376/7902
s 5
f 3046/5161/7888 3047/5160/7887 3055/5163/7903 3054/5164/7904
s 6
f 3047/5160/7890 3048/5162/7889 3056/5165/7905 3055/5163/7906
s 7
f 3048/4464/7892 3049/4463/7891 3057/4466/7907 3056/4467/7908
s 8
f 3049/4463/7894 3042/4465/7893 3050/4468/7909 3057/4466/7910
s 9
f 2859/4689/7911 2858/4690/7912 3058/4691/7913
f 2860/4693/7914 2859/4689/7911 3058/4691/7913
f 2861/4695/7915 2860/4693/7914 3058/4691/7913
f 2862/4697/7916 2861/4695/7915 3058/4691/7913
f 2863/4696/7917 2862/4697/7916 3058/4691/7913
f 2864/4694/7918 2863/4696/7917 3058/4691/7913
f 2865/4692/7919 2864/4694/7918 3058/4691/7913
f 2858/4690/7912 2865/4692/7919 3058/4691/7913
s 10
f 3083/5085/7920 3084/5086/7921 3050/5083/7922 3051/5082/7923
s 11
f 3084/4471/7924 3085/4469/7925 3057/4466/7926 3050/4468/7927
s 12
f 3085/4469/7928 3086/4470/7929 3056/4467/7930 3057/4466/7931
s 13
f 3086/5168/7932 3087/5166/7933 3055/5163/7934 3056/5165/7935
s 14
f 3087/5166/7936 3088/5167/7937 3054/5164/7938 3055/5163/7939
s 15
f 3088/4381/7940 3089/4379/7941 3053/4376/7942 3054/4378/7943
s 16
f 3089/4379/7944 3090/4380/7945 3052/4377/7946 3053/4376/7947
s 17
f 3090/5087/7948 3083/5085/7949 3051/5082/7950 3052/5084/7951
s 10
f 2802/4627/7952 2801/4626/7953 3060/4630/7954 3059/4631/7955
s 11
f 2801/4483/7956 2808/4481/7957 3061/4478/7958 3060/4480/7959
s 12
f 2808/4481/7960 2807/4482/7961 3062/4479/7962 3061/4478/7963
s 13
f 2807/4644/7964 2806/4651/7965 3063/4654/7966 3062/4655/7967
s 14
f 2806/4651/7968 2805/4649/7969 3064/4658/7970 3063/4654/7971
s 15
f 2805/4393/7972 2804/4391/7973 3065/4388/7974 3064/4390/7975
s 16
f 2804/4391/7976 2803/4392/7977 3066/4389/7978 3065/4388/7979
s 17
f 2803/4632/7980 2802/4627/7981 3059/4631/7982 3066/4640/7983
s 10
f 3059/4631/7955 3060/4630/7954 3068/4638/7984 3067/4639/7985
s 11
f 3060/4480/7959 3061/4478/7958 3069/4475/7986 3068/4477/7987
s 12
f 3061/4478/7963 3062/4479/7962 3070/4476/7988 3069/4475/7989
s 13
f 3062/4655/7967 3063/4654/7966 3071/4660/7990 3070/4661/7991
s 14
f 3063/4654/7971 3064/4658/7970 3072/4662/7992 3071/4660/7993
s 15
f 3064/4390/7975 3065/4388/7974 3073/4385/7994 3072/4387/7995
s 16
f 3065/4388/7979 3066/4389/7978 3074/4386/7996 3073/4385/7997
s 17
f 3066/4640/7983 3059/4631/7982 3067/4639/7998 3074/4648/7999
s 10
f 3067/4639/7985 3068/4638/7984 3076/4646/8000 3075/4647/8001
s 11
f 3068/4477/7987 3069/4475/7986 3077/4472/8002 3076/4474/8003
s 12
f 3069/4475/7989 3070/4476/7988 3078/4473/8004 3077/4472/8005
s 13
f 3070/4661/7991 3071/4660/7990 3079/4663/8006 3078/4664/8007
s 14
f 3071/4660/7993 3072/4662/7992 3080/4665/8008 3079/4663/8009
s 15
f 3072/4387/7995 3073/4385/7994 3081/4382/8010 3080/4384/8011
s 16
f 3073/4385/7997 3074/4386/7996 3082/4383/8012 3081/4382/8013
s 17
f 3074/4648/7999 3067/4639/7998 3075/4647/8014 3082/4653/8015
s 10
f 3075/5088/8001 3076/5089/8000 3084/5086/7921 3083/5085/7920
s 11
f 3076/4474/8003 3077/4472/8002 3085/4469/7925 3084/4471/7924
s 12
f 3077/4472/8005 3078/4473/8004 3086/4470/7929 3085/4469/7928
s 13
f 3078/5171/8007 3079/5169/8006 3087/5166/7933 3086/5168/7932
s 14
f 3079/5169/8009 3080/5170/8008 3088/5167/7937 3087/5166/7936
s 15
f 3080/4384/8011 3081/4382/8010 3089/4379/7941 3088/4381/7940
s 16
f 3081/4382/8013 3082/4383/8012 3090/4380/7945 3089/4379/7944
s 17
f 3082/5090/8015 3075/5088/8014 3083/5085/7949 3090/5087/7948
s 26
f 3091/5172/8016 3109/5173/8017 3120/5174/8018 3112/5175/8019
f 3109/5173/8017 3092/5176/8020 3110/5177/8021 3120/5174/8018
f 3120/5174/8018 3110/5177/8021 3095/5180/8022 3111/5178/8023
f 3112/5175/8019 3120/5174/8018 3111/5178/8023 3094/5179/8024
f 3092/4724/8020 3113/4725/8025 3121/4722/8026 3110/4721/8021
f 3113/4725/8025 3093/4727/8027 3114/4726/8028 3121/4722/8026
f 3121/4722/8026 3114/4726/8028 3096/4723/8029 3115/4719/8030
f 3110/4721/8021 3121/4722/8026 3115/4719/8030 3095/4715/8022
f 3100/4711/8031 3116/4702/8032 3122/4698/8033 3119/4706/8034
f 3116/4702/8032 3101/4703/8035 3117/4699/8036 3122/4698/8033
f 3122/4698/8033 3117/4699/8036 3098/4700/8037 3118/4701/8038
f 3119/4706/8034 3122/4698/8033 3118/4701/8038 3097/4707/8039
f 3101/4703/8035 3103/4710/8040 3123/4704/8041 3117/4699/8036
f 3103/4710/8040 3102/4718/8042 3104/4712/8043 3123/4704/8041
f 3123/4704/8041 3104/4712/8043 3099/4713/8044 3105/4705/8045
f 3117/4699/8036 3123/4704/8041 3105/4705/8045 3098/4700/8037
f 3094/5179/8024 3111/5178/8023 3124/5181/8046 3107/5182/8047
f 3111/4714/8023 3095/4715/8022 3106/4709/8048 3124/4708/8046
f 3124/4708/8046 3106/4709/8048 3101/4703/8035 3116/4702/8032
f 3107/4717/8047 3124/4708/8046 3116/4702/8032 3100/4711/8031
f 3095/4715/8022 3115/4719/8030 3125/4716/8049 3106/4709/8048
f 3115/4719/8030 3096/4723/8029 3108/4720/8050 3125/4716/8049
f 3125/4716/8049 3108/4720/8050 3102/4718/8042 3103/4710/8040
f 3106/4709/8048 3125/4716/8049 3103/4710/8040 3101/4703/8035
s 28
f 3126/4484/8051 3144/4485/8052 3155/4486/8053 3147/4487/8054
f 3144/4485/8052 3127/4488/8055 3145/4489/8056 3155/4486/8053
f 3155/4486/8053 3145/4489/8056 3130/4494/8057 3146/4490/8058
f 3147/4487/8054 3155/4486/8053 3146/4490/8058 3129/4491/8059
f 3127/4488/8055 3148/4492/8060 3156/4493/8061 3145/4489/8056
f 3148/4746/8060 3128/4747/8062 3149/4745/8063 3156/4743/8061
f 3156/4743/8061 3149/4745/8063 3131/4744/8064 3150/4739/8065
f 3145/4742/8056 3156/4743/8061 3150/4739/8065 3130/4738/8057
f 3135/4499/8066 3151/4498/8067 3157/4501/8068 3154/4502/8069
f 3151/4498/8067 3136/4500/8070 3152/4503/8071 3157/4501/8068
f 3157/4501/8068 3152/4503/8071 3133/4506/8072 3153/4504/8073
f 3154/4502/8069 3157/4501/8068 3153/4504/8073 3132/4505/8074
f 3136/4728/8070 3138/4729/8075 3158/4730/8076 3152/4731/8071
f 3138/4729/8075 3137/4734/8077 3139/4735/8078 3158/4730/8076
f 3158/4730/8076 3139/4735/8078 3134/4741/8079 3140/4736/8080
f 3152/4731/8071 3158/4730/8076 3140/4736/8080 3133/4737/8072
f 3129/4491/8059 3146/4490/8058 3159/4495/8081 3142/4496/8082
f 3146/4490/8058 3130/4494/8057 3141/4497/8083 3159/4495/8081
f 3159/4495/8081 3141/4497/8083 3136/4500/8070 3151/4498/8067
f 3142/4496/8082 3159/4495/8081 3151/4498/8067 3135/4499/8066
f 3130/4738/8057 3150/4739/8065 3160/4733/8084 3141/4732/8083
f 3150/4739/8065 3131/4744/8064 3143/4740/8085 3160/4733/8084
f 3160/4733/8084 3143/4740/8085 3137/4734/8077 3138/4729/8075
f 3141/4732/8083 3160/4733/8084 3138/4729/8075 3136/4728/8070
s 30
f 3161/5183/8086 3179/5184/8087 3190/5185/8088 3182/5186/8089
f 3179/4774/8087 3162/4775/8090 3180/4769/8091 3190/4768/8088
f 3190/4768/8088 3180/4769/8091 3165/4761/8092 3181/4760/8093
f 3182/5186/8089 3190/5185/8088 3181/5187/8093 3164/5188/8094
f 3162/4775/8090 3183/4778/8095 3191/4776/8096 3180/4769/8091
f 3183/4778/8095 3163/4780/8097 3184/4779/8098 3191/4776/8096
f 3191/4776/8096 3184/4779/8098 3166/4777/8099 3185/4770/8100
f 3180/4769/8091 3191/4776/8096 3185/4770/8100 3165/4761/8092
f 3170/4758/8101 3186/4748/8102 3192/4751/8103 3189/4759/8104
f 3186/4748/8102 3171/4749/8105 3187/4750/8106 3192/4751/8103
f 3192/4751/8103 3187/4750/8106 3168/4756/8107 3188/4757/8108
f 3189/4759/8104 3192/4751/8103 3188/4757/8108 3167/4767/8109
f 3171/4749/8105 3173/4754/8110 3193/4755/8111 3187/4750/8106
f 3173/4754/8110 3172/4764/8112 3174/4765/8113 3193/4755/8111
f 3193/4755/8111 3174/4765/8113 3169/4773/8114 3175/4766/8115
f 3187/4750/8106 3193/4755/8111 3175/4766/8115 3168/4756/8107
f 3164/4771/8094 3181/4760/8093 3194/4752/8116 3177/4763/8117
f 3181/4760/8093 3165/4761/8092 3176/4753/8118 3194/4752/8116
f 3194/4752/8116 3176/4753/8118 3171/4749/8105 3186/4748/8102
f 3177/4763/8117 3194/4752/8116 3186/4748/8102 3170/4758/8101
f 3165/4761/8092 3185/4770/8100 3195/4762/8119 3176/4753/8118
f 3185/4770/8100 3166/4777/8099 3178/4772/8120 3195/4762/8119
f 3195/4762/8119 3178/4772/8120 3172/4764/8112 3173/4754/8110
f 3176/4753/8118 3195/4762/8119 3173/4754/8110 3171/4749/8105
s 32
f 3196/4507/8121 3214/4508/8122 3225/4509/8123 3217/4510/8124
f 3214/4508/8122 3197/4511/8125 3215/4512/8126 3225/4509/8123
f 3225/4509/8123 3215/4512/8126 3200/4517/8127 3216/4513/8128
f 3217/4510/8124 3225/4509/8123 3216/4513/8128 3199/4514/8129
f 3197/4511/8125 3218/4515/8130 3226/4516/8131 3215/4512/8126
f 3218/4799/8130 3198/4800/8132 3219/4798/8133 3226/4796/8131
f 3226/4796/8131 3219/4798/8133 3201/4797/8134 3220/4792/8135
f 3215/4795/8126 3226/4796/8131 3220/4792/8135 3200/4791/8127
f 3205/4522/8136 3221/4521/8137 3227/4524/8138 3224/4525/8139
f 3221/4521/8137 3206/4523/8140 3222/4526/8141 3227/4524/8138
f 3227/4524/8138 3222/4526/8141 3203/4529/8142 3223/4527/8143
f 3224/4525/8139 3227/4524/8138 3223/4527/8143 3202/4528/8144
f 3206/4781/8140 3208/4782/8145 3228/4783/8146 3222/4784/8141
f 3208/4782/8145 3207/4787/8147 3209/4788/8148 3228/4783/8146
f 3228/4783/8146 3209/4788/8148 3204/4794/8149 3210/4789/8150
f 3222/4784/8141 3228/4783/8146 3210/4789/8150 3203/4790/8142
f 3199/4514/8129 3216/4513/8128 3229/4518/8151 3212/4519/8152
f 3216/4513/8128 3200/4517/8127 3211/4520/8153 3229/4518/8151
f 3229/4518/8151 3211/4520/8153 3206/4523/8140 3221/4521/8137
f 3212/4519/8152 3229/4518/8151 3221/4521/8137 3205/4522/8136
f 3200/4791/8127 3220/4792/8135 3230/4786/8154 3211/4785/8153
f 3220/4792/8135 3201/4797/8134 3213/4793/8155 3230/4786/8154
f 3230/4786/8154 3213/4793/8155 3207/4787/8147 3208/4782/8145
f 3211/4785/8153 3230/4786/8154 3208/4782/8145 3206/4781/8140
s 34
f 3231/5189/8156 3249/5190/8157 3260/5191/8158 3252/5192/8159
f 3249/5190/8157 3232/5193/8160 3250/5194/8161 3260/5191/8158
f 3260/5191/8158 3250/5194/8161 3235/5197/8162 3251/5195/8163
f 3252/5192/8159 3260/5191/8158 3251/5195/8163 3234/5196/8164
f 3232/4826/8160 3253/4827/8165 3261/4822/8166 3250/4821/8161
f 3253/4827/8165 3233/4829/8167 3254/4828/8168 3261/4822/8166
f 3261/4822/8166 3254/4828/8168 3236/4823/8169 3255/4814/8170
f 3250/4821/8161 3261/4822/8166 3255/4814/8170 3235/4813/8162
f 3240/4819/8171 3256/4811/8172 3262/4812/8173 3259/4820/8174
f 3256/4811/8172 3241/4801/8175 3257/4804/8176 3262/4812/8173
f 3262/4812/8173 3257/4804/8176 3238/4810/8177 3258/4818/8178
f 3259/4820/8174 3262/4812/8173 3258/4818/8178 3237/4825/8179
f 3241/4801/8175 3243/4802/8180 3263/4803/8181 3257/4804/8176
f 3243/4802/8180 3242/4807/8182 3244/4808/8183 3263/4803/8181
f 3263/4803/8181 3244/4808/8183 3239/4817/8184 3245/4809/8185
f 3257/4804/8176 3263/4803/8181 3245/4809/8185 3238/4810/8177
f 3234/5196/8164 3251/5195/8163 3264/5198/8186 3247/5199/8187
f 3251/4824/8163 3235/4813/8162 3246/4805/8188 3264/4816/8186
f 3264/4816/8186 3246/4805/8188 3241/4801/8175 3256/4811/8172
f 3247/5199/8187 3264/5198/8186 3256/5200/8172 3240/5201/8171
f 3235/4813/8162 3255/4814/8170 3265/4806/8189 3246/4805/8188
f 3255/4814/8170 3236/4823/8169 3248/4815/8190 3265/4806/8189
f 3265/4806/8189 3248/4815/8190 3242/4807/8182 3243/4802/8180
f 3246/4805/8188 3265/4806/8189 3243/4802/8180 3241/4801/8175
s 36
f 3266/4530/8191 3284/4531/8192 3295/4532/8193 3287/4533/8194
f 3284/4531/8192 3267/4534/8195 3285/4535/8196 3295/4532/8193
f 3295/4532/8193 3285/4535/8196 3270/4540/8197 3286/4536/8198
f 3287/4533/8194 3295/4532/8193 3286/4536/8198 3269/4537/8199
f 3267/4534/8195 3288/4538/8200 3296/4539/8201 3285/4535/8196
f 3288/4538/8200 3268/4543/8202 3289/4544/8203 3296/4539/8201
f 3296/4539/8201 3289/4544/8203 3271/4549/8204 3290/4545/8205
f 3285/4535/8196 3296/4539/8201 3290/4545/8205 3270/4540/8197
f 3275/4548/8206 3291/4547/8207 3297/4552/8208 3294/4553/8209
f 3291/4547/8207 3276/4551/8210 3292/4554/8211 3297/4552/8208
f 3297/4552/8208 3292/4554/8211 3273/4557/8212 3293/4555/8213
f 3294/4553/8209 3297/4552/8208 3293/4555/8213 3272/4556/8214
f 3276/4830/8210 3278/4831/8215 3298/4832/8216 3292/4833/8211
f 3278/4831/8215 3277/4836/8217 3279/4837/8218 3298/4832/8216
f 3298/4832/8216 3279/4837/8218 3274/4841/8219 3280/4838/8220
f 3292/4833/8211 3298/4832/8216 3280/4838/8220 3273/4839/8212
f 3269/4537/8199 3286/4536/8198 3299/4541/8221 3282/4542/8222
f 3286/4536/8198 3270/4540/8197 3281/4546/8223 3299/4541/8221
f 3299/4541/8221 3281/4546/8223 3276/4551/8210 3291/4547/8207
f 3282/4542/8222 3299/4541/8221 3291/4547/8207 3275/4548/8206
f 3270/4540/8197 3290/4545/8205 3300/4550/8224 3281/4546/8223
f 3290/4842/8205 3271/4843/8204 3283/4840/8225 3300/4835/8224
f 3300/4835/8224 3283/4840/8225 3277/4836/8217 3278/4831/8215
f 3281/4834/8223 3300/4835/8224 3278/4831/8215 3276/4830/8210
s 38
f 3301/4875/8226 3319/4870/8227 3330/4865/8228 3322/4876/8229
f 3319/4870/8227 3302/4871/8230 3320/4866/8231 3330/4865/8228
f 3330/4865/8228 3320/4866/8231 3305/4861/8232 3321/4860/8233
f 3322/5202/8229 3330/5203/8228 3321/5204/8233 3304/5205/8234
f 3302/4871/8230 3323/4874/8235 3331/4872/8236 3320/4866/8231
f 3323/4874/8235 3303/4878/8237 3324/4877/8238 3331/4872/8236
f 3331/4872/8236 3324/4877/8238 3306/4873/8239 3325/4867/8240
f 3320/4866/8231 3331/4872/8236 3325/4867/8240 3305/4861/8232
f 3310/4857/8241 3326/4848/8242 3332/4844/8243 3329/4852/8244
f 3326/4848/8242 3311/4849/8245 3327/4845/8246 3332/4844/8243
f 3332/4844/8243 3327/4845/8246 3308/4846/8247 3328/4847/8248
f 3329/4852/8244 3332/4844/8243 3328/4847/8248 3307/4853/8249
f 3311/4849/8245 3313/4856/8250 3333/4850/8251 3327/4845/8246
f 3313/4856/8250 3312/4864/8252 3314/4858/8253 3333/4850/8251
f 3333/4850/8251 3314/4858/8253 3309/4859/8254 3315/4851/8255
f 3327/4845/8246 3333/4850/8251 3315/4851/8255 3308/4846/8247
f 3304/4868/8234 3321/4860/8233 3334/4854/8256 3317/4863/8257
f 3321/4860/8233 3305/4861/8232 3316/4855/8258 3334/4854/8256
f 3334/4854/8256 3316/4855/8258 3311/4849/8245 3326/4848/8242
f 3317/4863/8257 3334/4854/8256 3326/4848/8242 3310/4857/8241
f 3305/4861/8232 3325/4867/8240 3335/4862/8259 3316/4855/8258
f 3325/4867/8240 3306/4873/8239 3318/4869/8260 3335/4862/8259
f 3335/4862/8259 3318/4869/8260 3312/4864/8252 3313/4856/8250
f 3316/4855/8258 3335/4862/8259 3313/4856/8250 3311/4849/8245
s 40
f 3336/4558/8261 3354/4559/8262 3365/4560/8263 3357/4561/8264
f 3354/4559/8262 3337/4562/8265 3355/4563/8266 3365/4560/8263
f 3365/4560/8263 3355/4563/8266 3340/4568/8267 3356/4564/8268
f 3357/4561/8264 3365/4560/8263 3356/4564/8268 3339/4565/8269
f 3337/4562/8265 3358/4566/8270 3366/4567/8271 3355/4563/8266
f 3358/4566/8270 3338/4571/8272 3359/4572/8273 3366/4567/8271
f 3366/4567/8271 3359/4572/8273 3341/4577/8274 3360/4573/8275
f 3355/4563/8266 3366/4567/8271 3360/4573/8275 3340/4568/8267
f 3345/4576/8276 3361/4575/8277 3367/4580/8278 3364/4581/8279
f 3361/4575/8277 3346/4579/8280 3362/4582/8281 3367/4580/8278
f 3367/4580/8278 3362/4582/8281 3343/4585/8282 3363/4583/8283
f 3364/4581/8279 3367/4580/8278 3363/4583/8283 3342/4584/8284
f 3346/4879/8280 3348/4880/8285 3368/4881/8286 3362/4882/8281
f 3348/4880/8285 3347/4885/8287 3349/4886/8288 3368/4881/8286
f 3368/4881/8286 3349/4886/8288 3344/4890/8289 3350/4887/8290
f 3362/4882/8281 3368/4881/8286 3350/4887/8290 3343/4888/8282
f 3339/4565/8269 3356/4564/8268 3369/4569/8291 3352/4570/8292
f 3356/4564/8268 3340/4568/8267 3351/4574/8293 3369/4569/8291
f 3369/4569/8291 3351/4574/8293 3346/4579/8280 3361/4575/8277
f 3352/4570/8292 3369/4569/8291 3361/4575/8277 3345/4576/8276
f 3340/4568/8267 3360/4573/8275 3370/4578/8294 3351/4574/8293
f 3360/4891/8275 3341/4892/8274 3353/4889/8295 3370/4884/8294
f 3370/4884/8294 3353/4889/8295 3347/4885/8287 3348/4880/8285
f 3351/4883/8293 3370/4884/8294 3348/4880/8285 3346/4879/8280
s 42
f 3371/4586/8296 3389/4587/8297 3400/4588/8298 3392/4589/8299
f 3389/4587/8297 3372/4590/8300 3390/4591/8301 3400/4588/8298
f 3400/4588/8298 3390/4591/8301 3375/4596/8302 3391/4592/8303
f 3392/4589/8299 3400/4588/8298 3391/4592/8303 3374/4593/8304
f 3372/4590/8300 3393/4594/8305 3401/4595/8306 3390/4591/8301
f 3393/4594/8305 3373/4599/8307 3394/4600/8308 3401/4595/8306
f 3401/4595/8306 3394/4600/8308 3376/4603/8309 3395/4601/8310
f 3390/4591/8301 3401/4595/8306 3395/4601/8310 3375/4596/8302
f 3380/4906/8311 3396/4897/8312 3402/4893/8313 3399/4901/8314
f 3396/4897/8312 3381/4898/8315 3397/4894/8316 3402/4893/8313
f 3402/4893/8313 3397/4894/8316 3378/4895/8317 3398/4896/8318
f 3399/4901/8314 3402/4893/8313 3398/4896/8318 3377/4902/8319
f 3381/4898/8315 3383/4905/8320 3403/4899/8321 3397/4894/8316
f 3383/4905/8320 3382/4911/8322 3384/4907/8323 3403/4899/8321
f 3403/4899/8321 3384/4907/8323 3379/4908/8324 3385/4900/8325
f 3397/4894/8316 3403/4899/8321 3385/4900/8325 3378/4895/8317
f 3374/4593/8304 3391/4592/8303 3404/4597/8326 3387/4598/8327
f 3391/4592/8303 3375/4596/8302 3386/4602/8328 3404/4597/8326
f 3404/4903/8326 3386/4904/8328 3381/4898/8315 3396/4897/8312
f 3387/4910/8327 3404/4903/8326 3396/4897/8312 3380/4906/8311
f 3375/4596/8302 3395/4601/8310 3405/4604/8329 3386/4602/8328
f 3395/4601/8310 3376/4603/8309 3388/4605/8330 3405/4604/8329
f 3405/4909/8329 3388/4912/8330 3382/4911/8322 3383/4905/8320
f 3386/4904/8328 3405/4909/8329 3383/4905/8320 3381/4898/8315
s 44
f 3406/5206/8331 3424/5207/8332 3435/5208/8333 3427/5209/8334
f 3424/5207/8332 3407/5210/8335 3425/5211/8336 3435/5208/8333
f 3435/5208/8333 3425/5211/8336 3410/5214/8337 3426/5212/8338
f 3427/5209/8334 3435/5208/8333 3426/5212/8338 3409/5213/8339
f 3407/4939/8335 3428/4940/8340 3436/4934/8341 3425/4933/8336
f 3428/4940/8340 3408/4942/8342 3429/4941/8343 3436/4934/8341
f 3436/4934/8341 3429/4941/8343 3411/4935/8344 3430/4926/8345
f 3425/4933/8336 3436/4934/8341 3430/4926/8345 3410/4925/8337
f 3415/4931/8346 3431/4923/8347 3437/4924/8348 3434/4932/8349
f 3431/4923/8347 3416/4913/8350 3432/4916/8351 3437/4924/8348
f 3437/4924/8348 3432/4916/8351 3413/4922/8352 3433/4930/8353
f 3434/4932/8349 3437/4924/8348 3433/4930/8353 3412/4938/8354
f 3416/4913/8350 3418/4914/8355 3438/4915/8356 3432/4916/8351
f 3418/4914/8355 3417/4919/8357 3419/4920/8358 3438/4915/8356
f 3438/4915/8356 3419/4920/8358 3414/4929/8359 3420/4921/8360
f 3432/4916/8351 3438/4915/8356 3420/4921/8360 3413/4922/8352
f 3409/5213/8339 3426/5212/8338 3439/5215/8361 3422/5216/8362
f 3426/4936/8338 3410/4925/8337 3421/4917/8363 3439/4928/8361
f 3439/4928/8361 3421/4917/8363 3416/4913/8350 3431/4923/8347
f 3422/4937/8362 3439/4928/8361 3431/4923/8347 3415/4931/8346
f 3410/4925/8337 3430/4926/8345 3440/4918/8364 3421/4917/8363
f 3430/4926/8345 3411/4935/8344 3423/4927/8365 3440/4918/8364
f 3440/4918/8364 3423/4927/8365 3417/4919/8357 3418/4914/8355
f 3421/4917/8363 3440/4918/8364 3418/4914/8355 3416/4913/8350
s 46
f 3441/4614/8366 3459/4606/8367 3470/4609/8368 3462/4615/8369
f 3459/4606/8367 3442/4607/8370 3460/4608/8371 3470/4609/8368
f 3470/4609/8368 3460/4608/8371 3445/4612/8372 3461/4613/8373
f 3462/4615/8369 3470/4609/8368 3461/4613/8373 3444/4621/8374
f 3442/4607/8370 3463/4610/8375 3471/4611/8376 3460/4608/8371
f 3463/4610/8375 3443/4616/8377 3464/4617/8378 3471/4611/8376
f 3471/4611/8376 3464/4617/8378 3446/4622/8379 3465/4618/8380
f 3460/4608/8371 3471/4611/8376 3465/4618/8380 3445/4612/8372
f 3450/4959/8381 3466/4953/8382 3472/4954/8383 3469/4960/8384
f 3466/4953/8382 3451/4943/8385 3467/4946/8386 3472/4954/8383
f 3472/4954/8383 3467/4946/8386 3448/4952/8387 3468/4958/8388
f 3469/4960/8384 3472/4954/8383 3468/4958/8388 3447/4961/8389
f 3451/4943/8385 3453/4944/8390 3473/4945/8391 3467/4946/8386
f 3453/4944/8390 3452/4949/8392 3454/4950/8393 3473/4945/8391
f 3473/4945/8391 3454/4950/8393 3449/4957/8394 3455/4951/8395
f 3467/4946/8386 3473/4945/8391 3455/4951/8395 3448/4952/8387
f 3444/4621/8374 3461/4613/8373 3474/4620/8396 3457/4624/8397
f 3461/4613/8373 3445/4612/8372 3456/4619/8398 3474/4620/8396
f 3474/4956/8396 3456/4947/8398 3451/4943/8385 3466/4953/8382
f 3457/5217/8397 3474/5218/8396 3466/5219/8382 3450/5220/8381
f 3445/4612/8372 3465/4618/8380 3475/4623/8399 3456/4619/8398
f 3465/4618/8380 3446/4622/8379 3458/4625/8400 3475/4623/8399
f 3475/4948/8399 3458/4955/8400 3452/4949/8392 3453/4944/8390
f 3456/4947/8398 3475/4948/8399 3453/4944/8390 3451/4943/8385
s 48
f 3476/5221/8401 3494/5222/8402 3505/5223/8403 3497/5224/8404
f 3494/5222/8402 3477/5225/8405 3495/5226/8406 3505/5223/8403
f 3505/5223/8403 3495/5226/8406 3480/5229/8407 3496/5227/8408
f 3497/5224/8404 3505/5223/8403 3496/5227/8408 3479/5228/8409
f 3477/4988/8405 3498/4989/8410 3506/4983/8411 3495/4982/8406
f 3498/4989/8410 3478/4991/8412 3499/4990/8413 3506/4983/8411
f 3506/4983/8411 3499/4990/8413 3481/4984/8414 3500/4975/8415
f 3495/4982/8406 3506/4983/8411 3500/4975/8415 3480/4974/8407
f 3485/4980/8416 3501/4972/8417 3507/4973/8418 3504/4981/8419
f 3501/4972/8417 3486/4962/8420 3502/4965/8421 3507/4973/8418
f 3507/4973/8418 3502/4965/8421 3483/4971/8422 3503/4979/8423
f 3504/4981/8419 3507/4973/8418 3503/4979/8423 3482/4987/8424
f 3486/4962/8420 3488/4963/8425 3508/4964/8426 3502/4965/8421
f 3488/4963/8425 3487/4968/8427 3489/4969/8428 3508/4964/8426
f 3508/4964/8426 3489/4969/8428 3484/4978/8429 3490/4970/8430
f 3502/4965/8421 3508/4964/8426 3490/4970/8430 3483/4971/8422
f 3479/5228/8409 3496/5227/8408 3509/5230/8431 3492/5231/8432
f 3496/4985/8408 3480/4974/8407 3491/4966/8433 3509/4977/8431
f 3509/4977/8431 3491/4966/8433 3486/4962/8420 3501/4972/8417
f 3492/4986/8432 3509/4977/8431 3501/4972/8417 3485/4980/8416
f 3480/4974/8407 3500/4975/8415 3510/4967/8434 3491/4966/8433
f 3500/4975/8415 3481/4984/8414 3493/4976/8435 3510/4967/8434
f 3510/4967/8434 3493/4976/8435 3487/4968/8427 3488/4963/8425
f 3491/4966/8433 3510/4967/8434 3488/4963/8425 3486/4962/8420
g default
v -6.354437 6.286652 -8.196771
v -6.397895 6.286652 -8.077614
v -6.402404 6.286652 -7.950859
v -6.367524 6.286652 -7.828914
v -6.296667 6.286652 -7.723716
v -6.196771 6.286652 -7.645563
v -6.077613 6.286652 -7.602105
v -5.950859 6.286652 -7.597596
v -5.828914 6.286652 -7.632476
v -5.723716 6.286652 -7.703333
v -5.645563 6.286652 -7.803229
v -5.602105 6.286652 -7.922387
v -5.597596 6.286652 -8.049141
v -5.632476 6.286652 -8.171086
v -5.703333 6.286652 -8.276284
v -5.803229 6.286652 -8.354436
v -5.922387 6.286652 -8.397895
v -6.049141 6.286652 -8.402404
v -6.171086 6.286652 -8.367524
v -6.276284 6.286652 -8.296667
v -6.179427 6.334708 -8.099612
v -6.201427 6.334708 -8.039290
v -6.203710 6.334708 -7.975123
v -6.186053 6.334708 -7.913391
v -6.150183 6.334708 -7.860136
v -6.099612 6.334708 -7.820573
v -6.039290 6.334708 -7.798573
v -5.975123 6.334708 -7.796290
v -5.913391 6.334708 -7.813948
v -5.860136 6.334708 -7.849817
v -5.820573 6.334708 -7.900388
v -5.798573 6.334708 -7.960710
v -5.796290 6.334708 -8.024877
v -5.813948 6.334708 -8.086609
v -5.849817 6.334708 -8.139864
v -5.900388 6.334708 -8.179427
v -5.960710 6.334708 -8.201427
v -6.024877 6.334708 -8.203710
v -6.086609 6.334708 -8.186052
v -6.139864 6.334708 -8.150183
v -6.000000 6.350860 -8.000000
vt 0.316510 0.926909
vt 0.324375 0.926909
vt 0.332240 0.926909
vt 0.340104 0.926909
vt 0.347969 0.926909
vt 0.355833 0.926909
vt 0.363698 0.926909
vt 0.371562 0.926909
vt 0.379427 0.926909
vt 0.387291 0.926909
vt 0.395156 0.926909
vt 0.403021 0.926909
vt 0.410885 0.926909
vt 0.418750 0.926909
vt 0.426614 0.926909
vt 0.434479 0.926909
vt 0.442343 0.926909
vt 0.450208 0.926909
vt 0.458072 0.926909
vt 0.465937 0.926909
vt 0.473802 0.926909
vt 0.316510 0.951054
vt 0.324375 0.951054
vt 0.332240 0.951054
vt 0.340104 0.951054
vt 0.347969 0.951054
vt 0.355833 0.951054
vt 0.363698 0.951054
vt 0.371562 0.951054
vt 0.379427 0.951054
vt 0.387291 0.951054
vt 0.395156 0.951054
vt 0.403021 0.951054
vt 0.410885 0.951054
vt 0.418750 0.951054
vt 0.426614 0.951054
vt 0.434479 0.951054
vt 0.442343 0.951054
vt 0.450208 0.951054
vt 0.458072 0.951054
vt 0.465937 0.951054
vt 0.473802 0.951054
vt 0.320443 0.975198
vt 0.328307 0.975198
vt 0.336172 0.975198
vt 0.344036 0.975198
vt 0.351901 0.975198
vt 0.359765 0.975198
vt 0.367630 0.975198
vt 0.375495 0.975198
vt 0.383359 0.975198
vt 0.391224 0.975198
vt 0.399088 0.975198
vt 0.406953 0.975198
vt 0.414817 0.975198
vt 0.422682 0.975198
vt 0.430546 0.975198
vt 0.438411 0.975198
vt 0.446276 0.975198
vt 0.454140 0.975198
vt 0.462005 0.975198
vt 0.469869 0.975198
vn -0.204101 0.972370 -0.113310
vn -0.229126 0.972370 -0.044694
vn -0.196655 0.979722 -0.038361
vn -0.175176 0.979722 -0.097251
vn -0.231723 0.972370 0.028297
vn -0.198883 0.979722 0.024287
vn -0.211637 0.972370 0.098519
vn -0.181644 0.979722 0.084557
vn -0.170835 0.972370 0.159097
vn -0.146624 0.979722 0.136550
vn -0.113310 0.972370 0.204101
vn -0.097252 0.979722 0.175176
vn -0.044693 0.972370 0.229125
vn -0.038359 0.979722 0.196653
vn 0.028298 0.972370 0.231723
vn 0.024288 0.979722 0.198883
vn 0.098519 0.972370 0.211637
vn 0.084557 0.979722 0.181644
vn 0.159097 0.972370 0.170834
vn 0.136550 0.979722 0.146623
vn 0.204101 0.972370 0.113309
vn 0.175176 0.979722 0.097251
vn 0.229126 0.972370 0.044694
vn 0.196655 0.979722 0.038361
vn 0.231723 0.972370 -0.028297
vn 0.198883 0.979722 -0.024287
vn 0.211637 0.972370 -0.098519
vn 0.181644 0.979722 -0.084557
vn 0.170835 0.972370 -0.159097
vn 0.146624 0.979722 -0.136550
vn 0.113310 0.972370 -0.204101
vn 0.097252 0.979722 -0.175176
vn 0.044693 0.972370 -0.229126
vn 0.038360 0.979722 -0.196654
vn -0.028298 0.972370 -0.231723
vn -0.024288 0.979722 -0.198883
vn -0.098519 0.972370 -0.211637
vn -0.084557 0.979722 -0.181644
vn -0.159097 0.972370 -0.170834
vn -0.136550 0.979722 -0.146623
vn 0.000000 1.000000 0.000000
s 1
g PottedFlowers:Pot Flower_pot PottedFlowers:Dirt
usemtl initialShadingGroup
f 3511/5232/8436 3512/5233/8437 3532/5254/8438 3531/5253/8439
f 3512/5233/8437 3513/5234/8440 3533/5255/8441 3532/5254/8438
f 3513/5234/8440 3514/5235/8442 3534/5256/8443 3533/5255/8441
f 3514/5235/8442 3515/5236/8444 3535/5257/8445 3534/5256/8443
f 3515/5236/8444 3516/5237/8446 3536/5258/8447 3535/5257/8445
f 3516/5237/8446 3517/5238/8448 3537/5259/8449 3536/5258/8447
f 3517/5238/8448 3518/5239/8450 3538/5260/8451 3537/5259/8449
f 3518/5239/8450 3519/5240/8452 3539/5261/8453 3538/5260/8451
f 3519/5240/8452 3520/5241/8454 3540/5262/8455 3539/5261/8453
f 3520/5241/8454 3521/5242/8456 3541/5263/8457 3540/5262/8455
f 3521/5242/8456 3522/5243/8458 3542/5264/8459 3541/5263/8457
f 3522/5243/8458 3523/5244/8460 3543/5265/8461 3542/5264/8459
f 3523/5244/8460 3524/5245/8462 3544/5266/8463 3543/5265/8461
f 3524/5245/8462 3525/5246/8464 3545/5267/8465 3544/5266/8463
f 3525/5246/8464 3526/5247/8466 3546/5268/8467 3545/5267/8465
f 3526/5247/8466 3527/5248/8468 3547/5269/8469 3546/5268/8467
f 3527/5248/8468 3528/5249/8470 3548/5270/8471 3547/5269/8469
f 3528/5249/8470 3529/5250/8472 3549/5271/8473 3548/5270/8471
f 3529/5250/8472 3530/5251/8474 3550/5272/8475 3549/5271/8473
f 3530/5251/8474 3511/5252/8436 3531/5273/8439 3550/5272/8475
f 3531/5253/8439 3532/5254/8438 3551/5274/8476
f 3532/5254/8438 3533/5255/8441 3551/5275/8476
f 3533/5255/8441 3534/5256/8443 3551/5276/8476
f 3534/5256/8443 3535/5257/8445 3551/5277/8476
f 3535/5257/8445 3536/5258/8447 3551/5278/8476
f 3536/5258/8447 3537/5259/8449 3551/5279/8476
f 3537/5259/8449 3538/5260/8451 3551/5280/8476
f 3538/5260/8451 3539/5261/8453 3551/5281/8476
f 3539/5261/8453 3540/5262/8455 3551/5282/8476
f 3540/5262/8455 3541/5263/8457 3551/5283/8476
f 3541/5263/8457 3542/5264/8459 3551/5284/8476
f 3542/5264/8459 3543/5265/8461 3551/5285/8476
f 3543/5265/8461 3544/5266/8463 3551/5286/8476
f 3544/5266/8463 3545/5267/8465 3551/5287/8476
f 3545/5267/8465 3546/5268/8467 3551/5288/8476
f 3546/5268/8467 3547/5269/8469 3551/5289/8476
f 3547/5269/8469 3548/5270/8471 3551/5290/8476
f 3548/5270/8471 3549/5271/8473 3551/5291/8476
f 3549/5271/8473 3550/5272/8475 3551/5292/8476
f 3550/5272/8475 3531/5273/8439 3551/5293/8476
g default
v -6.201027 7.798481 -7.812786
v -6.081661 6.368142 -7.923950
v -6.205596 6.392735 -7.808530
v -6.311516 7.758345 -7.709889
v -6.082368 6.994697 -7.923291
v -6.335734 6.972361 -7.687334
v -6.127634 7.419105 -7.881136
v -6.325211 7.387109 -7.697135
v -6.259484 7.451481 -7.808966
v -6.274109 7.898331 -7.744725
v -6.170031 7.688701 -7.841652
v -6.265059 7.767101 -7.766734
v -6.207455 7.748688 -7.816468
v -6.222210 7.870319 -7.793058
v -6.193781 7.446932 -7.856536
v -6.146714 7.559930 -7.863366
v -6.199418 7.603558 -7.836843
v -6.260955 7.614017 -7.787904
v -6.313117 7.644581 -7.708397
v -6.314647 7.838114 -7.706972
v -6.307981 7.717119 -7.722655
v -6.306477 7.426993 -7.751411
v -6.305424 7.577314 -7.737660
v -6.318214 7.520528 -7.703650
v -6.252184 6.998725 -7.866822
v -6.110124 7.273199 -7.897443
v -6.258500 7.290692 -7.830207
v -6.187072 7.289799 -7.877077
v -6.170956 7.000581 -7.912805
v -6.094628 7.129341 -7.911873
v -6.179208 7.139055 -7.896697
v -6.256509 7.138044 -7.850136
v -6.332290 7.246448 -7.690541
v -6.310136 7.274179 -7.763541
v -6.312661 6.988499 -7.785038
v -6.313374 7.125795 -7.774524
v -6.336767 7.105486 -7.686372
v -6.068817 6.663752 -7.935912
v -6.291460 6.649705 -7.728566
v -6.220335 6.667495 -7.883992
v -6.074255 6.874432 -7.930847
v -6.244507 6.876254 -7.878548
v -6.162966 6.878428 -7.923227
v -6.148396 6.668362 -7.925491
v -6.069954 6.765726 -7.934853
v -6.155422 6.769371 -7.927478
v -6.233710 6.767459 -7.884477
v -6.327063 6.853302 -7.695409
v -6.305228 6.867123 -7.795483
v -6.272084 6.660626 -7.812937
v -6.291355 6.759244 -7.805122
v -6.311723 6.746867 -7.709696
v -6.170116 6.389221 -7.850760
v -6.070335 6.564361 -7.934497
v -6.204925 6.572149 -7.876953
v -6.141921 6.571018 -7.917418
v -6.130202 6.381083 -7.887362
v -6.074555 6.466089 -7.930567
v -6.135899 6.475613 -7.904292
v -6.188008 6.479741 -7.865127
v -6.267539 6.558919 -7.750843
v -6.248422 6.567552 -7.818369
v -6.191329 6.392134 -7.827627
v -6.221229 6.478416 -7.822688
v -6.239299 6.473461 -7.777143
vt 0.234468 0.730562
vt 0.143542 0.728378
vt 0.145727 0.637452
vt 0.236653 0.639636
vt 0.189005 0.729470
vt 0.191190 0.638544
vt 0.211737 0.730016
vt 0.213921 0.639090
vt 0.212829 0.684553
vt 0.235561 0.685099
vt 0.226891 0.730380
vt 0.227983 0.684917
vt 0.227437 0.707649
vt 0.235015 0.707831
vt 0.212283 0.707285
vt 0.219314 0.730198
vt 0.219860 0.707467
vt 0.220406 0.684735
vt 0.229076 0.639454
vt 0.236107 0.662367
vt 0.228529 0.662185
vt 0.213375 0.661821
vt 0.220952 0.662003
vt 0.221498 0.639272
vt 0.190097 0.684007
vt 0.204160 0.729834
vt 0.205252 0.684371
vt 0.204706 0.707103
vt 0.189551 0.706738
vt 0.196583 0.729652
vt 0.197129 0.706921
vt 0.197675 0.684189
vt 0.206344 0.638908
vt 0.205798 0.661639
vt 0.190644 0.661275
vt 0.198221 0.661457
vt 0.198767 0.638726
vt 0.166274 0.728924
vt 0.168458 0.637998
vt 0.167366 0.683461
vt 0.181428 0.729288
vt 0.182520 0.683825
vt 0.181974 0.706557
vt 0.166820 0.706192
vt 0.173851 0.729106
vt 0.174397 0.706375
vt 0.174943 0.683643
vt 0.183612 0.638362
vt 0.183066 0.661093
vt 0.167912 0.660729
vt 0.175489 0.660911
vt 0.176035 0.638180
vt 0.144634 0.682915
vt 0.158697 0.728742
vt 0.159789 0.683279
vt 0.159243 0.706010
vt 0.144088 0.705646
vt 0.151119 0.728560
vt 0.151666 0.705828
vt 0.152212 0.683097
vt 0.160881 0.637816
vt 0.160335 0.660547
vt 0.145180 0.660183
vt 0.152758 0.660365
vt 0.153304 0.637634
vn -0.794773 -0.235413 -0.559389
vn -0.863701 -0.231562 -0.447661
vn -0.902653 -0.232901 -0.361905
vn -0.833671 -0.228063 -0.502971
vn -0.905781 0.002467 -0.423738
vn -0.971801 -0.023009 -0.234676
vn -0.967995 0.015379 -0.250496
vn -0.897888 0.037564 -0.438617
vn -0.865436 0.058225 -0.497625
vn -0.956357 0.039196 -0.289559
vn -0.952788 0.033377 -0.301795
vn -0.835686 0.055707 -0.546375
vn -0.471069 0.092559 -0.877227
vn -0.685876 0.081720 -0.723115
vn -0.688702 0.076323 -0.721016
vn -0.532411 0.088619 -0.841834
vn -0.587984 0.087461 -0.804130
vn -0.689569 0.069072 -0.720918
vn -0.688919 0.066183 -0.721810
vn -0.643428 0.076213 -0.761704
vn -0.418568 0.120589 -0.900144
vn -0.414220 0.092797 -0.905434
vn -0.358992 0.089153 -0.929073
vn -0.293606 0.093062 -0.951386
vn -0.954470 0.020238 -0.297620
vn -0.968393 -0.005820 -0.249360
vn -0.737165 0.054822 -0.673485
vn -0.790452 0.053243 -0.610205
vn -0.319644 0.072674 -0.944747
vn -0.671706 0.044789 -0.739463
vn -0.675729 0.071158 -0.733708
vn -0.358017 0.090855 -0.929284
vn -0.410115 0.095860 -0.906982
vn -0.680899 0.082034 -0.727768
vn -0.225890 0.096203 -0.969391
vn -0.164343 0.092490 -0.982057
vn -0.116958 0.077583 -0.990102
vn -0.962087 0.034675 -0.270530
vn -0.884971 0.054483 -0.462447
vn -0.888793 -0.160156 -0.429415
vn -0.952590 -0.178981 -0.246045
vn -0.964854 -0.131148 -0.227721
vn -0.902133 -0.105994 -0.418237
vn -0.327671 -0.060663 -0.942842
vn -0.662749 -0.114878 -0.739978
vn -0.664956 -0.053779 -0.744944
vn -0.298266 -0.007307 -0.954455
vn -0.298256 0.039209 -0.953680
vn -0.668286 0.001826 -0.743903
vn -0.090967 0.050131 -0.994591
vn -0.095791 0.012494 -0.995323
vn -0.144525 -0.030054 -0.989045
vn -0.971175 -0.075850 -0.225975
vn -0.907535 -0.048728 -0.417141
vn -0.569307 -0.148471 -0.808608
vn -0.681372 -0.218078 -0.698695
vn -0.675256 -0.204932 -0.708542
vn -0.502464 -0.141242 -0.852983
vn -0.394810 -0.109161 -0.912255
vn -0.665257 -0.168930 -0.727253
vn -0.249977 -0.068925 -0.965796
vn -0.415919 -0.093959 -0.904535
vn -0.509484 -0.100818 -0.854553
vn -0.933285 -0.214424 -0.288099
vn -0.867224 -0.203482 -0.454441
s 1
g PottedFlowers:Pot Flower_pot PottedFlowers:Dirt PottedFlowers:Leaf_3
usemtl initialShadingGroup
f 3614/5356/8477 3554/5296/8478 3616/5358/8479 3615/5357/8480
f 3586/5328/8481 3557/5299/8482 3588/5330/8483 3587/5329/8484
f 3573/5315/8485 3559/5301/8486 3575/5317/8487 3574/5316/8488
f 3566/5308/8489 3560/5302/8490 3569/5311/8491 3568/5310/8492
f 3564/5306/8493 3563/5305/8494 3561/5303/8495 3565/5307/8496
f 3552/5294/8497 3562/5304/8498 3564/5306/8493 3565/5307/8496
f 3567/5309/8499 3558/5300/8500 3566/5308/8489 3568/5310/8492
f 3562/5304/8498 3567/5309/8499 3568/5310/8492 3564/5306/8493
f 3569/5311/8491 3563/5305/8494 3564/5306/8493 3568/5310/8492
f 3570/5312/8501 3555/5297/8502 3571/5313/8503 3572/5314/8504
f 3571/5313/8503 3561/5303/8495 3563/5305/8494 3572/5314/8504
f 3560/5302/8490 3573/5315/8485 3574/5316/8488 3569/5311/8491
f 3574/5316/8488 3572/5314/8504 3563/5305/8494 3569/5311/8491
f 3575/5317/8487 3570/5312/8501 3572/5314/8504 3574/5316/8488
f 3580/5322/8505 3576/5318/8506 3583/5325/8507 3582/5324/8508
f 3579/5321/8509 3578/5320/8510 3560/5302/8490 3566/5308/8489
f 3558/5300/8500 3577/5319/8511 3579/5321/8509 3566/5308/8489
f 3581/5323/8512 3556/5298/8513 3580/5322/8505 3582/5324/8508
f 3577/5319/8511 3581/5323/8512 3582/5324/8508 3579/5321/8509
f 3583/5325/8507 3578/5320/8510 3579/5321/8509 3582/5324/8508
f 3584/5326/8514 3559/5301/8486 3573/5315/8485 3585/5327/8515
f 3573/5315/8485 3560/5302/8490 3578/5320/8510 3585/5327/8515
f 3576/5318/8506 3586/5328/8481 3587/5329/8484 3583/5325/8507
f 3587/5329/8484 3585/5327/8515 3578/5320/8510 3583/5325/8507
f 3588/5330/8483 3584/5326/8514 3585/5327/8515 3587/5329/8484
f 3601/5343/8516 3590/5332/8517 3603/5345/8518 3602/5344/8519
f 3595/5337/8520 3591/5333/8521 3598/5340/8522 3597/5339/8523
f 3594/5336/8524 3593/5335/8525 3576/5318/8506 3580/5322/8505
f 3556/5298/8513 3592/5334/8526 3594/5336/8524 3580/5322/8505
f 3596/5338/8527 3589/5331/8528 3595/5337/8520 3597/5339/8523
f 3592/5334/8526 3596/5338/8527 3597/5339/8523 3594/5336/8524
f 3598/5340/8522 3593/5335/8525 3594/5336/8524 3597/5339/8523
f 3599/5341/8529 3557/5299/8482 3586/5328/8481 3600/5342/8530
f 3586/5328/8481 3576/5318/8506 3593/5335/8525 3600/5342/8530
f 3591/5333/8521 3601/5343/8516 3602/5344/8519 3598/5340/8522
f 3602/5344/8519 3600/5342/8530 3593/5335/8525 3598/5340/8522
f 3603/5345/8518 3599/5341/8529 3600/5342/8530 3602/5344/8519
f 3608/5350/8531 3604/5346/8532 3611/5353/8533 3610/5352/8534
f 3607/5349/8535 3606/5348/8536 3591/5333/8521 3595/5337/8520
f 3589/5331/8528 3605/5347/8537 3607/5349/8535 3595/5337/8520
f 3609/5351/8538 3553/5295/8539 3608/5350/8531 3610/5352/8534
f 3605/5347/8537 3609/5351/8538 3610/5352/8534 3607/5349/8535
f 3611/5353/8533 3606/5348/8536 3607/5349/8535 3610/5352/8534
f 3612/5354/8540 3590/5332/8517 3601/5343/8516 3613/5355/8541
f 3601/5343/8516 3591/5333/8521 3606/5348/8536 3613/5355/8541
f 3604/5346/8532 3614/5356/8477 3615/5357/8480 3611/5353/8533
f 3615/5357/8480 3613/5355/8541 3606/5348/8536 3611/5353/8533
f 3616/5358/8479 3612/5354/8540 3613/5355/8541 3615/5357/8480
g default
v -5.617612 7.728453 -8.191250
v -5.769138 6.272500 -8.013562
v -5.848498 6.312311 -7.909577
v -5.830312 7.779638 -7.988705
v -5.589089 6.966579 -8.218936
v -5.930869 7.049781 -7.874416
v -5.587607 7.347585 -8.206399
v -5.902535 7.417517 -7.933435
v -5.742869 7.385919 -8.022036
v -5.720832 7.785326 -8.076858
v -5.604409 7.602050 -8.194870
v -5.728818 7.652275 -8.058288
v -5.662234 7.632423 -8.122240
v -5.665611 7.764811 -8.133074
v -5.658710 7.366294 -8.104918
v -5.594388 7.474861 -8.200183
v -5.659560 7.499487 -8.112707
v -5.735806 7.519171 -8.039565
v -5.859327 7.659490 -7.972895
v -5.775330 7.789387 -8.029511
v -5.793385 7.660482 -8.010266
v -5.822084 7.402476 -7.968394
v -5.808756 7.531580 -7.989387
v -5.883313 7.538792 -7.954178
v -5.770059 6.985054 -7.982889
v -5.584191 7.220707 -8.212595
v -5.750888 7.252453 -8.006778
v -5.660636 7.233053 -8.099072
v -5.673792 6.965813 -8.089846
v -5.584532 7.093888 -8.217308
v -5.665624 7.099631 -8.094389
v -5.759978 7.118811 -7.993811
v -5.917130 7.295632 -7.911788
v -5.833858 7.273023 -7.948694
v -5.852147 7.013326 -7.916973
v -5.843967 7.143272 -7.931266
v -5.926736 7.173077 -7.891335
v -5.640949 6.592165 -8.175638
v -5.908734 6.677858 -7.861572
v -5.803322 6.583450 -7.957899
v -5.598628 6.838822 -8.215376
v -5.780974 6.851232 -7.973694
v -5.685269 6.831674 -8.084227
v -5.718903 6.567832 -8.061751
v -5.615147 6.713018 -8.202490
v -5.700241 6.698491 -8.075577
v -5.792247 6.717364 -7.965597
v -5.929160 6.925788 -7.863123
v -5.858157 6.883280 -7.906504
v -5.863028 6.623245 -7.896696
v -5.861833 6.753224 -7.899818
v -5.921709 6.801607 -7.858558
v -5.831246 6.181502 -7.932182
v -5.677303 6.478633 -8.131981
v -5.813695 6.449500 -7.949973
v -5.741051 6.441211 -8.041382
v -5.788120 6.205260 -7.988690
v -5.721336 6.372320 -8.075895
v -5.764864 6.319936 -8.016194
v -5.823081 6.315515 -7.941486
v -5.890808 6.555047 -7.872460
v -5.861851 6.493638 -7.896617
v -5.857045 6.240367 -7.898378
v -5.859405 6.365557 -7.897853
v -5.869941 6.433221 -7.889292
vt 0.124795 0.613210
vt 0.046065 0.611319
vt 0.047956 0.532589
vt 0.126686 0.534480
vt 0.085430 0.612264
vt 0.087321 0.533534
vt 0.105112 0.612737
vt 0.107004 0.534007
vt 0.106058 0.573372
vt 0.125741 0.573845
vt 0.118234 0.613052
vt 0.119180 0.573687
vt 0.118707 0.593370
vt 0.125268 0.593527
vt 0.105585 0.593054
vt 0.111673 0.612895
vt 0.112146 0.593212
vt 0.112619 0.573529
vt 0.120125 0.534322
vt 0.126213 0.554162
vt 0.119653 0.554005
vt 0.106531 0.553689
vt 0.113092 0.553847
vt 0.113564 0.534165
vt 0.086375 0.572899
vt 0.098552 0.612579
vt 0.099497 0.573214
vt 0.099024 0.592897
vt 0.085903 0.592582
vt 0.091991 0.612422
vt 0.092463 0.592739
vt 0.092936 0.573057
vt 0.100443 0.533849
vt 0.099970 0.553532
vt 0.086848 0.553217
vt 0.093409 0.553374
vt 0.093882 0.533692
vt 0.065747 0.611791
vt 0.067639 0.533061
vt 0.066693 0.572426
vt 0.078869 0.612107
vt 0.079815 0.572742
vt 0.079342 0.592424
vt 0.066220 0.592109
vt 0.072308 0.611949
vt 0.072781 0.592266
vt 0.073254 0.572584
vt 0.080760 0.533377
vt 0.080287 0.553059
vt 0.067166 0.552744
vt 0.073727 0.552901
vt 0.074199 0.533219
vt 0.047010 0.571954
vt 0.059187 0.611634
vt 0.060132 0.572269
vt 0.059659 0.591951
vt 0.046538 0.591636
vt 0.052626 0.611476
vt 0.053098 0.591794
vt 0.053571 0.572111
vt 0.061078 0.532904
vt 0.060605 0.552586
vt 0.047483 0.552271
vt 0.054044 0.552429
vt 0.054517 0.532746
vn -0.782462 -0.003292 -0.622690
vn 0.781737 0.022911 0.623188
vn -0.647420 -0.005331 -0.762115
vn -0.754551 0.003973 -0.656230
vn -0.574868 -0.046662 -0.816915
vn -0.496449 -0.076542 -0.864684
vn -0.459657 -0.092656 -0.883250
vn -0.541885 -0.064506 -0.837973
vn -0.503852 -0.084527 -0.859644
vn -0.420757 -0.100081 -0.901636
vn -0.438583 -0.083555 -0.894798
vn -0.515767 -0.077732 -0.853196
vn -0.766493 -0.027296 -0.641672
vn -0.650105 -0.053455 -0.757962
vn -0.647773 -0.065080 -0.759049
vn -0.755967 -0.047815 -0.652861
vn -0.750559 -0.062007 -0.657887
vn -0.661351 -0.063210 -0.747408
vn -0.673091 -0.057988 -0.737283
vn -0.743561 -0.066208 -0.665382
vn -0.792253 -0.067662 -0.606430
vn -0.797548 -0.054980 -0.600745
vn -0.808769 -0.035277 -0.587067
vn -0.820401 -0.013423 -0.571631
vn -0.492258 -0.047957 -0.869127
vn -0.541861 -0.015866 -0.840318
vn -0.595495 -0.036814 -0.802515
vn -0.559281 -0.052007 -0.827345
vn -0.791707 0.030529 -0.610138
vn -0.697461 0.000796 -0.716622
vn -0.678814 -0.016381 -0.734127
vn -0.785229 0.014592 -0.619033
vn -0.776742 -0.005100 -0.629799
vn -0.661951 -0.035181 -0.748721
vn -0.828614 0.007915 -0.559764
vn -0.833173 0.026364 -0.552384
vn -0.834784 0.041092 -0.549041
vn -0.431204 -0.101798 -0.896494
vn -0.515597 -0.078314 -0.853245
vn -0.680663 -0.004461 -0.732583
vn -0.608865 -0.026371 -0.792836
vn -0.574150 -0.040824 -0.817732
vn -0.646010 -0.014588 -0.763190
vn -0.800215 0.042823 -0.598182
vn -0.750775 0.020911 -0.660227
vn -0.734033 0.020550 -0.678802
vn -0.799039 0.045402 -0.599563
vn -0.796236 0.041232 -0.603579
vn -0.716125 0.013813 -0.697835
vn -0.834244 0.051250 -0.549008
vn -0.832482 0.056262 -0.551188
vn -0.830239 0.056259 -0.554562
vn -0.535680 -0.057906 -0.842433
vn -0.610290 -0.028951 -0.791649
vn -0.792979 0.010309 -0.609161
vn -0.789517 0.005895 -0.613701
vn -0.782353 0.008862 -0.622772
vn -0.797318 0.023353 -0.603107
vn -0.799614 0.034835 -0.599503
vn -0.766510 0.016477 -0.642021
vn -0.827858 0.051924 -0.558529
vn -0.825907 0.045345 -0.561980
vn -0.832346 0.044346 -0.552479
vn -0.636638 -0.014636 -0.771024
vn -0.715202 0.000993 -0.698917
s 1
g PottedFlowers:Pot Flower_pot PottedFlowers:Dirt PottedFlowers:Leaf_1
usemtl initialShadingGroup
f 3679/5421/8542 3619/5361/8543 3681/5423/8544 3680/5422/8545
f 3651/5393/8546 3622/5364/8547 3653/5395/8548 3652/5394/8549
f 3638/5380/8550 3624/5366/8551 3640/5382/8552 3639/5381/8553
f 3631/5373/8554 3625/5367/8555 3634/5376/8556 3633/5375/8557
f 3629/5371/8558 3628/5370/8559 3626/5368/8560 3630/5372/8561
f 3617/5359/8562 3627/5369/8563 3629/5371/8558 3630/5372/8561
f 3632/5374/8564 3623/5365/8565 3631/5373/8554 3633/5375/8557
f 3627/5369/8563 3632/5374/8564 3633/5375/8557 3629/5371/8558
f 3634/5376/8556 3628/5370/8559 3629/5371/8558 3633/5375/8557
f 3635/5377/8566 3620/5362/8567 3636/5378/8568 3637/5379/8569
f 3636/5378/8568 3626/5368/8560 3628/5370/8559 3637/5379/8569
f 3625/5367/8555 3638/5380/8550 3639/5381/8553 3634/5376/8556
f 3639/5381/8553 3637/5379/8569 3628/5370/8559 3634/5376/8556
f 3640/5382/8552 3635/5377/8566 3637/5379/8569 3639/5381/8553
f 3645/5387/8570 3641/5383/8571 3648/5390/8572 3647/5389/8573
f 3644/5386/8574 3643/5385/8575 3625/5367/8555 3631/5373/8554
f 3623/5365/8565 3642/5384/8576 3644/5386/8574 3631/5373/8554
f 3646/5388/8577 3621/5363/8578 3645/5387/8570 3647/5389/8573
f 3642/5384/8576 3646/5388/8577 3647/5389/8573 3644/5386/8574
f 3648/5390/8572 3643/5385/8575 3644/5386/8574 3647/5389/8573
f 3649/5391/8579 3624/5366/8551 3638/5380/8550 3650/5392/8580
f 3638/5380/8550 3625/5367/8555 3643/5385/8575 3650/5392/8580
f 3641/5383/8571 3651/5393/8546 3652/5394/8549 3648/5390/8572
f 3652/5394/8549 3650/5392/8580 3643/5385/8575 3648/5390/8572
f 3653/5395/8548 3649/5391/8579 3650/5392/8580 3652/5394/8549
f 3666/5408/8581 3655/5397/8582 3668/5410/8583 3667/5409/8584
f 3660/5402/8585 3656/5398/8586 3663/5405/8587 3662/5404/8588
f 3659/5401/8589 3658/5400/8590 3641/5383/8571 3645/5387/8570
f 3621/5363/8578 3657/5399/8591 3659/5401/8589 3645/5387/8570
f 3661/5403/8592 3654/5396/8593 3660/5402/8585 3662/5404/8588
f 3657/5399/8591 3661/5403/8592 3662/5404/8588 3659/5401/8589
f 3663/5405/8587 3658/5400/8590 3659/5401/8589 3662/5404/8588
f 3664/5406/8594 3622/5364/8547 3651/5393/8546 3665/5407/8595
f 3651/5393/8546 3641/5383/8571 3658/5400/8590 3665/5407/8595
f 3656/5398/8586 3666/5408/8581 3667/5409/8584 3663/5405/8587
f 3667/5409/8584 3665/5407/8595 3658/5400/8590 3663/5405/8587
f 3668/5410/8583 3664/5406/8594 3665/5407/8595 3667/5409/8584
f 3673/5415/8596 3669/5411/8597 3676/5418/8598 3675/5417/8599
f 3672/5414/8600 3671/5413/8601 3656/5398/8586 3660/5402/8585
f 3654/5396/8593 3670/5412/8602 3672/5414/8600 3660/5402/8585
f 3674/5416/8603 3618/5360/8604 3673/5415/8596 3675/5417/8599
f 3670/5412/8602 3674/5416/8603 3675/5417/8599 3672/5414/8600
f 3676/5418/8598 3671/5413/8601 3672/5414/8600 3675/5417/8599
f 3677/5419/8605 3655/5397/8582 3666/5408/8581 3678/5420/8606
f 3666/5408/8581 3656/5398/8586 3671/5413/8601 3678/5420/8606
f 3669/5411/8597 3679/5421/8542 3680/5422/8545 3676/5418/8598
f 3680/5422/8545 3678/5420/8606 3671/5413/8601 3676/5418/8598
f 3681/5423/8544 3677/5419/8605 3678/5420/8606 3680/5422/8545
g default
v -6.200799 8.018505 -8.194397
v -6.167089 6.261125 -8.199695
v -6.256982 6.283875 -8.185568
v -6.408678 7.938883 -8.161730
v -6.043713 7.142343 -8.219082
v -6.404240 7.104592 -8.162427
v -6.098127 7.584734 -8.210531
v -6.418961 7.521636 -8.160114
v -6.254894 7.623853 -8.185896
v -6.324403 8.058315 -8.174973
v -6.164296 7.874333 -8.200133
v -6.300187 7.913643 -8.178778
v -6.225688 7.911659 -8.190486
v -6.255536 8.057325 -8.185795
v -6.170407 7.619632 -8.199173
v -6.129529 7.729952 -8.205596
v -6.196911 7.765865 -8.195008
v -6.276762 7.768877 -8.182459
v -6.413304 7.799795 -8.161002
v -6.384622 8.010834 -8.165510
v -6.371581 7.870880 -8.167559
v -6.346426 7.589021 -8.171513
v -6.358845 7.730263 -8.169560
v -6.417024 7.660740 -8.160418
v -6.207047 7.186453 -8.193415
v -6.071843 7.438219 -8.214662
v -6.235376 7.478440 -8.188963
v -6.147467 7.472729 -8.202778
v -6.118966 7.177244 -8.207256
v -6.052917 7.290625 -8.217636
v -6.129740 7.325218 -8.205563
v -6.219116 7.332632 -8.191518
v -6.418198 7.382452 -8.160233
v -6.334321 7.447198 -8.173414
v -6.310672 7.162206 -8.177131
v -6.322439 7.304891 -8.175281
v -6.413663 7.243362 -8.160946
v -6.078337 6.698049 -8.213641
v -6.344708 6.691698 -8.171782
v -6.197532 6.746505 -8.194910
v -6.045864 6.993798 -8.218744
v -6.199815 7.039947 -8.194551
v -6.116359 7.028972 -8.207666
v -6.131573 6.732679 -8.205276
v -6.058079 6.845514 -8.216824
v -6.121032 6.880682 -8.206932
v -6.196910 6.893249 -8.195008
v -6.389156 6.966336 -8.164797
v -6.298918 7.019243 -8.178977
v -6.275213 6.732793 -8.182703
v -6.287116 6.876083 -8.180832
v -6.369002 6.828686 -8.167965
v -6.212035 6.306623 -8.192631
v -6.104612 6.551771 -8.209513
v -6.200862 6.599836 -8.194387
v -6.146512 6.585159 -8.202928
v -6.182739 6.290424 -8.197235
v -6.134874 6.406315 -8.204757
v -6.164154 6.437864 -8.200155
v -6.206002 6.453227 -8.193579
v -6.317234 6.555382 -8.176099
v -6.263162 6.589416 -8.184597
v -6.238569 6.302082 -8.188461
v -6.250948 6.445880 -8.186516
v -6.287632 6.419528 -8.180751
vt 0.031348 0.638912
vt 0.117175 0.638912
vt 0.117175 0.724740
vt 0.031348 0.724740
vt 0.074262 0.638912
vt 0.074262 0.724740
vt 0.052805 0.638912
vt 0.052805 0.724740
vt 0.052805 0.681826
vt 0.031348 0.681826
vt 0.038500 0.638912
vt 0.038500 0.681826
vt 0.038500 0.660369
vt 0.031348 0.660369
vt 0.052805 0.660369
vt 0.045652 0.638912
vt 0.045652 0.660369
vt 0.045652 0.681826
vt 0.038500 0.724740
vt 0.031348 0.703283
vt 0.038500 0.703283
vt 0.052805 0.703283
vt 0.045652 0.703283
vt 0.045652 0.724740
vt 0.074262 0.681826
vt 0.059957 0.638912
vt 0.059957 0.681826
vt 0.059957 0.660369
vt 0.074262 0.660369
vt 0.067109 0.638912
vt 0.067109 0.660369
vt 0.067109 0.681826
vt 0.059957 0.724740
vt 0.059957 0.703283
vt 0.074262 0.703283
vt 0.067109 0.703283
vt 0.067109 0.724740
vt 0.095719 0.638912
vt 0.095719 0.724740
vt 0.095719 0.681826
vt 0.081414 0.638912
vt 0.081414 0.681826
vt 0.081414 0.660369
vt 0.095719 0.660369
vt 0.088566 0.638912
vt 0.088566 0.660369
vt 0.088566 0.681826
vt 0.081414 0.724740
vt 0.081414 0.703283
vt 0.095719 0.703283
vt 0.088566 0.703283
vt 0.088566 0.724740
vt 0.117175 0.681826
vt 0.102871 0.638912
vt 0.102871 0.681826
vt 0.102871 0.660369
vt 0.117175 0.660369
vt 0.110023 0.638912
vt 0.110023 0.660369
vt 0.110023 0.681826
vt 0.102871 0.724740
vt 0.102871 0.703283
vt 0.117175 0.703283
vt 0.110023 0.703283
vt 0.110023 0.724740
vn -0.155241 0.000000 -0.987877
vn -0.155243 0.000000 -0.987876
vn -0.155247 -0.000001 -0.987876
vn -0.155243 -0.000001 -0.987876
vn -0.155241 -0.000001 -0.987877
vn -0.155240 -0.000002 -0.987877
vn -0.155242 0.000000 -0.987876
vn -0.155240 0.000000 -0.987877
vn -0.155242 0.000001 -0.987877
vn -0.155244 -0.000001 -0.987876
vn -0.155248 0.000003 -0.987876
vn -0.155242 0.000002 -0.987877
vn -0.155240 0.000001 -0.987877
vn -0.155241 0.000000 -0.987877
vn -0.155243 0.000000 -0.987876
vn -0.155240 -0.000000 -0.987877
vn -0.155243 0.000000 -0.987876
vn -0.155242 -0.000000 -0.987876
vn -0.155240 0.000001 -0.987877
vn -0.155242 0.000002 -0.987876
vn -0.155246 -0.000000 -0.987876
vn -0.155237 -0.000000 -0.987877
vn -0.155232 0.000001 -0.987878
vn -0.155238 0.000003 -0.987877
vn -0.155240 0.000000 -0.987877
vn -0.155232 -0.000004 -0.987878
vn -0.155239 -0.000002 -0.987877
vn -0.155239 -0.000001 -0.987877
vn -0.155242 0.000001 -0.987876
vn -0.155240 0.000001 -0.987877
vn -0.155240 -0.000000 -0.987877
vn -0.155245 -0.000002 -0.987876
vn -0.155243 -0.000001 -0.987876
vn -0.155240 -0.000002 -0.987877
vn -0.155249 -0.000003 -0.987875
vn -0.155248 -0.000002 -0.987876
vn -0.155242 0.000001 -0.987877
vn -0.155242 -0.000001 -0.987876
vn -0.155240 -0.000001 -0.987877
vn -0.155240 0.000000 -0.987877
vn -0.155244 -0.000001 -0.987876
vn -0.155237 0.000001 -0.987877
vn -0.155240 0.000002 -0.987877
vn -0.155242 0.000001 -0.987876
vn -0.155244 0.000002 -0.987876
vn -0.155244 0.000001 -0.987876
vn -0.155242 0.000000 -0.987876
vn -0.155241 0.000001 -0.987877
vn -0.155243 -0.000000 -0.987876
vn -0.155238 0.000001 -0.987877
vn -0.155235 -0.000000 -0.987878
vn -0.155233 0.000001 -0.987878
vn -0.155237 0.000001 -0.987877
vn -0.155240 -0.000001 -0.987877
vn -0.155246 0.000003 -0.987876
vn -0.155244 0.000002 -0.987876
vn -0.155244 -0.000000 -0.987876
vn -0.155248 -0.000001 -0.987876
vn -0.155245 0.000000 -0.987876
vn -0.155244 -0.000000 -0.987876
vn -0.155239 -0.000001 -0.987877
vn -0.155244 0.000000 -0.987876
vn -0.155244 0.000003 -0.987876
vn -0.155251 -0.000002 -0.987875
vn -0.155242 -0.000001 -0.987876
s 1
g PottedFlowers:Pot Flower_pot PottedFlowers:Dirt PottedFlowers:Leaf_2
usemtl initialShadingGroup
f 3744/5486/8607 3684/5426/8608 3746/5488/8609 3745/5487/8610
f 3716/5458/8611 3687/5429/8612 3718/5460/8613 3717/5459/8614
f 3703/5445/8615 3689/5431/8616 3705/5447/8617 3704/5446/8618
f 3696/5438/8619 3690/5432/8620 3699/5441/8621 3698/5440/8622
f 3694/5436/8623 3693/5435/8624 3691/5433/8625 3695/5437/8626
f 3682/5424/8627 3692/5434/8628 3694/5436/8623 3695/5437/8626
f 3697/5439/8629 3688/5430/8630 3696/5438/8619 3698/5440/8622
f 3692/5434/8628 3697/5439/8629 3698/5440/8622 3694/5436/8623
f 3699/5441/8621 3693/5435/8624 3694/5436/8623 3698/5440/8622
f 3700/5442/8631 3685/5427/8632 3701/5443/8633 3702/5444/8634
f 3701/5443/8633 3691/5433/8625 3693/5435/8624 3702/5444/8634
f 3690/5432/8620 3703/5445/8615 3704/5446/8618 3699/5441/8621
f 3704/5446/8618 3702/5444/8634 3693/5435/8624 3699/5441/8621
f 3705/5447/8617 3700/5442/8631 3702/5444/8634 3704/5446/8618
f 3710/5452/8635 3706/5448/8636 3713/5455/8637 3712/5454/8638
f 3709/5451/8639 3708/5450/8640 3690/5432/8620 3696/5438/8619
f 3688/5430/8630 3707/5449/8641 3709/5451/8639 3696/5438/8619
f 3711/5453/8642 3686/5428/8643 3710/5452/8635 3712/5454/8638
f 3707/5449/8641 3711/5453/8642 3712/5454/8638 3709/5451/8639
f 3713/5455/8637 3708/5450/8640 3709/5451/8639 3712/5454/8638
f 3714/5456/8644 3689/5431/8616 3703/5445/8615 3715/5457/8645
f 3703/5445/8615 3690/5432/8620 3708/5450/8640 3715/5457/8645
f 3706/5448/8636 3716/5458/8611 3717/5459/8614 3713/5455/8637
f 3717/5459/8614 3715/5457/8645 3708/5450/8640 3713/5455/8637
f 3718/5460/8613 3714/5456/8644 3715/5457/8645 3717/5459/8614
f 3731/5473/8646 3720/5462/8647 3733/5475/8648 3732/5474/8649
f 3725/5467/8650 3721/5463/8651 3728/5470/8652 3727/5469/8653
f 3724/5466/8654 3723/5465/8655 3706/5448/8636 3710/5452/8635
f 3686/5428/8643 3722/5464/8656 3724/5466/8654 3710/5452/8635
f 3726/5468/8657 3719/5461/8658 3725/5467/8650 3727/5469/8653
f 3722/5464/8656 3726/5468/8657 3727/5469/8653 3724/5466/8654
f 3728/5470/8652 3723/5465/8655 3724/5466/8654 3727/5469/8653
f 3729/5471/8659 3687/5429/8612 3716/5458/8611 3730/5472/8660
f 3716/5458/8611 3706/5448/8636 3723/5465/8655 3730/5472/8660
f 3721/5463/8651 3731/5473/8646 3732/5474/8649 3728/5470/8652
f 3732/5474/8649 3730/5472/8660 3723/5465/8655 3728/5470/8652
f 3733/5475/8648 3729/5471/8659 3730/5472/8660 3732/5474/8649
f 3738/5480/8661 3734/5476/8662 3741/5483/8663 3740/5482/8664
f 3737/5479/8665 3736/5478/8666 3721/5463/8651 3725/5467/8650
f 3719/5461/8658 3735/5477/8667 3737/5479/8665 3725/5467/8650
f 3739/5481/8668 3683/5425/8669 3738/5480/8661 3740/5482/8664
f 3735/5477/8667 3739/5481/8668 3740/5482/8664 3737/5479/8665
f 3741/5483/8663 3736/5478/8666 3737/5479/8665 3740/5482/8664
f 3742/5484/8670 3720/5462/8647 3731/5473/8646 3743/5485/8671
f 3731/5473/8646 3721/5463/8651 3736/5478/8666 3743/5485/8671
f 3734/5476/8662 3744/5486/8607 3745/5487/8610 3741/5483/8663
f 3745/5487/8610 3743/5485/8671 3736/5478/8666 3741/5483/8663
f 3746/5488/8609 3742/5484/8670 3743/5485/8671 3745/5487/8610
g default
v -5.953578 7.483643 -8.299887
v -5.967610 6.341752 -8.267126
v -5.986933 6.365527 -8.188989
v -6.016199 7.507591 -8.134225
v -5.932405 6.894874 -8.374368
v -6.030098 6.933271 -8.098112
v -5.936305 7.189886 -8.341946
v -6.033088 7.221967 -8.111189
v -5.976387 7.206545 -8.201802
v -5.982023 7.519415 -8.208844
v -5.946208 7.386196 -8.313959
v -5.980380 7.415156 -8.206167
v -5.960796 7.404714 -8.258577
v -5.966204 7.507750 -8.254254
v -5.952044 7.197674 -8.268745
v -5.940479 7.288110 -8.328139
v -5.955888 7.301286 -8.263434
v -5.978275 7.310882 -8.203676
v -6.024404 7.412766 -8.126579
v -5.998617 7.518726 -8.169407
v -6.001346 7.417321 -8.163444
v -6.003035 7.214461 -8.151708
v -6.002648 7.315937 -8.157331
v -6.029951 7.317555 -8.118770
v -5.975403 6.893049 -8.201730
v -5.933608 7.091861 -8.354830
v -5.975263 7.102106 -8.200884
v -5.949714 7.094018 -8.274348
v -5.949492 6.885916 -8.284453
v -5.932327 6.993693 -8.365944
v -5.948900 6.990171 -8.279768
v -5.974958 6.997596 -8.200896
v -6.034052 7.126019 -8.104394
v -6.002936 7.112821 -8.147196
v -6.001611 6.909428 -8.143636
v -6.002455 7.011101 -8.144333
v -6.033004 7.029766 -8.099582
v -5.942025 6.600902 -8.363811
v -6.012092 6.644986 -8.122806
v -5.979255 6.579395 -8.207535
v -5.933852 6.795318 -8.378791
v -5.976479 6.788503 -8.203253
v -5.951361 6.781259 -8.287726
v -5.958110 6.574546 -8.285267
v -5.936946 6.696645 -8.376353
v -5.954307 6.677096 -8.288426
v -5.977880 6.683954 -8.205261
v -6.025492 6.836672 -8.101177
v -6.000407 6.807915 -8.145519
v -5.996594 6.605650 -8.157002
v -5.998767 6.706636 -8.150002
v -6.019411 6.740407 -8.109293
v -5.980652 6.265616 -8.214386
v -5.949248 6.509765 -8.339176
v -5.980287 6.474819 -8.209875
v -5.962494 6.474731 -8.277481
v -5.970924 6.287903 -8.253722
v -5.958032 6.423438 -8.305509
v -5.966954 6.378798 -8.266363
v -5.980800 6.370226 -8.212184
v -6.003840 6.550795 -8.141685
v -5.993859 6.505164 -8.166195
v -5.987716 6.308962 -8.185823
v -5.990799 6.405958 -8.176306
v -5.995237 6.457722 -8.164387
vt 0.237678 0.621091
vt 0.152300 0.619041
vt 0.154351 0.533662
vt 0.239729 0.535713
vt 0.194989 0.620066
vt 0.197040 0.534688
vt 0.216334 0.620579
vt 0.218385 0.535201
vt 0.217359 0.577890
vt 0.238704 0.578403
vt 0.230563 0.620921
vt 0.231589 0.578232
vt 0.231076 0.599576
vt 0.238191 0.599747
vt 0.216846 0.599234
vt 0.223448 0.620750
vt 0.223961 0.599405
vt 0.224474 0.578061
vt 0.232614 0.535542
vt 0.239216 0.557058
vt 0.232101 0.556887
vt 0.217872 0.556545
vt 0.224987 0.556716
vt 0.225499 0.535372
vt 0.196015 0.577377
vt 0.209219 0.620408
vt 0.210244 0.577719
vt 0.209732 0.599063
vt 0.195502 0.598722
vt 0.202104 0.620237
vt 0.202617 0.598892
vt 0.203129 0.577548
vt 0.211270 0.535030
vt 0.210757 0.556374
vt 0.196527 0.556033
vt 0.203642 0.556203
vt 0.204155 0.534859
vt 0.173645 0.619553
vt 0.175695 0.534175
vt 0.174670 0.576864
vt 0.187874 0.619895
vt 0.188900 0.577206
vt 0.188387 0.598551
vt 0.174157 0.598209
vt 0.180759 0.619724
vt 0.181272 0.598380
vt 0.181785 0.577035
vt 0.189925 0.534517
vt 0.189412 0.555862
vt 0.175183 0.555520
vt 0.182298 0.555691
vt 0.182810 0.534346
vt 0.153326 0.576352
vt 0.166530 0.619382
vt 0.167555 0.576693
vt 0.167042 0.598038
vt 0.152813 0.597696
vt 0.159415 0.619212
vt 0.159928 0.597867
vt 0.160440 0.576522
vt 0.168581 0.534004
vt 0.168068 0.555349
vt 0.153838 0.555007
vt 0.160953 0.555178
vt 0.161466 0.533833
vn -0.966895 -0.000545 -0.255176
vn 0.966403 0.011864 0.256759
vn -0.918374 0.011775 -0.395538
vn -0.957713 0.007006 -0.287639
vn -0.887062 -0.006304 -0.461608
vn -0.848705 -0.018659 -0.528537
vn -0.829892 -0.025786 -0.557328
vn -0.871652 -0.014455 -0.489912
vn -0.852917 -0.023859 -0.521500
vn -0.809957 -0.027323 -0.585852
vn -0.820345 -0.018114 -0.571582
vn -0.858818 -0.020565 -0.511868
vn -0.961428 -0.012754 -0.274760
vn -0.918559 -0.016905 -0.394922
vn -0.917390 -0.023605 -0.397289
vn -0.957597 -0.023713 -0.287132
vn -0.955503 -0.031570 -0.293286
vn -0.922864 -0.023676 -0.384397
vn -0.926800 -0.021110 -0.374962
vn -0.952207 -0.032839 -0.303684
vn -0.968869 -0.039326 -0.244431
vn -0.970746 -0.032247 -0.237934
vn -0.974376 -0.022041 -0.223844
vn -0.977960 -0.010706 -0.208516
vn -0.848705 -0.000191 -0.528866
vn -0.872261 0.014705 -0.488820
vn -0.895760 -0.001982 -0.444533
vn -0.879793 -0.008309 -0.475285
vn -0.970131 0.018139 -0.241901
vn -0.937843 0.010710 -0.346894
vn -0.930518 0.002403 -0.366239
vn -0.967971 0.009624 -0.250878
vn -0.965057 -0.000896 -0.262037
vn -0.923624 -0.007134 -0.383234
vn -0.980453 0.000655 -0.196752
vn -0.981853 0.010766 -0.189338
vn -0.982402 0.019084 -0.185803
vn -0.815037 -0.029303 -0.578668
vn -0.858842 -0.020891 -0.511815
vn -0.931534 0.009409 -0.363533
vn -0.901637 0.002704 -0.432484
vn -0.886014 -0.003052 -0.463649
vn -0.917815 0.006657 -0.396953
vn -0.972797 0.024159 -0.230396
vn -0.957074 0.017039 -0.289341
vn -0.951321 0.018587 -0.307640
vn -0.972468 0.025847 -0.231600
vn -0.971596 0.023799 -0.235446
vn -0.944875 0.016478 -0.327018
vn -0.982333 0.025035 -0.185457
vn -0.981902 0.028148 -0.187288
vn -0.981308 0.028387 -0.190341
vn -0.867969 -0.010297 -0.496512
vn -0.902803 0.001299 -0.430053
vn -0.970256 0.006178 -0.242003
vn -0.969288 0.004262 -0.245891
vn -0.967211 0.006484 -0.253890
vn -0.971702 0.013131 -0.235847
vn -0.972544 0.019558 -0.231896
vn -0.962241 0.012735 -0.271902
vn -0.980650 0.026176 -0.194010
vn -0.980083 0.022637 -0.197294
vn -0.981794 0.021269 -0.188753
vn -0.913714 0.007277 -0.406293
vn -0.944317 0.009229 -0.328908
s 1
g PottedFlowers:Pot Flower_pot PottedFlowers:Dirt PottedFlowers:Leaf_4
usemtl initialShadingGroup
f 3809/5551/8672 3749/5491/8673 3811/5553/8674 3810/5552/8675
f 3781/5523/8676 3752/5494/8677 3783/5525/8678 3782/5524/8679
f 3768/5510/8680 3754/5496/8681 3770/5512/8682 3769/5511/8683
f 3761/5503/8684 3755/5497/8685 3764/5506/8686 3763/5505/8687
f 3759/5501/8688 3758/5500/8689 3756/5498/8690 3760/5502/8691
f 3747/5489/8692 3757/5499/8693 3759/5501/8688 3760/5502/8691
f 3762/5504/8694 3753/5495/8695 3761/5503/8684 3763/5505/8687
f 3757/5499/8693 3762/5504/8694 3763/5505/8687 3759/5501/8688
f 3764/5506/8686 3758/5500/8689 3759/5501/8688 3763/5505/8687
f 3765/5507/8696 3750/5492/8697 3766/5508/8698 3767/5509/8699
f 3766/5508/8698 3756/5498/8690 3758/5500/8689 3767/5509/8699
f 3755/5497/8685 3768/5510/8680 3769/5511/8683 3764/5506/8686
f 3769/5511/8683 3767/5509/8699 3758/5500/8689 3764/5506/8686
f 3770/5512/8682 3765/5507/8696 3767/5509/8699 3769/5511/8683
f 3775/5517/8700 3771/5513/8701 3778/5520/8702 3777/5519/8703
f 3774/5516/8704 3773/5515/8705 3755/5497/8685 3761/5503/8684
f 3753/5495/8695 3772/5514/8706 3774/5516/8704 3761/5503/8684
f 3776/5518/8707 3751/5493/8708 3775/5517/8700 3777/5519/8703
f 3772/5514/8706 3776/5518/8707 3777/5519/8703 3774/5516/8704
f 3778/5520/8702 3773/5515/8705 3774/5516/8704 3777/5519/8703
f 3779/5521/8709 3754/5496/8681 3768/5510/8680 3780/5522/8710
f 3768/5510/8680 3755/5497/8685 3773/5515/8705 3780/5522/8710
f 3771/5513/8701 3781/5523/8676 3782/5524/8679 3778/5520/8702
f 3782/5524/8679 3780/5522/8710 3773/5515/8705 3778/5520/8702
f 3783/5525/8678 3779/5521/8709 3780/5522/8710 3782/5524/8679
f 3796/5538/8711 3785/5527/8712 3798/5540/8713 3797/5539/8714
f 3790/5532/8715 3786/5528/8716 3793/5535/8717 3792/5534/8718
f 3789/5531/8719 3788/5530/8720 3771/5513/8701 3775/5517/8700
f 3751/5493/8708 3787/5529/8721 3789/5531/8719 3775/5517/8700
f 3791/5533/8722 3784/5526/8723 3790/5532/8715 3792/5534/8718
f 3787/5529/8721 3791/5533/8722 3792/5534/8718 3789/5531/8719
f 3793/5535/8717 3788/5530/8720 3789/5531/8719 3792/5534/8718
f 3794/5536/8724 3752/5494/8677 3781/5523/8676 3795/5537/8725
f 3781/5523/8676 3771/5513/8701 3788/5530/8720 3795/5537/8725
f 3786/5528/8716 3796/5538/8711 3797/5539/8714 3793/5535/8717
f 3797/5539/8714 3795/5537/8725 3788/5530/8720 3793/5535/8717
f 3798/5540/8713 3794/5536/8724 3795/5537/8725 3797/5539/8714
f 3803/5545/8726 3799/5541/8727 3806/5548/8728 3805/5547/8729
f 3802/5544/8730 3801/5543/8731 3786/5528/8716 3790/5532/8715
f 3784/5526/8723 3800/5542/8732 3802/5544/8730 3790/5532/8715
f 3804/5546/8733 3748/5490/8734 3803/5545/8726 3805/5547/8729
f 3800/5542/8732 3804/5546/8733 3805/5547/8729 3802/5544/8730
f 3806/5548/8728 3801/5543/8731 3802/5544/8730 3805/5547/8729
f 3807/5549/8735 3785/5527/8712 3796/5538/8711 3808/5550/8736
f 3796/5538/8711 3786/5528/8716 3801/5543/8731 3808/5550/8736
f 3799/5541/8727 3809/5551/8672 3810/5552/8675 3806/5548/8728
f 3810/5552/8675 3808/5550/8736 3801/5543/8731 3806/5548/8728
f 3811/5553/8674 3807/5549/8735 3808/5550/8736 3810/5552/8675
